Index Name,Date,Open,High,Low,Close,index_name
NIFTY 50,30 Dec 2022,18259.1,18265.25,18080.3,18105.3,NIFTY 50
NIFTY 50,29 Dec 2022,18045.7,18229.7,17992.8,18191.0,NIFTY 50
NIFTY 50,28 Dec 2022,18084.75,18173.1,18068.35,18122.5,NIFTY 50
NIFTY 50,27 Dec 2022,18089.8,18149.25,17967.45,18132.3,NIFTY 50
NIFTY 50,26 Dec 2022,17830.4,18084.1,17774.25,18014.6,NIFTY 50
NIFTY 50,23 Dec 2022,17977.65,18050.45,17779.5,17806.8,NIFTY 50
NIFTY 50,22 Dec 2022,18288.8,18318.75,18068.6,18127.35,NIFTY 50
NIFTY 50,21 Dec 2022,18435.15,18473.35,18162.75,18199.1,NIFTY 50
NIFTY 50,20 Dec 2022,18340.3,18404.9,18202.65,18385.3,NIFTY 50
NIFTY 50,19 Dec 2022,18288.1,18431.65,18244.55,18420.45,NIFTY 50
NIFTY 50,16 Dec 2022,18319.1,18440.95,18255.15,18269.0,NIFTY 50
NIFTY 50,15 Dec 2022,18614.4,18652.9,18387.7,18414.9,NIFTY 50
NIFTY 50,14 Dec 2022,18671.25,18696.1,18632.9,18660.3,NIFTY 50
NIFTY 50,13 Dec 2022,18524.4,18617.25,18490.2,18608.0,NIFTY 50
NIFTY 50,12 Dec 2022,18402.15,18521.55,18345.7,18497.15,NIFTY 50
NIFTY 50,09 Dec 2022,18662.4,18664.7,18410.1,18496.6,NIFTY 50
NIFTY 50,08 Dec 2022,18570.85,18625.0,18536.95,18609.35,NIFTY 50
NIFTY 50,07 Dec 2022,18638.85,18668.3,18528.4,18560.5,NIFTY 50
NIFTY 50,06 Dec 2022,18600.65,18654.9,18577.9,18642.75,NIFTY 50
NIFTY 50,05 Dec 2022,18719.55,18728.6,18591.35,18701.05,NIFTY 50
NIFTY 50,02 Dec 2022,18752.4,18781.95,18639.2,18696.1,NIFTY 50
NIFTY 50,01 Dec 2022,18871.95,18887.6,18778.2,18812.5,NIFTY 50
NIFTY 50,30 Nov 2022,18625.7,18816.05,18616.55,18758.35,NIFTY 50
NIFTY 50,29 Nov 2022,18552.45,18678.1,18552.15,18618.05,NIFTY 50
NIFTY 50,28 Nov 2022,18430.55,18614.25,18365.6,18562.75,NIFTY 50
NIFTY 50,25 Nov 2022,18528.45,18534.9,18445.1,18512.75,NIFTY 50
NIFTY 50,24 Nov 2022,18326.1,18529.7,18294.25,18484.1,NIFTY 50
NIFTY 50,23 Nov 2022,18325.2,18325.4,18246.0,18267.25,NIFTY 50
NIFTY 50,22 Nov 2022,18179.15,18261.85,18137.7,18244.2,NIFTY 50
NIFTY 50,21 Nov 2022,18246.4,18262.3,18133.35,18159.95,NIFTY 50
NIFTY 50,18 Nov 2022,18382.95,18394.6,18209.8,18307.65,NIFTY 50
NIFTY 50,17 Nov 2022,18358.7,18417.6,18312.95,18343.9,NIFTY 50
NIFTY 50,16 Nov 2022,18398.25,18442.15,18344.15,18409.65,NIFTY 50
NIFTY 50,15 Nov 2022,18362.75,18427.95,18282.0,18403.4,NIFTY 50
NIFTY 50,14 Nov 2022,18376.4,18399.45,18311.4,18329.15,NIFTY 50
NIFTY 50,11 Nov 2022,18272.35,18362.3,18259.35,18349.7,NIFTY 50
NIFTY 50,10 Nov 2022,18044.35,18103.1,17969.4,18028.2,NIFTY 50
NIFTY 50,09 Nov 2022,18288.25,18296.4,18117.5,18157.0,NIFTY 50
NIFTY 50,07 Nov 2022,18211.75,18255.5,18064.75,18202.8,NIFTY 50
NIFTY 50,04 Nov 2022,18053.4,18135.1,18017.15,18117.15,NIFTY 50
NIFTY 50,03 Nov 2022,17968.35,18106.3,17959.2,18052.7,NIFTY 50
NIFTY 50,02 Nov 2022,18177.9,18178.75,18048.65,18082.85,NIFTY 50
NIFTY 50,01 Nov 2022,18130.7,18175.8,18060.15,18145.4,NIFTY 50
NIFTY 50,31 Oct 2022,17910.2,18022.8,17899.9,18012.2,NIFTY 50
NIFTY 50,28 Oct 2022,17756.4,17838.9,17723.7,17786.8,NIFTY 50
NIFTY 50,27 Oct 2022,17771.4,17783.9,17654.5,17736.95,NIFTY 50
NIFTY 50,25 Oct 2022,17808.3,17811.5,17637.0,17656.35,NIFTY 50
NIFTY 50,24 Oct 2022,17736.35,17777.55,17707.4,17730.75,NIFTY 50
NIFTY 50,21 Oct 2022,17622.85,17670.15,17520.75,17576.3,NIFTY 50
NIFTY 50,20 Oct 2022,17423.1,17584.15,17421.0,17563.95,NIFTY 50
NIFTY 50,19 Oct 2022,17568.15,17607.6,17472.85,17512.25,NIFTY 50
NIFTY 50,18 Oct 2022,17438.75,17527.8,17434.05,17486.95,NIFTY 50
NIFTY 50,17 Oct 2022,17144.8,17328.55,17098.55,17311.8,NIFTY 50
NIFTY 50,14 Oct 2022,17322.3,17348.55,17169.75,17185.7,NIFTY 50
NIFTY 50,13 Oct 2022,17087.35,17112.35,16956.95,17014.35,NIFTY 50
NIFTY 50,12 Oct 2022,17025.55,17142.35,16960.05,17123.6,NIFTY 50
NIFTY 50,11 Oct 2022,17256.05,17261.8,16950.3,16983.55,NIFTY 50
NIFTY 50,10 Oct 2022,17094.35,17280.15,17064.7,17241.0,NIFTY 50
NIFTY 50,07 Oct 2022,17287.2,17337.35,17216.95,17314.65,NIFTY 50
NIFTY 50,06 Oct 2022,17379.25,17428.8,17315.65,17331.8,NIFTY 50
NIFTY 50,04 Oct 2022,17147.45,17287.3,17117.3,17274.3,NIFTY 50
NIFTY 50,03 Oct 2022,17102.1,17114.65,16855.55,16887.35,NIFTY 50
NIFTY 50,30 Sep 2022,16798.05,17187.1,16747.7,17094.35,NIFTY 50
NIFTY 50,29 Sep 2022,16993.6,17026.05,16788.6,16818.1,NIFTY 50
NIFTY 50,28 Sep 2022,16870.55,17037.6,16820.4,16858.6,NIFTY 50
NIFTY 50,27 Sep 2022,17110.9,17176.45,16942.35,17007.4,NIFTY 50
NIFTY 50,26 Sep 2022,17156.3,17196.4,16978.3,17016.3,NIFTY 50
NIFTY 50,23 Sep 2022,17593.85,17642.15,17291.65,17327.35,NIFTY 50
NIFTY 50,22 Sep 2022,17609.65,17722.75,17532.45,17629.8,NIFTY 50
NIFTY 50,21 Sep 2022,17766.35,17838.7,17663.6,17718.35,NIFTY 50
NIFTY 50,20 Sep 2022,17770.4,17919.3,17744.4,17816.25,NIFTY 50
NIFTY 50,19 Sep 2022,17540.65,17667.2,17429.7,17622.25,NIFTY 50
NIFTY 50,16 Sep 2022,17796.8,17820.05,17497.25,17530.85,NIFTY 50
NIFTY 50,15 Sep 2022,18046.35,18096.15,17861.5,17877.4,NIFTY 50
NIFTY 50,14 Sep 2022,17771.15,18091.55,17771.15,18003.75,NIFTY 50
NIFTY 50,13 Sep 2022,18044.45,18088.3,18015.45,18070.05,NIFTY 50
NIFTY 50,12 Sep 2022,17890.85,17980.55,17889.15,17936.35,NIFTY 50
NIFTY 50,09 Sep 2022,17923.35,17925.95,17786.0,17833.35,NIFTY 50
NIFTY 50,08 Sep 2022,17748.15,17807.65,17691.95,17798.75,NIFTY 50
NIFTY 50,07 Sep 2022,17519.4,17650.75,17484.3,17624.4,NIFTY 50
NIFTY 50,06 Sep 2022,17695.7,17764.65,17587.65,17655.6,NIFTY 50
NIFTY 50,05 Sep 2022,17546.45,17683.15,17540.35,17665.8,NIFTY 50
NIFTY 50,02 Sep 2022,17598.4,17643.85,17476.45,17539.45,NIFTY 50
NIFTY 50,01 Sep 2022,17485.7,17695.6,17468.45,17542.8,NIFTY 50
NIFTY 50,30 Aug 2022,17414.95,17777.65,17401.5,17759.3,NIFTY 50
NIFTY 50,29 Aug 2022,17188.65,17380.15,17166.2,17312.9,NIFTY 50
NIFTY 50,26 Aug 2022,17619.3,17685.85,17519.35,17558.9,NIFTY 50
NIFTY 50,25 Aug 2022,17679.0,17726.5,17487.45,17522.45,NIFTY 50
NIFTY 50,24 Aug 2022,17525.45,17623.65,17499.25,17604.95,NIFTY 50
NIFTY 50,23 Aug 2022,17357.35,17625.55,17345.2,17577.5,NIFTY 50
NIFTY 50,22 Aug 2022,17682.9,17690.05,17467.35,17490.7,NIFTY 50
NIFTY 50,19 Aug 2022,17966.55,17992.2,17710.75,17758.45,NIFTY 50
NIFTY 50,18 Aug 2022,17898.65,17968.45,17852.05,17956.5,NIFTY 50
NIFTY 50,17 Aug 2022,17868.15,17965.95,17833.35,17944.25,NIFTY 50
NIFTY 50,16 Aug 2022,17797.2,17839.1,17764.05,17825.25,NIFTY 50
NIFTY 50,12 Aug 2022,17659.65,17724.65,17597.85,17698.15,NIFTY 50
NIFTY 50,11 Aug 2022,17711.65,17719.3,17631.95,17659.0,NIFTY 50
NIFTY 50,10 Aug 2022,17566.1,17566.1,17442.8,17534.75,NIFTY 50
NIFTY 50,08 Aug 2022,17401.5,17548.8,17359.75,17525.1,NIFTY 50
NIFTY 50,05 Aug 2022,17423.65,17474.4,17348.75,17397.5,NIFTY 50
NIFTY 50,04 Aug 2022,17463.1,17490.7,17161.25,17382.0,NIFTY 50
NIFTY 50,03 Aug 2022,17349.25,17407.5,17225.85,17388.15,NIFTY 50
NIFTY 50,02 Aug 2022,17310.15,17390.15,17215.85,17345.45,NIFTY 50
NIFTY 50,01 Aug 2022,17243.2,17356.25,17154.8,17340.05,NIFTY 50
NIFTY 50,29 Jul 2022,17079.5,17172.8,17018.15,17158.25,NIFTY 50
NIFTY 50,28 Jul 2022,16774.85,16947.65,16746.25,16929.6,NIFTY 50
NIFTY 50,27 Jul 2022,16475.35,16653.45,16438.75,16641.8,NIFTY 50
NIFTY 50,26 Jul 2022,16632.9,16636.1,16463.3,16483.85,NIFTY 50
NIFTY 50,25 Jul 2022,16662.55,16706.05,16564.25,16631.0,NIFTY 50
NIFTY 50,22 Jul 2022,16661.25,16752.25,16610.9,16719.45,NIFTY 50
NIFTY 50,21 Jul 2022,16523.55,16626.95,16483.9,16605.25,NIFTY 50
NIFTY 50,20 Jul 2022,16562.8,16588.0,16490.95,16520.85,NIFTY 50
NIFTY 50,19 Jul 2022,16187.05,16359.5,16187.05,16340.55,NIFTY 50
NIFTY 50,18 Jul 2022,16151.4,16287.95,16142.2,16278.5,NIFTY 50
NIFTY 50,15 Jul 2022,16010.8,16066.95,15927.3,16049.2,NIFTY 50
NIFTY 50,14 Jul 2022,16018.85,16070.85,15858.2,15938.65,NIFTY 50
NIFTY 50,13 Jul 2022,16128.2,16140.0,15950.15,15966.65,NIFTY 50
NIFTY 50,12 Jul 2022,16126.2,16158.75,16031.15,16058.3,NIFTY 50
NIFTY 50,11 Jul 2022,16136.15,16248.55,16115.5,16216.0,NIFTY 50
NIFTY 50,08 Jul 2022,16273.65,16275.5,16157.9,16220.6,NIFTY 50
NIFTY 50,07 Jul 2022,16113.75,16150.5,16045.95,16132.9,NIFTY 50
NIFTY 50,06 Jul 2022,15818.2,16011.35,15800.9,15989.8,NIFTY 50
NIFTY 50,05 Jul 2022,15909.15,16025.75,15785.45,15810.85,NIFTY 50
NIFTY 50,04 Jul 2022,15710.5,15852.35,15661.8,15835.35,NIFTY 50
NIFTY 50,01 Jul 2022,15703.7,15793.95,15511.05,15752.05,NIFTY 50
NIFTY 50,30 Jun 2022,15774.5,15890.0,15728.85,15780.25,NIFTY 50
NIFTY 50,29 Jun 2022,15701.7,15861.6,15687.8,15799.1,NIFTY 50
NIFTY 50,28 Jun 2022,15757.45,15892.1,15710.15,15850.2,NIFTY 50
NIFTY 50,27 Jun 2022,15926.2,15927.45,15815.5,15832.05,NIFTY 50
NIFTY 50,24 Jun 2022,15657.4,15749.25,15619.45,15699.25,NIFTY 50
NIFTY 50,23 Jun 2022,15451.55,15628.45,15367.5,15556.65,NIFTY 50
NIFTY 50,22 Jun 2022,15545.65,15565.4,15385.95,15413.3,NIFTY 50
NIFTY 50,21 Jun 2022,15455.95,15707.25,15419.85,15638.8,NIFTY 50
NIFTY 50,20 Jun 2022,15334.5,15382.5,15191.1,15350.15,NIFTY 50
NIFTY 50,17 Jun 2022,15272.65,15400.4,15183.4,15293.5,NIFTY 50
NIFTY 50,16 Jun 2022,15832.25,15863.15,15335.1,15360.6,NIFTY 50
NIFTY 50,15 Jun 2022,15729.25,15783.65,15678.9,15692.15,NIFTY 50
NIFTY 50,14 Jun 2022,15674.25,15858.0,15659.45,15732.1,NIFTY 50
NIFTY 50,13 Jun 2022,15877.55,15886.15,15684.0,15774.4,NIFTY 50
NIFTY 50,10 Jun 2022,16283.95,16324.7,16172.6,16201.8,NIFTY 50
NIFTY 50,09 Jun 2022,16263.85,16492.8,16243.85,16478.1,NIFTY 50
NIFTY 50,08 Jun 2022,16474.95,16514.3,16293.35,16356.25,NIFTY 50
NIFTY 50,07 Jun 2022,16469.6,16487.25,16347.1,16416.35,NIFTY 50
NIFTY 50,06 Jun 2022,16530.7,16610.95,16444.55,16569.55,NIFTY 50
NIFTY 50,03 Jun 2022,16761.65,16793.85,16567.9,16584.3,NIFTY 50
NIFTY 50,02 Jun 2022,16481.65,16646.4,16443.05,16628.0,NIFTY 50
NIFTY 50,01 Jun 2022,16594.4,16649.2,16438.85,16522.75,NIFTY 50
NIFTY 50,31 May 2022,16578.45,16690.75,16521.9,16584.55,NIFTY 50
NIFTY 50,30 May 2022,16527.9,16695.5,16506.15,16661.4,NIFTY 50
NIFTY 50,27 May 2022,16296.6,16370.6,16221.95,16352.45,NIFTY 50
NIFTY 50,26 May 2022,16105.0,16204.45,15903.7,16170.15,NIFTY 50
NIFTY 50,25 May 2022,16196.35,16223.35,16006.95,16025.8,NIFTY 50
NIFTY 50,24 May 2022,16225.55,16262.8,16078.6,16125.15,NIFTY 50
NIFTY 50,23 May 2022,16290.95,16414.7,16185.75,16214.7,NIFTY 50
NIFTY 50,20 May 2022,16043.8,16283.05,16003.85,16266.15,NIFTY 50
NIFTY 50,19 May 2022,15917.4,15984.75,15775.2,15809.4,NIFTY 50
NIFTY 50,18 May 2022,16318.15,16399.8,16211.2,16240.3,NIFTY 50
NIFTY 50,17 May 2022,15912.6,16284.25,15900.8,16259.3,NIFTY 50
NIFTY 50,16 May 2022,15845.1,15977.95,15739.65,15842.3,NIFTY 50
NIFTY 50,13 May 2022,15977.0,16083.6,15740.85,15782.15,NIFTY 50
NIFTY 50,12 May 2022,16021.1,16041.95,15735.75,15808.0,NIFTY 50
NIFTY 50,11 May 2022,16270.05,16318.75,15992.6,16167.1,NIFTY 50
NIFTY 50,10 May 2022,16248.9,16404.55,16197.3,16240.05,NIFTY 50
NIFTY 50,09 May 2022,16227.7,16403.7,16142.1,16301.85,NIFTY 50
NIFTY 50,06 May 2022,16415.55,16484.2,16340.9,16411.25,NIFTY 50
NIFTY 50,05 May 2022,16854.75,16945.7,16651.85,16682.65,NIFTY 50
NIFTY 50,04 May 2022,17096.6,17132.85,16623.95,16677.6,NIFTY 50
NIFTY 50,02 May 2022,16924.45,17092.25,16917.25,17069.1,NIFTY 50
NIFTY 50,29 Apr 2022,17329.25,17377.65,17053.25,17102.55,NIFTY 50
NIFTY 50,28 Apr 2022,17189.5,17322.5,17071.05,17245.05,NIFTY 50
NIFTY 50,27 Apr 2022,17073.35,17110.7,16958.45,17038.4,NIFTY 50
NIFTY 50,26 Apr 2022,17121.3,17223.85,17064.45,17200.8,NIFTY 50
NIFTY 50,25 Apr 2022,17009.05,17054.3,16888.7,16953.95,NIFTY 50
NIFTY 50,22 Apr 2022,17242.75,17315.3,17149.2,17171.95,NIFTY 50
NIFTY 50,21 Apr 2022,17234.6,17414.7,17215.5,17392.6,NIFTY 50
NIFTY 50,20 Apr 2022,17045.25,17186.9,16978.95,17136.55,NIFTY 50
NIFTY 50,19 Apr 2022,17258.95,17275.65,16824.7,16958.65,NIFTY 50
NIFTY 50,18 Apr 2022,17183.45,17237.75,17067.85,17173.65,NIFTY 50
NIFTY 50,13 Apr 2022,17599.9,17663.65,17457.4,17475.65,NIFTY 50
NIFTY 50,12 Apr 2022,17584.85,17595.3,17442.35,17530.3,NIFTY 50
NIFTY 50,11 Apr 2022,17740.9,17779.05,17650.95,17674.95,NIFTY 50
NIFTY 50,08 Apr 2022,17698.15,17842.75,17600.55,17784.35,NIFTY 50
NIFTY 50,07 Apr 2022,17723.3,17787.5,17623.7,17639.55,NIFTY 50
NIFTY 50,06 Apr 2022,17842.75,17901.0,17779.85,17807.65,NIFTY 50
NIFTY 50,05 Apr 2022,18080.6,18095.45,17921.55,17957.4,NIFTY 50
NIFTY 50,04 Apr 2022,17809.1,18114.65,17791.4,18053.4,NIFTY 50
NIFTY 50,01 Apr 2022,17436.9,17703.7,17422.7,17670.45,NIFTY 50
NIFTY 50,31 Mar 2022,17519.2,17559.8,17435.2,17464.75,NIFTY 50
NIFTY 50,30 Mar 2022,17468.15,17522.5,17387.2,17498.25,NIFTY 50
NIFTY 50,29 Mar 2022,17297.2,17343.65,17235.7,17325.3,NIFTY 50
NIFTY 50,28 Mar 2022,17181.85,17235.1,17003.9,17222.0,NIFTY 50
NIFTY 50,25 Mar 2022,17289.0,17294.9,17076.55,17153.0,NIFTY 50
NIFTY 50,24 Mar 2022,17094.95,17291.75,17091.15,17222.75,NIFTY 50
NIFTY 50,23 Mar 2022,17405.05,17442.4,17199.6,17245.65,NIFTY 50
NIFTY 50,22 Mar 2022,17120.4,17334.4,17006.3,17315.5,NIFTY 50
NIFTY 50,21 Mar 2022,17329.5,17353.35,17096.4,17117.6,NIFTY 50
NIFTY 50,17 Mar 2022,17202.9,17344.6,17175.75,17287.05,NIFTY 50
NIFTY 50,16 Mar 2022,16876.65,16987.9,16837.85,16975.35,NIFTY 50
NIFTY 50,15 Mar 2022,16900.65,16927.75,16555.0,16663.0,NIFTY 50
NIFTY 50,14 Mar 2022,16633.7,16887.95,16606.5,16871.3,NIFTY 50
NIFTY 50,11 Mar 2022,16528.8,16694.4,16470.9,16630.45,NIFTY 50
NIFTY 50,10 Mar 2022,16757.1,16757.3,16447.9,16594.9,NIFTY 50
NIFTY 50,09 Mar 2022,16078.0,16418.05,15990.0,16345.35,NIFTY 50
NIFTY 50,08 Mar 2022,15747.75,16028.75,15671.45,16013.45,NIFTY 50
NIFTY 50,07 Mar 2022,15867.95,15944.6,15711.45,15863.15,NIFTY 50
NIFTY 50,04 Mar 2022,16339.45,16456.0,16133.8,16245.35,NIFTY 50
NIFTY 50,03 Mar 2022,16723.2,16768.95,16442.95,16498.05,NIFTY 50
NIFTY 50,02 Mar 2022,16593.1,16678.5,16478.65,16605.95,NIFTY 50
NIFTY 50,28 Feb 2022,16481.6,16815.9,16356.3,16793.9,NIFTY 50
NIFTY 50,25 Feb 2022,16515.65,16748.8,16478.3,16658.4,NIFTY 50
NIFTY 50,24 Feb 2022,16548.9,16705.25,16203.25,16247.95,NIFTY 50
NIFTY 50,23 Feb 2022,17194.5,17220.7,17027.85,17063.25,NIFTY 50
NIFTY 50,22 Feb 2022,16847.95,17148.55,16843.8,17092.2,NIFTY 50
NIFTY 50,21 Feb 2022,17192.25,17351.05,17070.7,17206.65,NIFTY 50
NIFTY 50,18 Feb 2022,17236.05,17380.8,17219.2,17276.3,NIFTY 50
NIFTY 50,17 Feb 2022,17396.55,17442.9,17235.85,17304.6,NIFTY 50
NIFTY 50,16 Feb 2022,17408.45,17490.6,17257.7,17322.2,NIFTY 50
NIFTY 50,15 Feb 2022,16933.25,17375.0,16839.25,17352.45,NIFTY 50
NIFTY 50,14 Feb 2022,17076.15,17099.5,16809.65,16842.8,NIFTY 50
NIFTY 50,11 Feb 2022,17451.0,17454.75,17303.0,17374.75,NIFTY 50
NIFTY 50,10 Feb 2022,17554.1,17639.45,17427.15,17605.85,NIFTY 50
NIFTY 50,09 Feb 2022,17370.1,17477.15,17339.0,17463.8,NIFTY 50
NIFTY 50,08 Feb 2022,17279.85,17306.45,17043.65,17266.75,NIFTY 50
NIFTY 50,07 Feb 2022,17456.3,17536.75,17119.4,17213.6,NIFTY 50
NIFTY 50,04 Feb 2022,17590.2,17617.8,17462.55,17516.3,NIFTY 50
NIFTY 50,03 Feb 2022,17767.75,17781.15,17511.15,17560.2,NIFTY 50
NIFTY 50,02 Feb 2022,17706.2,17794.6,17674.8,17780.0,NIFTY 50
NIFTY 50,01 Feb 2022,17529.45,17622.4,17244.55,17576.85,NIFTY 50
NIFTY 50,31 Jan 2022,17301.05,17410.0,17264.15,17339.85,NIFTY 50
NIFTY 50,28 Jan 2022,17208.3,17373.5,17077.1,17101.95,NIFTY 50
NIFTY 50,27 Jan 2022,17062.0,17182.5,16866.75,17110.15,NIFTY 50
NIFTY 50,25 Jan 2022,17001.55,17309.15,16836.8,17277.95,NIFTY 50
NIFTY 50,24 Jan 2022,17575.15,17599.4,16997.85,17149.1,NIFTY 50
NIFTY 50,21 Jan 2022,17613.7,17707.6,17485.85,17617.15,NIFTY 50
NIFTY 50,20 Jan 2022,17921.0,17943.7,17648.45,17757.0,NIFTY 50
NIFTY 50,19 Jan 2022,18129.2,18129.2,17884.9,17938.4,NIFTY 50
NIFTY 50,18 Jan 2022,18337.2,18350.95,18085.9,18113.05,NIFTY 50
NIFTY 50,17 Jan 2022,18235.65,18321.55,18228.75,18308.1,NIFTY 50
NIFTY 50,14 Jan 2022,18185.0,18286.95,18119.65,18255.75,NIFTY 50
NIFTY 50,13 Jan 2022,18257.0,18272.25,18163.8,18257.8,NIFTY 50
NIFTY 50,12 Jan 2022,18170.4,18227.95,18128.8,18212.35,NIFTY 50
NIFTY 50,11 Jan 2022,17997.75,18081.25,17964.4,18055.75,NIFTY 50
NIFTY 50,10 Jan 2022,17913.3,18017.45,17879.15,18003.3,NIFTY 50
NIFTY 50,07 Jan 2022,17797.6,17905.0,17704.55,17812.7,NIFTY 50
NIFTY 50,06 Jan 2022,17768.5,17797.95,17655.55,17745.9,NIFTY 50
NIFTY 50,05 Jan 2022,17820.1,17944.7,17748.85,17925.25,NIFTY 50
NIFTY 50,04 Jan 2022,17681.4,17827.6,17593.55,17805.25,NIFTY 50
NIFTY 50,03 Jan 2022,17387.15,17646.65,17383.3,17625.7,NIFTY 50
NIFTY 200,30 Dec 2022,9630.85,9640.95,9540.65,9554.45,NIFTY 200
NIFTY 200,29 Dec 2022,9512.45,9608.55,9472.35,9587.0,NIFTY 200
NIFTY 200,28 Dec 2022,9527.85,9576.45,9515.35,9552.85,NIFTY 200
NIFTY 200,27 Dec 2022,9522.2,9556.6,9461.6,9547.9,NIFTY 200
NIFTY 200,26 Dec 2022,9343.5,9512.25,9298.85,9477.15,NIFTY 200
NIFTY 200,23 Dec 2022,9476.3,9508.4,9315.85,9332.9,NIFTY 200
NIFTY 200,22 Dec 2022,9650.2,9671.05,9519.05,9556.45,NIFTY 200
NIFTY 200,21 Dec 2022,9748.0,9772.1,9586.8,9605.05,NIFTY 200
NIFTY 200,20 Dec 2022,9703.45,9729.3,9626.3,9720.15,NIFTY 200
NIFTY 200,19 Dec 2022,9670.85,9744.3,9641.85,9738.45,NIFTY 200
NIFTY 200,16 Dec 2022,9704.2,9759.4,9653.2,9659.35,NIFTY 200
NIFTY 200,15 Dec 2022,9851.85,9870.55,9735.85,9751.7,NIFTY 200
NIFTY 200,14 Dec 2022,9870.75,9887.7,9860.95,9870.85,NIFTY 200
NIFTY 200,13 Dec 2022,9808.8,9844.0,9788.95,9837.9,NIFTY 200
NIFTY 200,12 Dec 2022,9746.5,9796.65,9704.15,9789.6,NIFTY 200
NIFTY 200,09 Dec 2022,9873.2,9874.55,9730.4,9783.65,NIFTY 200
NIFTY 200,08 Dec 2022,9822.25,9846.1,9807.3,9840.85,NIFTY 200
NIFTY 200,07 Dec 2022,9853.7,9869.05,9795.1,9811.4,NIFTY 200
NIFTY 200,06 Dec 2022,9832.85,9855.1,9822.45,9849.45,NIFTY 200
NIFTY 200,05 Dec 2022,9891.65,9894.9,9818.55,9876.35,NIFTY 200
NIFTY 200,02 Dec 2022,9890.0,9899.9,9842.3,9874.45,NIFTY 200
NIFTY 200,01 Dec 2022,9935.2,9935.3,9890.35,9910.5,NIFTY 200
NIFTY 200,30 Nov 2022,9796.7,9907.6,9793.4,9876.55,NIFTY 200
NIFTY 200,29 Nov 2022,9764.5,9818.35,9763.35,9789.0,NIFTY 200
NIFTY 200,28 Nov 2022,9705.75,9791.0,9677.55,9766.35,NIFTY 200
NIFTY 200,25 Nov 2022,9738.45,9746.9,9700.75,9737.0,NIFTY 200
NIFTY 200,24 Nov 2022,9651.7,9732.05,9636.05,9714.15,NIFTY 200
NIFTY 200,23 Nov 2022,9645.65,9645.8,9609.4,9620.45,NIFTY 200
NIFTY 200,22 Nov 2022,9576.65,9611.9,9555.4,9605.35,NIFTY 200
NIFTY 200,21 Nov 2022,9607.65,9613.6,9550.6,9565.55,NIFTY 200
NIFTY 200,18 Nov 2022,9685.75,9691.7,9583.9,9634.0,NIFTY 200
NIFTY 200,17 Nov 2022,9683.05,9703.95,9647.4,9662.5,NIFTY 200
NIFTY 200,16 Nov 2022,9723.0,9732.05,9669.45,9705.25,NIFTY 200
NIFTY 200,15 Nov 2022,9708.6,9732.7,9665.55,9722.3,NIFTY 200
NIFTY 200,14 Nov 2022,9707.2,9716.55,9678.15,9691.5,NIFTY 200
NIFTY 200,11 Nov 2022,9675.5,9700.2,9668.5,9693.1,NIFTY 200
NIFTY 200,10 Nov 2022,9579.3,9602.7,9518.65,9552.4,NIFTY 200
NIFTY 200,09 Nov 2022,9702.25,9703.75,9609.45,9630.15,NIFTY 200
NIFTY 200,07 Nov 2022,9658.65,9681.15,9588.6,9659.35,NIFTY 200
NIFTY 200,04 Nov 2022,9586.8,9616.8,9558.3,9608.95,NIFTY 200
NIFTY 200,03 Nov 2022,9532.2,9605.05,9527.85,9582.75,NIFTY 200
NIFTY 200,02 Nov 2022,9633.15,9633.55,9572.3,9590.05,NIFTY 200
NIFTY 200,01 Nov 2022,9599.35,9624.2,9569.15,9618.8,NIFTY 200
NIFTY 200,31 Oct 2022,9483.25,9550.25,9479.4,9544.4,NIFTY 200
NIFTY 200,28 Oct 2022,9430.95,9451.9,9391.45,9424.55,NIFTY 200
NIFTY 200,27 Oct 2022,9420.95,9437.7,9371.8,9418.2,NIFTY 200
NIFTY 200,25 Oct 2022,9423.55,9424.9,9355.25,9364.5,NIFTY 200
NIFTY 200,24 Oct 2022,9405.55,9420.25,9376.1,9388.35,NIFTY 200
NIFTY 200,21 Oct 2022,9364.8,9378.3,9288.65,9317.35,NIFTY 200
NIFTY 200,20 Oct 2022,9259.55,9345.7,9249.8,9334.9,NIFTY 200
NIFTY 200,19 Oct 2022,9335.6,9356.3,9286.2,9304.7,NIFTY 200
NIFTY 200,18 Oct 2022,9264.75,9306.35,9263.3,9294.85,NIFTY 200
NIFTY 200,17 Oct 2022,9118.6,9208.8,9081.55,9199.35,NIFTY 200
NIFTY 200,14 Oct 2022,9239.0,9243.1,9132.15,9139.1,NIFTY 200
NIFTY 200,13 Oct 2022,9130.5,9143.4,9050.35,9080.35,NIFTY 200
NIFTY 200,12 Oct 2022,9098.3,9153.3,9049.8,9143.9,NIFTY 200
NIFTY 200,11 Oct 2022,9233.7,9235.3,9055.4,9073.8,NIFTY 200
NIFTY 200,10 Oct 2022,9153.0,9239.7,9130.85,9216.75,NIFTY 200
NIFTY 200,07 Oct 2022,9264.7,9279.9,9210.4,9268.6,NIFTY 200
NIFTY 200,06 Oct 2022,9293.1,9324.35,9274.45,9281.25,NIFTY 200
NIFTY 200,04 Oct 2022,9165.4,9238.6,9153.2,9232.55,NIFTY 200
NIFTY 200,03 Oct 2022,9152.2,9163.85,8990.55,9019.5,NIFTY 200
NIFTY 200,30 Sep 2022,8995.35,9183.95,8953.7,9147.45,NIFTY 200
NIFTY 200,29 Sep 2022,9100.7,9121.65,8989.4,9005.1,NIFTY 200
NIFTY 200,28 Sep 2022,9023.75,9116.65,8999.0,9023.6,NIFTY 200
NIFTY 200,27 Sep 2022,9145.1,9185.55,9049.1,9093.9,NIFTY 200
NIFTY 200,26 Sep 2022,9202.7,9215.35,9066.25,9095.7,NIFTY 200
NIFTY 200,23 Sep 2022,9452.6,9475.1,9275.25,9290.85,NIFTY 200
NIFTY 200,22 Sep 2022,9435.0,9499.1,9395.05,9462.65,NIFTY 200
NIFTY 200,21 Sep 2022,9537.1,9579.1,9461.0,9486.05,NIFTY 200
NIFTY 200,20 Sep 2022,9527.35,9611.65,9518.2,9554.7,NIFTY 200
NIFTY 200,19 Sep 2022,9418.75,9477.45,9345.5,9447.1,NIFTY 200
NIFTY 200,16 Sep 2022,9580.65,9589.25,9380.95,9407.3,NIFTY 200
NIFTY 200,15 Sep 2022,9682.65,9706.5,9593.75,9616.5,NIFTY 200
NIFTY 200,14 Sep 2022,9521.75,9690.9,9521.75,9651.5,NIFTY 200
NIFTY 200,13 Sep 2022,9670.8,9687.65,9653.3,9677.65,NIFTY 200
NIFTY 200,12 Sep 2022,9580.15,9629.2,9578.75,9614.9,NIFTY 200
NIFTY 200,09 Sep 2022,9596.45,9596.45,9520.3,9547.15,NIFTY 200
NIFTY 200,08 Sep 2022,9521.3,9534.45,9480.95,9529.3,NIFTY 200
NIFTY 200,07 Sep 2022,9398.15,9466.35,9382.95,9454.2,NIFTY 200
NIFTY 200,06 Sep 2022,9470.3,9501.1,9416.7,9458.15,NIFTY 200
NIFTY 200,05 Sep 2022,9402.4,9457.0,9399.75,9446.25,NIFTY 200
NIFTY 200,02 Sep 2022,9437.85,9458.65,9382.25,9393.5,NIFTY 200
NIFTY 200,01 Sep 2022,9362.05,9468.0,9360.5,9401.95,NIFTY 200
NIFTY 200,30 Aug 2022,9317.45,9494.7,9313.1,9485.6,NIFTY 200
NIFTY 200,29 Aug 2022,9157.9,9286.8,9154.4,9258.1,NIFTY 200
NIFTY 200,26 Aug 2022,9397.15,9432.7,9352.1,9371.55,NIFTY 200
NIFTY 200,25 Aug 2022,9416.75,9443.4,9326.85,9343.75,NIFTY 200
NIFTY 200,24 Aug 2022,9327.25,9384.1,9307.45,9375.95,NIFTY 200
NIFTY 200,23 Aug 2022,9222.0,9373.4,9217.8,9349.05,NIFTY 200
NIFTY 200,22 Aug 2022,9411.75,9414.05,9281.8,9295.6,NIFTY 200
NIFTY 200,19 Aug 2022,9564.95,9576.25,9426.75,9447.35,NIFTY 200
NIFTY 200,18 Aug 2022,9519.7,9559.5,9499.6,9553.5,NIFTY 200
NIFTY 200,17 Aug 2022,9499.95,9550.05,9487.6,9538.0,NIFTY 200
NIFTY 200,16 Aug 2022,9438.95,9479.0,9426.4,9473.95,NIFTY 200
NIFTY 200,12 Aug 2022,9362.2,9400.55,9334.35,9387.5,NIFTY 200
NIFTY 200,11 Aug 2022,9376.45,9380.65,9342.65,9358.95,NIFTY 200
NIFTY 200,10 Aug 2022,9315.6,9315.6,9244.2,9289.7,NIFTY 200
NIFTY 200,08 Aug 2022,9233.65,9301.55,9208.95,9291.6,NIFTY 200
NIFTY 200,05 Aug 2022,9249.1,9273.7,9211.45,9228.7,NIFTY 200
NIFTY 200,04 Aug 2022,9255.15,9273.9,9097.55,9224.7,NIFTY 200
NIFTY 200,03 Aug 2022,9211.1,9228.4,9132.25,9214.3,NIFTY 200
NIFTY 200,02 Aug 2022,9186.65,9229.5,9143.4,9210.65,NIFTY 200
NIFTY 200,01 Aug 2022,9133.4,9205.3,9086.05,9197.65,NIFTY 200
NIFTY 200,29 Jul 2022,9041.3,9095.3,9017.4,9087.65,NIFTY 200
NIFTY 200,28 Jul 2022,8894.1,8974.3,8873.0,8966.1,NIFTY 200
NIFTY 200,27 Jul 2022,8740.6,8835.85,8721.75,8829.6,NIFTY 200
NIFTY 200,26 Jul 2022,8835.8,8836.9,8734.1,8745.85,NIFTY 200
NIFTY 200,25 Jul 2022,8848.3,8866.05,8799.0,8832.6,NIFTY 200
NIFTY 200,22 Jul 2022,8861.05,8884.45,8823.4,8869.2,NIFTY 200
NIFTY 200,21 Jul 2022,8766.6,8840.55,8747.2,8829.1,NIFTY 200
NIFTY 200,20 Jul 2022,8797.9,8803.8,8748.35,8763.85,NIFTY 200
NIFTY 200,19 Jul 2022,8609.55,8700.05,8609.55,8689.65,NIFTY 200
NIFTY 200,18 Jul 2022,8588.65,8658.05,8584.2,8651.95,NIFTY 200
NIFTY 200,15 Jul 2022,8513.35,8540.5,8472.15,8531.35,NIFTY 200
NIFTY 200,14 Jul 2022,8516.15,8533.75,8421.3,8475.45,NIFTY 200
NIFTY 200,13 Jul 2022,8563.45,8573.75,8479.0,8487.35,NIFTY 200
NIFTY 200,12 Jul 2022,8551.05,8578.05,8510.15,8524.3,NIFTY 200
NIFTY 200,11 Jul 2022,8525.3,8606.2,8515.85,8593.4,NIFTY 200
NIFTY 200,08 Jul 2022,8591.2,8591.85,8525.55,8564.0,NIFTY 200
NIFTY 200,07 Jul 2022,8507.15,8530.6,8474.3,8522.5,NIFTY 200
NIFTY 200,06 Jul 2022,8339.2,8453.3,8326.2,8442.65,NIFTY 200
NIFTY 200,05 Jul 2022,8382.35,8440.0,8319.0,8333.65,NIFTY 200
NIFTY 200,04 Jul 2022,8281.75,8351.7,8254.8,8344.1,NIFTY 200
NIFTY 200,01 Jul 2022,8256.2,8313.75,8166.8,8294.9,NIFTY 200
NIFTY 200,30 Jun 2022,8303.8,8356.65,8267.65,8290.8,NIFTY 200
NIFTY 200,29 Jun 2022,8260.8,8338.7,8255.3,8310.55,NIFTY 200
NIFTY 200,28 Jun 2022,8293.35,8356.85,8258.8,8340.85,NIFTY 200
NIFTY 200,27 Jun 2022,8373.3,8375.35,8321.1,8329.2,NIFTY 200
NIFTY 200,24 Jun 2022,8229.35,8271.7,8213.75,8258.6,NIFTY 200
NIFTY 200,23 Jun 2022,8114.1,8208.95,8074.4,8173.9,NIFTY 200
NIFTY 200,22 Jun 2022,8174.35,8180.5,8080.2,8093.45,NIFTY 200
NIFTY 200,21 Jun 2022,8098.45,8241.4,8082.2,8218.55,NIFTY 200
NIFTY 200,20 Jun 2022,8069.35,8084.1,7978.2,8040.45,NIFTY 200
NIFTY 200,17 Jun 2022,8056.55,8121.7,7995.75,8048.7,NIFTY 200
NIFTY 200,16 Jun 2022,8359.55,8372.05,8089.25,8105.35,NIFTY 200
NIFTY 200,15 Jun 2022,8302.9,8326.25,8272.4,8281.2,NIFTY 200
NIFTY 200,14 Jun 2022,8261.55,8361.9,8249.1,8291.1,NIFTY 200
NIFTY 200,13 Jun 2022,8365.6,8370.1,8265.85,8307.45,NIFTY 200
NIFTY 200,10 Jun 2022,8560.45,8581.0,8513.8,8529.1,NIFTY 200
NIFTY 200,09 Jun 2022,8550.0,8664.95,8534.55,8657.3,NIFTY 200
NIFTY 200,08 Jun 2022,8655.75,8678.75,8561.6,8595.6,NIFTY 200
NIFTY 200,07 Jun 2022,8654.35,8661.95,8596.0,8627.6,NIFTY 200
NIFTY 200,06 Jun 2022,8689.95,8720.85,8627.95,8703.35,NIFTY 200
NIFTY 200,03 Jun 2022,8835.5,8847.4,8705.9,8713.8,NIFTY 200
NIFTY 200,02 Jun 2022,8694.15,8773.7,8675.75,8766.45,NIFTY 200
NIFTY 200,01 Jun 2022,8750.1,8782.1,8665.45,8710.7,NIFTY 200
NIFTY 200,31 May 2022,8744.1,8808.25,8717.1,8745.65,NIFTY 200
NIFTY 200,30 May 2022,8696.55,8786.2,8687.55,8779.1,NIFTY 200
NIFTY 200,27 May 2022,8583.0,8613.1,8538.95,8606.15,NIFTY 200
NIFTY 200,26 May 2022,8467.05,8534.0,8346.05,8511.5,NIFTY 200
NIFTY 200,25 May 2022,8546.9,8558.45,8415.5,8426.55,NIFTY 200
NIFTY 200,24 May 2022,8574.45,8590.25,8485.7,8511.35,NIFTY 200
NIFTY 200,23 May 2022,8615.25,8670.7,8548.8,8562.85,NIFTY 200
NIFTY 200,20 May 2022,8506.3,8604.3,8490.2,8597.1,NIFTY 200
NIFTY 200,19 May 2022,8431.15,8464.65,8360.25,8378.35,NIFTY 200
NIFTY 200,18 May 2022,8656.75,8702.2,8599.4,8611.25,NIFTY 200
NIFTY 200,17 May 2022,8445.0,8632.05,8437.0,8619.55,NIFTY 200
NIFTY 200,16 May 2022,8382.95,8453.15,8320.75,8399.05,NIFTY 200
NIFTY 200,13 May 2022,8443.1,8514.45,8319.95,8343.1,NIFTY 200
NIFTY 200,12 May 2022,8475.25,8484.5,8304.9,8348.4,NIFTY 200
NIFTY 200,11 May 2022,8599.15,8640.55,8434.1,8544.7,NIFTY 200
NIFTY 200,10 May 2022,8629.15,8695.85,8558.45,8578.8,NIFTY 200
NIFTY 200,09 May 2022,8648.2,8713.65,8581.6,8652.95,NIFTY 200
NIFTY 200,06 May 2022,8746.15,8779.3,8697.75,8740.95,NIFTY 200
NIFTY 200,05 May 2022,8977.4,9023.0,8872.15,8892.15,NIFTY 200
NIFTY 200,04 May 2022,9119.1,9135.4,8853.8,8885.25,NIFTY 200
NIFTY 200,02 May 2022,9037.5,9109.55,9024.2,9098.95,NIFTY 200
NIFTY 200,29 Apr 2022,9253.2,9268.6,9097.5,9123.4,NIFTY 200
NIFTY 200,28 Apr 2022,9182.9,9239.65,9111.5,9205.35,NIFTY 200
NIFTY 200,27 Apr 2022,9127.2,9144.35,9054.05,9100.05,NIFTY 200
NIFTY 200,26 Apr 2022,9137.35,9202.55,9117.7,9191.8,NIFTY 200
NIFTY 200,25 Apr 2022,9092.9,9103.15,9013.8,9046.5,NIFTY 200
NIFTY 200,22 Apr 2022,9215.75,9253.1,9167.5,9179.5,NIFTY 200
NIFTY 200,21 Apr 2022,9215.15,9294.55,9203.0,9285.85,NIFTY 200
NIFTY 200,20 Apr 2022,9123.45,9189.2,9085.45,9157.95,NIFTY 200
NIFTY 200,19 Apr 2022,9250.9,9266.6,9004.8,9073.6,NIFTY 200
NIFTY 200,18 Apr 2022,9201.25,9223.25,9130.25,9197.35,NIFTY 200
NIFTY 200,13 Apr 2022,9395.15,9424.45,9323.55,9332.25,NIFTY 200
NIFTY 200,12 Apr 2022,9416.15,9417.2,9300.05,9351.7,NIFTY 200
NIFTY 200,11 Apr 2022,9457.0,9486.4,9426.85,9446.85,NIFTY 200
NIFTY 200,08 Apr 2022,9416.45,9491.9,9373.3,9464.3,NIFTY 200
NIFTY 200,07 Apr 2022,9429.6,9472.9,9367.8,9375.65,NIFTY 200
NIFTY 200,06 Apr 2022,9455.4,9496.0,9438.2,9458.55,NIFTY 200
NIFTY 200,05 Apr 2022,9540.5,9562.95,9487.5,9504.95,NIFTY 200
NIFTY 200,04 Apr 2022,9389.95,9521.35,9383.45,9514.7,NIFTY 200
NIFTY 200,01 Apr 2022,9201.35,9340.6,9195.65,9324.35,NIFTY 200
NIFTY 200,31 Mar 2022,9228.95,9250.75,9190.7,9207.0,NIFTY 200
NIFTY 200,30 Mar 2022,9203.5,9231.2,9165.6,9213.5,NIFTY 200
NIFTY 200,29 Mar 2022,9121.45,9138.4,9086.3,9130.6,NIFTY 200
NIFTY 200,28 Mar 2022,9077.65,9085.6,8975.45,9079.7,NIFTY 200
NIFTY 200,25 Mar 2022,9124.85,9127.65,9016.25,9058.5,NIFTY 200
NIFTY 200,24 Mar 2022,9022.15,9116.6,9020.15,9086.8,NIFTY 200
NIFTY 200,23 Mar 2022,9154.4,9170.95,9062.85,9087.15,NIFTY 200
NIFTY 200,22 Mar 2022,9026.0,9113.8,8951.35,9104.75,NIFTY 200
NIFTY 200,21 Mar 2022,9135.8,9146.9,9013.8,9021.9,NIFTY 200
NIFTY 200,17 Mar 2022,9068.05,9129.05,9054.9,9107.6,NIFTY 200
NIFTY 200,16 Mar 2022,8892.2,8958.05,8876.2,8952.35,NIFTY 200
NIFTY 200,15 Mar 2022,8902.25,8918.0,8727.2,8782.45,NIFTY 200
NIFTY 200,14 Mar 2022,8795.8,8893.15,8764.65,8884.45,NIFTY 200
NIFTY 200,11 Mar 2022,8735.6,8812.15,8705.1,8792.0,NIFTY 200
NIFTY 200,10 Mar 2022,8844.0,8844.7,8694.6,8765.95,NIFTY 200
NIFTY 200,09 Mar 2022,8512.45,8674.6,8470.8,8636.05,NIFTY 200
NIFTY 200,08 Mar 2022,8336.1,8475.6,8286.35,8467.3,NIFTY 200
NIFTY 200,07 Mar 2022,8397.85,8425.15,8300.05,8379.2,NIFTY 200
NIFTY 200,04 Mar 2022,8660.5,8699.4,8539.95,8585.0,NIFTY 200
NIFTY 200,03 Mar 2022,8858.5,8879.65,8708.15,8735.05,NIFTY 200
NIFTY 200,02 Mar 2022,8760.85,8819.85,8719.8,8782.35,NIFTY 200
NIFTY 200,28 Feb 2022,8690.7,8863.75,8621.05,8855.5,NIFTY 200
NIFTY 200,25 Feb 2022,8680.35,8819.35,8670.9,8779.15,NIFTY 200
NIFTY 200,24 Feb 2022,8704.65,8784.0,8512.8,8532.4,NIFTY 200
NIFTY 200,23 Feb 2022,9031.05,9054.6,8965.65,8981.75,NIFTY 200
NIFTY 200,22 Feb 2022,8837.75,8998.3,8836.5,8975.75,NIFTY 200
NIFTY 200,21 Feb 2022,9047.7,9116.45,8970.4,9034.05,NIFTY 200
NIFTY 200,18 Feb 2022,9087.4,9155.35,9078.3,9091.1,NIFTY 200
NIFTY 200,17 Feb 2022,9172.45,9197.8,9093.1,9125.25,NIFTY 200
NIFTY 200,16 Feb 2022,9186.3,9224.9,9110.9,9131.7,NIFTY 200
NIFTY 200,15 Feb 2022,8932.75,9160.25,8867.2,9148.7,NIFTY 200
NIFTY 200,14 Feb 2022,9014.35,9031.4,8870.5,8889.1,NIFTY 200
NIFTY 200,11 Feb 2022,9239.45,9240.45,9159.4,9183.9,NIFTY 200
NIFTY 200,10 Feb 2022,9294.35,9329.75,9227.1,9315.9,NIFTY 200
NIFTY 200,09 Feb 2022,9199.85,9257.9,9186.65,9251.2,NIFTY 200
NIFTY 200,08 Feb 2022,9176.0,9192.6,9039.65,9147.65,NIFTY 200
NIFTY 200,07 Feb 2022,9262.1,9303.05,9093.35,9141.7,NIFTY 200
NIFTY 200,04 Feb 2022,9321.5,9340.4,9254.15,9280.15,NIFTY 200
NIFTY 200,03 Feb 2022,9404.85,9409.85,9284.3,9307.45,NIFTY 200
NIFTY 200,02 Feb 2022,9367.55,9419.25,9355.9,9411.95,NIFTY 200
NIFTY 200,01 Feb 2022,9274.65,9320.15,9135.65,9305.6,NIFTY 200
NIFTY 200,31 Jan 2022,9161.35,9216.8,9141.4,9179.15,NIFTY 200
NIFTY 200,28 Jan 2022,9087.2,9197.85,9040.5,9054.7,NIFTY 200
NIFTY 200,27 Jan 2022,9026.5,9067.1,8909.35,9031.25,NIFTY 200
NIFTY 200,25 Jan 2022,8972.55,9143.0,8878.25,9128.55,NIFTY 200
NIFTY 200,24 Jan 2022,9314.75,9322.15,8971.95,9055.15,NIFTY 200
NIFTY 200,21 Jan 2022,9367.15,9394.55,9260.8,9330.85,NIFTY 200
NIFTY 200,20 Jan 2022,9504.2,9513.2,9382.95,9435.9,NIFTY 200
NIFTY 200,19 Jan 2022,9586.25,9586.25,9470.05,9509.85,NIFTY 200
NIFTY 200,18 Jan 2022,9723.75,9733.2,9562.6,9579.5,NIFTY 200
NIFTY 200,17 Jan 2022,9670.45,9708.4,9662.3,9702.05,NIFTY 200
NIFTY 200,14 Jan 2022,9637.05,9689.1,9606.6,9673.9,NIFTY 200
NIFTY 200,13 Jan 2022,9665.75,9679.45,9616.25,9672.75,NIFTY 200
NIFTY 200,12 Jan 2022,9613.85,9647.85,9593.0,9640.75,NIFTY 200
NIFTY 200,11 Jan 2022,9530.45,9567.9,9510.85,9554.6,NIFTY 200
NIFTY 200,10 Jan 2022,9489.95,9538.9,9472.95,9532.6,NIFTY 200
NIFTY 200,07 Jan 2022,9432.05,9485.25,9384.25,9442.65,NIFTY 200
NIFTY 200,06 Jan 2022,9400.5,9422.4,9351.6,9405.4,NIFTY 200
NIFTY 200,05 Jan 2022,9428.45,9485.75,9391.35,9477.2,NIFTY 200
NIFTY 200,04 Jan 2022,9380.4,9432.3,9325.55,9422.45,NIFTY 200
NIFTY 200,03 Jan 2022,9236.35,9358.75,9235.1,9348.0,NIFTY 200
NIFTY 100,30 Dec 2022,18422.4,18434.2,18232.3,18258.75,NIFTY 100
NIFTY 100,29 Dec 2022,18192.2,18387.6,18124.8,18343.6,NIFTY 100
NIFTY 100,28 Dec 2022,18220.35,18317.4,18200.2,18270.95,NIFTY 100
NIFTY 100,27 Dec 2022,18214.95,18280.5,18097.75,18263.55,NIFTY 100
NIFTY 100,26 Dec 2022,17910.65,18204.2,17834.1,18134.6,NIFTY 100
NIFTY 100,23 Dec 2022,18128.5,18193.0,17855.15,17888.05,NIFTY 100
NIFTY 100,22 Dec 2022,18447.0,18484.95,18212.5,18277.85,NIFTY 100
NIFTY 100,21 Dec 2022,18621.3,18664.75,18324.4,18361.15,NIFTY 100
NIFTY 100,20 Dec 2022,18532.95,18589.5,18391.2,18570.4,NIFTY 100
NIFTY 100,19 Dec 2022,18466.7,18616.45,18419.45,18604.5,NIFTY 100
NIFTY 100,16 Dec 2022,18512.15,18624.65,18432.0,18446.3,NIFTY 100
NIFTY 100,15 Dec 2022,18795.55,18833.65,18576.0,18604.45,NIFTY 100
NIFTY 100,14 Dec 2022,18842.85,18872.65,18817.35,18837.25,NIFTY 100
NIFTY 100,13 Dec 2022,18724.05,18793.7,18688.95,18781.65,NIFTY 100
NIFTY 100,12 Dec 2022,18605.2,18711.2,18536.45,18690.8,NIFTY 100
NIFTY 100,09 Dec 2022,18859.4,18861.3,18594.7,18687.65,NIFTY 100
NIFTY 100,08 Dec 2022,18770.8,18820.35,18739.0,18802.0,NIFTY 100
NIFTY 100,07 Dec 2022,18826.35,18858.3,18721.85,18754.0,NIFTY 100
NIFTY 100,06 Dec 2022,18777.6,18832.6,18760.2,18821.55,NIFTY 100
NIFTY 100,05 Dec 2022,18898.0,18905.6,18755.5,18867.65,NIFTY 100
NIFTY 100,02 Dec 2022,18925.85,18948.15,18812.6,18870.25,NIFTY 100
NIFTY 100,01 Dec 2022,19034.2,19039.4,18939.6,18973.05,NIFTY 100
NIFTY 100,30 Nov 2022,18771.35,18980.75,18762.6,18919.55,NIFTY 100
NIFTY 100,29 Nov 2022,18691.55,18815.9,18689.6,18758.35,NIFTY 100
NIFTY 100,28 Nov 2022,18582.55,18751.0,18521.6,18696.75,NIFTY 100
NIFTY 100,25 Nov 2022,18673.8,18677.1,18583.85,18652.05,NIFTY 100
NIFTY 100,24 Nov 2022,18492.3,18665.95,18462.95,18627.25,NIFTY 100
NIFTY 100,23 Nov 2022,18487.25,18487.4,18411.1,18433.8,NIFTY 100
NIFTY 100,22 Nov 2022,18353.2,18421.85,18307.85,18407.5,NIFTY 100
NIFTY 100,21 Nov 2022,18426.1,18439.65,18305.75,18334.65,NIFTY 100
NIFTY 100,18 Nov 2022,18575.75,18587.85,18385.45,18483.2,NIFTY 100
NIFTY 100,17 Nov 2022,18569.6,18618.9,18501.15,18532.45,NIFTY 100
NIFTY 100,16 Nov 2022,18632.7,18657.5,18546.95,18615.5,NIFTY 100
NIFTY 100,15 Nov 2022,18603.65,18656.55,18516.8,18635.4,NIFTY 100
NIFTY 100,14 Nov 2022,18603.95,18626.15,18547.05,18568.4,NIFTY 100
NIFTY 100,11 Nov 2022,18505.95,18586.15,18498.9,18573.35,NIFTY 100
NIFTY 100,10 Nov 2022,18302.35,18356.25,18202.15,18267.1,NIFTY 100
NIFTY 100,09 Nov 2022,18534.65,18538.05,18363.85,18406.25,NIFTY 100
NIFTY 100,07 Nov 2022,18456.45,18496.95,18309.4,18450.15,NIFTY 100
NIFTY 100,04 Nov 2022,18301.95,18377.25,18254.65,18361.45,NIFTY 100
NIFTY 100,03 Nov 2022,18206.9,18344.05,18198.0,18297.4,NIFTY 100
NIFTY 100,02 Nov 2022,18413.0,18413.9,18287.35,18322.4,NIFTY 100
NIFTY 100,01 Nov 2022,18354.9,18397.55,18290.35,18383.2,NIFTY 100
NIFTY 100,31 Oct 2022,18133.75,18256.65,18125.1,18243.4,NIFTY 100
NIFTY 100,28 Oct 2022,18011.3,18065.05,17950.1,18017.2,NIFTY 100
NIFTY 100,27 Oct 2022,18002.05,18027.95,17899.65,17989.0,NIFTY 100
NIFTY 100,25 Oct 2022,18023.9,18027.3,17871.0,17887.4,NIFTY 100
NIFTY 100,24 Oct 2022,17973.75,18008.5,17926.95,17951.3,NIFTY 100
NIFTY 100,21 Oct 2022,17887.95,17915.25,17751.25,17808.8,NIFTY 100
NIFTY 100,20 Oct 2022,17670.6,17850.8,17665.9,17829.45,NIFTY 100
NIFTY 100,19 Oct 2022,17822.65,17862.05,17721.25,17756.25,NIFTY 100
NIFTY 100,18 Oct 2022,17685.15,17774.0,17681.85,17741.2,NIFTY 100
NIFTY 100,17 Oct 2022,17395.2,17580.25,17335.5,17560.5,NIFTY 100
NIFTY 100,14 Oct 2022,17612.85,17620.85,17418.55,17432.55,NIFTY 100
NIFTY 100,13 Oct 2022,17393.0,17417.15,17247.4,17302.15,NIFTY 100
NIFTY 100,12 Oct 2022,17330.8,17440.45,17249.9,17423.4,NIFTY 100
NIFTY 100,11 Oct 2022,17582.2,17585.75,17251.15,17285.85,NIFTY 100
NIFTY 100,10 Oct 2022,17419.2,17596.15,17380.6,17553.15,NIFTY 100
NIFTY 100,07 Oct 2022,17624.6,17660.15,17532.9,17641.45,NIFTY 100
NIFTY 100,06 Oct 2022,17700.85,17750.6,17647.4,17662.8,NIFTY 100
NIFTY 100,04 Oct 2022,17470.75,17602.05,17444.4,17589.3,NIFTY 100
NIFTY 100,03 Oct 2022,17448.7,17469.9,17137.3,17190.9,NIFTY 100
NIFTY 100,30 Sep 2022,17146.95,17518.1,17080.65,17438.6,NIFTY 100
NIFTY 100,29 Sep 2022,17361.85,17403.55,17139.25,17167.75,NIFTY 100
NIFTY 100,28 Sep 2022,17229.0,17401.4,17179.25,17219.55,NIFTY 100
NIFTY 100,27 Sep 2022,17469.9,17544.15,17290.85,17366.4,NIFTY 100
NIFTY 100,26 Sep 2022,17549.0,17576.4,17329.3,17374.8,NIFTY 100
NIFTY 100,23 Sep 2022,18004.95,18050.1,17686.05,17718.45,NIFTY 100
NIFTY 100,22 Sep 2022,17988.5,18111.45,17914.15,18030.4,NIFTY 100
NIFTY 100,21 Sep 2022,18180.55,18255.45,18041.15,18091.9,NIFTY 100
NIFTY 100,20 Sep 2022,18180.9,18329.0,18161.35,18222.1,NIFTY 100
NIFTY 100,19 Sep 2022,17958.3,18080.65,17828.75,18025.25,NIFTY 100
NIFTY 100,16 Sep 2022,18239.15,18259.1,17898.3,17938.1,NIFTY 100
NIFTY 100,15 Sep 2022,18459.9,18505.2,18282.75,18316.9,NIFTY 100
NIFTY 100,14 Sep 2022,18147.6,18486.95,18147.6,18405.6,NIFTY 100
NIFTY 100,13 Sep 2022,18429.05,18471.05,18393.45,18453.7,NIFTY 100
NIFTY 100,12 Sep 2022,18257.85,18352.8,18255.55,18319.8,NIFTY 100
NIFTY 100,09 Sep 2022,18298.9,18298.9,18148.5,18198.1,NIFTY 100
NIFTY 100,08 Sep 2022,18135.85,18178.2,18067.85,18168.85,NIFTY 100
NIFTY 100,07 Sep 2022,17906.65,18036.75,17874.65,18008.1,NIFTY 100
NIFTY 100,06 Sep 2022,18061.9,18125.05,17955.25,18031.3,NIFTY 100
NIFTY 100,05 Sep 2022,17928.8,18041.65,17922.95,18021.65,NIFTY 100
NIFTY 100,02 Sep 2022,17989.5,18029.4,17871.2,17916.0,NIFTY 100
NIFTY 100,01 Sep 2022,17858.45,18063.9,17850.15,17924.3,NIFTY 100
NIFTY 100,30 Aug 2022,17776.75,18131.3,17766.85,18112.4,NIFTY 100
NIFTY 100,29 Aug 2022,17499.75,17730.1,17486.85,17666.45,NIFTY 100
NIFTY 100,26 Aug 2022,17949.1,18017.45,17855.95,17893.8,NIFTY 100
NIFTY 100,25 Aug 2022,17992.8,18044.85,17813.8,17847.65,NIFTY 100
NIFTY 100,24 Aug 2022,17832.85,17933.1,17790.9,17917.3,NIFTY 100
NIFTY 100,23 Aug 2022,17654.5,17926.95,17644.6,17878.4,NIFTY 100
NIFTY 100,22 Aug 2022,18001.3,18007.1,17767.25,17792.45,NIFTY 100
NIFTY 100,19 Aug 2022,18281.6,18304.7,18026.6,18071.1,NIFTY 100
NIFTY 100,18 Aug 2022,18195.65,18277.1,18156.3,18264.4,NIFTY 100
NIFTY 100,17 Aug 2022,18154.2,18258.15,18125.85,18235.55,NIFTY 100
NIFTY 100,16 Aug 2022,18056.25,18118.45,18028.1,18107.25,NIFTY 100
NIFTY 100,12 Aug 2022,17916.65,17982.9,17857.75,17956.8,NIFTY 100
NIFTY 100,11 Aug 2022,17955.9,17962.35,17883.1,17913.95,NIFTY 100
NIFTY 100,10 Aug 2022,17829.45,17829.45,17695.8,17784.9,NIFTY 100
NIFTY 100,08 Aug 2022,17664.2,17799.9,17621.15,17784.8,NIFTY 100
NIFTY 100,05 Aug 2022,17699.35,17747.4,17625.35,17655.5,NIFTY 100
NIFTY 100,04 Aug 2022,17723.5,17753.85,17420.4,17652.95,NIFTY 100
NIFTY 100,03 Aug 2022,17621.25,17665.35,17487.7,17646.0,NIFTY 100
NIFTY 100,02 Aug 2022,17576.05,17656.9,17489.8,17618.25,NIFTY 100
NIFTY 100,01 Aug 2022,17487.65,17614.2,17396.0,17598.8,NIFTY 100
NIFTY 100,29 Jul 2022,17317.35,17413.85,17266.0,17400.75,NIFTY 100
NIFTY 100,28 Jul 2022,17016.1,17186.4,16985.15,17169.7,NIFTY 100
NIFTY 100,27 Jul 2022,16724.0,16900.95,16687.25,16889.55,NIFTY 100
NIFTY 100,26 Jul 2022,16896.4,16899.0,16710.0,16733.3,NIFTY 100
NIFTY 100,25 Jul 2022,16924.3,16960.3,16825.45,16892.1,NIFTY 100
NIFTY 100,22 Jul 2022,16940.2,17002.9,16872.4,16970.7,NIFTY 100
NIFTY 100,21 Jul 2022,16777.25,16904.4,16737.8,16881.7,NIFTY 100
NIFTY 100,20 Jul 2022,16829.05,16846.95,16744.3,16773.7,NIFTY 100
NIFTY 100,19 Jul 2022,16460.95,16634.35,16460.95,16614.05,NIFTY 100
NIFTY 100,18 Jul 2022,16423.85,16559.2,16415.15,16548.15,NIFTY 100
NIFTY 100,15 Jul 2022,16287.85,16334.65,16204.05,16317.2,NIFTY 100
NIFTY 100,14 Jul 2022,16294.75,16329.55,16115.65,16213.05,NIFTY 100
NIFTY 100,13 Jul 2022,16396.95,16411.55,16220.15,16237.25,NIFTY 100
NIFTY 100,12 Jul 2022,16380.15,16421.95,16293.8,16323.5,NIFTY 100
NIFTY 100,11 Jul 2022,16346.75,16491.1,16331.2,16465.1,NIFTY 100
NIFTY 100,08 Jul 2022,16475.85,16477.35,16353.1,16424.0,NIFTY 100
NIFTY 100,07 Jul 2022,16322.15,16355.75,16251.65,16339.1,NIFTY 100
NIFTY 100,06 Jul 2022,16009.3,16217.2,15990.15,16196.25,NIFTY 100
NIFTY 100,05 Jul 2022,16093.55,16209.3,15973.35,16001.6,NIFTY 100
NIFTY 100,04 Jul 2022,15894.7,16033.9,15844.65,16018.15,NIFTY 100
NIFTY 100,01 Jul 2022,15861.6,15966.05,15679.3,15925.95,NIFTY 100
NIFTY 100,30 Jun 2022,15933.95,16047.75,15881.0,15929.4,NIFTY 100
NIFTY 100,29 Jun 2022,15857.1,16013.8,15845.45,15952.75,NIFTY 100
NIFTY 100,28 Jun 2022,15919.3,16045.05,15857.0,16008.85,NIFTY 100
NIFTY 100,27 Jun 2022,16082.45,16086.95,15974.4,15990.3,NIFTY 100
NIFTY 100,24 Jun 2022,15809.6,15895.3,15773.65,15858.3,NIFTY 100
NIFTY 100,23 Jun 2022,15594.8,15775.8,15515.8,15704.8,NIFTY 100
NIFTY 100,22 Jun 2022,15702.45,15718.35,15528.55,15555.3,NIFTY 100
NIFTY 100,21 Jun 2022,15593.4,15845.45,15558.7,15793.15,NIFTY 100
NIFTY 100,20 Jun 2022,15489.5,15517.8,15336.05,15481.95,NIFTY 100
NIFTY 100,17 Jun 2022,15452.8,15575.95,15344.55,15445.8,NIFTY 100
NIFTY 100,16 Jun 2022,16021.85,16046.05,15518.0,15543.35,NIFTY 100
NIFTY 100,15 Jun 2022,15918.1,15966.0,15858.35,15874.9,NIFTY 100
NIFTY 100,14 Jun 2022,15848.95,16034.55,15822.6,15905.6,NIFTY 100
NIFTY 100,13 Jun 2022,16033.65,16044.5,15850.85,15936.05,NIFTY 100
NIFTY 100,10 Jun 2022,16426.3,16465.3,16322.55,16353.5,NIFTY 100
NIFTY 100,09 Jun 2022,16402.5,16631.15,16374.45,16616.4,NIFTY 100
NIFTY 100,08 Jun 2022,16610.75,16649.75,16425.8,16492.2,NIFTY 100
NIFTY 100,07 Jun 2022,16602.1,16619.05,16489.15,16550.7,NIFTY 100
NIFTY 100,06 Jun 2022,16671.3,16741.2,16565.5,16701.2,NIFTY 100
NIFTY 100,03 Jun 2022,16928.45,16953.65,16705.75,16721.5,NIFTY 100
NIFTY 100,02 Jun 2022,16650.25,16810.55,16613.65,16794.75,NIFTY 100
NIFTY 100,01 Jun 2022,16772.05,16831.2,16601.85,16688.95,NIFTY 100
NIFTY 100,31 May 2022,16761.55,16883.6,16702.45,16767.5,NIFTY 100
NIFTY 100,30 May 2022,16692.2,16860.4,16672.6,16838.15,NIFTY 100
NIFTY 100,27 May 2022,16473.3,16534.55,16388.7,16516.8,NIFTY 100
NIFTY 100,26 May 2022,16267.6,16382.85,16046.55,16341.9,NIFTY 100
NIFTY 100,25 May 2022,16384.3,16409.3,16167.5,16187.15,NIFTY 100
NIFTY 100,24 May 2022,16428.6,16460.0,16262.35,16312.3,NIFTY 100
NIFTY 100,23 May 2022,16504.6,16612.15,16382.1,16409.75,NIFTY 100
NIFTY 100,20 May 2022,16290.2,16491.1,16253.55,16476.7,NIFTY 100
NIFTY 100,19 May 2022,16146.7,16213.1,16015.3,16047.35,NIFTY 100
NIFTY 100,18 May 2022,16566.7,16655.45,16461.6,16485.8,NIFTY 100
NIFTY 100,17 May 2022,16166.0,16522.65,16152.5,16498.5,NIFTY 100
NIFTY 100,16 May 2022,16062.65,16199.25,15946.8,16079.0,NIFTY 100
NIFTY 100,13 May 2022,16200.6,16315.0,15941.1,15986.5,NIFTY 100
NIFTY 100,12 May 2022,16263.2,16281.05,15946.15,16023.9,NIFTY 100
NIFTY 100,11 May 2022,16502.45,16576.4,16204.25,16399.7,NIFTY 100
NIFTY 100,10 May 2022,16533.4,16653.85,16426.9,16466.25,NIFTY 100
NIFTY 100,09 May 2022,16549.25,16694.6,16441.4,16581.8,NIFTY 100
NIFTY 100,06 May 2022,16740.1,16807.1,16654.25,16729.55,NIFTY 100
NIFTY 100,05 May 2022,17186.35,17270.6,16978.65,17016.6,NIFTY 100
NIFTY 100,04 May 2022,17451.15,17483.8,16944.55,17004.05,NIFTY 100
NIFTY 100,02 May 2022,17286.65,17439.9,17269.85,17419.45,NIFTY 100
NIFTY 100,29 Apr 2022,17703.1,17741.4,17404.9,17457.2,NIFTY 100
NIFTY 100,28 Apr 2022,17557.6,17687.5,17429.2,17615.4,NIFTY 100
NIFTY 100,27 Apr 2022,17453.55,17484.15,17321.1,17398.55,NIFTY 100
NIFTY 100,26 Apr 2022,17472.1,17600.45,17429.85,17577.8,NIFTY 100
NIFTY 100,25 Apr 2022,17373.15,17403.9,17236.45,17300.35,NIFTY 100
NIFTY 100,22 Apr 2022,17610.3,17678.25,17518.85,17541.1,NIFTY 100
NIFTY 100,21 Apr 2022,17602.6,17766.9,17578.0,17750.2,NIFTY 100
NIFTY 100,20 Apr 2022,17425.2,17553.95,17353.9,17496.65,NIFTY 100
NIFTY 100,19 Apr 2022,17662.55,17687.45,17199.5,17330.4,NIFTY 100
NIFTY 100,18 Apr 2022,17566.0,17615.05,17440.6,17565.95,NIFTY 100
NIFTY 100,13 Apr 2022,17956.2,18017.3,17816.2,17835.2,NIFTY 100
NIFTY 100,12 Apr 2022,17965.3,17970.95,17786.95,17877.55,NIFTY 100
NIFTY 100,11 Apr 2022,18062.45,18114.55,17992.95,18032.4,NIFTY 100
NIFTY 100,08 Apr 2022,17993.65,18144.35,17906.55,18089.3,NIFTY 100
NIFTY 100,07 Apr 2022,18006.65,18092.3,17906.1,17920.8,NIFTY 100
NIFTY 100,06 Apr 2022,18089.3,18154.05,18042.85,18075.1,NIFTY 100
NIFTY 100,05 Apr 2022,18294.25,18327.75,18159.85,18195.1,NIFTY 100
NIFTY 100,04 Apr 2022,18010.3,18281.95,17994.9,18256.1,NIFTY 100
NIFTY 100,01 Apr 2022,17643.9,17912.7,17631.1,17879.5,NIFTY 100
NIFTY 100,31 Mar 2022,17710.75,17752.55,17627.35,17660.35,NIFTY 100
NIFTY 100,30 Mar 2022,17665.6,17718.05,17589.15,17684.3,NIFTY 100
NIFTY 100,29 Mar 2022,17500.45,17541.25,17438.4,17523.6,NIFTY 100
NIFTY 100,28 Mar 2022,17404.8,17434.8,17213.8,17422.15,NIFTY 100
NIFTY 100,25 Mar 2022,17500.85,17506.95,17287.85,17370.5,NIFTY 100
NIFTY 100,24 Mar 2022,17305.85,17494.15,17301.8,17429.95,NIFTY 100
NIFTY 100,23 Mar 2022,17593.4,17625.9,17399.8,17446.05,NIFTY 100
NIFTY 100,22 Mar 2022,17329.55,17518.25,17195.6,17499.2,NIFTY 100
NIFTY 100,21 Mar 2022,17550.5,17576.5,17306.6,17323.65,NIFTY 100
NIFTY 100,17 Mar 2022,17422.35,17553.7,17394.25,17505.4,NIFTY 100
NIFTY 100,16 Mar 2022,17086.0,17209.5,17052.6,17198.0,NIFTY 100
NIFTY 100,15 Mar 2022,17107.75,17136.9,16764.25,16873.45,NIFTY 100
NIFTY 100,14 Mar 2022,16882.5,17092.15,16833.1,17076.6,NIFTY 100
NIFTY 100,11 Mar 2022,16773.6,16928.25,16717.0,16877.7,NIFTY 100
NIFTY 100,10 Mar 2022,16979.85,16979.85,16689.8,16835.5,NIFTY 100
NIFTY 100,09 Mar 2022,16328.4,16648.1,16245.75,16571.55,NIFTY 100
NIFTY 100,08 Mar 2022,15991.45,16267.05,15901.1,16251.65,NIFTY 100
NIFTY 100,07 Mar 2022,16116.1,16180.6,15938.75,16086.95,NIFTY 100
NIFTY 100,04 Mar 2022,16610.75,16700.55,16384.25,16482.85,NIFTY 100
NIFTY 100,03 Mar 2022,16991.0,17032.95,16708.1,16761.6,NIFTY 100
NIFTY 100,02 Mar 2022,16826.25,16930.2,16732.05,16855.7,NIFTY 100
NIFTY 100,28 Feb 2022,16701.7,17035.15,16568.45,17016.55,NIFTY 100
NIFTY 100,25 Feb 2022,16703.0,16955.5,16676.6,16872.35,NIFTY 100
NIFTY 100,24 Feb 2022,16742.8,16897.85,16384.45,16428.05,NIFTY 100
NIFTY 100,23 Feb 2022,17378.95,17413.3,17240.0,17273.45,NIFTY 100
NIFTY 100,22 Feb 2022,17012.75,17321.15,17009.3,17276.5,NIFTY 100
NIFTY 100,21 Feb 2022,17389.55,17532.4,17251.85,17379.1,NIFTY 100
NIFTY 100,18 Feb 2022,17456.7,17586.35,17439.05,17472.9,NIFTY 100
NIFTY 100,17 Feb 2022,17608.45,17657.1,17457.2,17524.45,NIFTY 100
NIFTY 100,16 Feb 2022,17626.25,17706.1,17481.65,17530.65,NIFTY 100
NIFTY 100,15 Feb 2022,17147.9,17582.9,17037.6,17560.55,NIFTY 100
NIFTY 100,14 Feb 2022,17293.1,17318.45,17026.4,17060.7,NIFTY 100
NIFTY 100,11 Feb 2022,17694.4,17696.95,17541.65,17606.6,NIFTY 100
NIFTY 100,10 Feb 2022,17794.0,17869.1,17665.7,17842.9,NIFTY 100
NIFTY 100,09 Feb 2022,17612.55,17720.9,17583.0,17707.85,NIFTY 100
NIFTY 100,08 Feb 2022,17543.2,17572.7,17298.35,17509.8,NIFTY 100
NIFTY 100,07 Feb 2022,17710.05,17791.7,17382.8,17477.65,NIFTY 100
NIFTY 100,04 Feb 2022,17826.25,17858.2,17701.2,17755.3,NIFTY 100
NIFTY 100,03 Feb 2022,17985.1,17996.3,17749.4,17794.7,NIFTY 100
NIFTY 100,02 Feb 2022,17920.05,18012.25,17889.15,17998.75,NIFTY 100
NIFTY 100,01 Feb 2022,17731.55,17826.15,17464.25,17796.25,NIFTY 100
NIFTY 100,31 Jan 2022,17516.9,17623.25,17479.65,17547.4,NIFTY 100
NIFTY 100,28 Jan 2022,17405.55,17587.6,17289.2,17314.7,NIFTY 100
NIFTY 100,27 Jan 2022,17281.7,17376.85,17069.75,17302.35,NIFTY 100
NIFTY 100,25 Jan 2022,17200.4,17519.6,17030.45,17489.15,NIFTY 100
NIFTY 100,24 Jan 2022,17821.55,17841.4,17197.0,17353.45,NIFTY 100
NIFTY 100,21 Jan 2022,17882.35,17953.6,17721.3,17856.15,NIFTY 100
NIFTY 100,20 Jan 2022,18168.25,18187.6,17915.75,18021.1,NIFTY 100
NIFTY 100,19 Jan 2022,18349.55,18349.55,18114.85,18179.7,NIFTY 100
NIFTY 100,18 Jan 2022,18577.7,18595.15,18302.95,18331.7,NIFTY 100
NIFTY 100,17 Jan 2022,18471.6,18553.4,18456.55,18543.2,NIFTY 100
NIFTY 100,14 Jan 2022,18411.2,18515.1,18348.4,18485.7,NIFTY 100
NIFTY 100,13 Jan 2022,18478.55,18495.65,18385.0,18482.45,NIFTY 100
NIFTY 100,12 Jan 2022,18390.85,18443.8,18346.95,18430.25,NIFTY 100
NIFTY 100,11 Jan 2022,18225.7,18295.0,18181.4,18275.15,NIFTY 100
NIFTY 100,10 Jan 2022,18146.2,18243.25,18109.75,18229.1,NIFTY 100
NIFTY 100,07 Jan 2022,18035.7,18140.85,17944.4,18053.95,NIFTY 100
NIFTY 100,06 Jan 2022,17997.6,18025.25,17889.75,17985.6,NIFTY 100
NIFTY 100,05 Jan 2022,18044.3,18164.7,17974.9,18147.5,NIFTY 100
NIFTY 100,04 Jan 2022,17934.5,18051.5,17831.5,18030.95,NIFTY 100
NIFTY 100,03 Jan 2022,17654.45,17894.15,17651.45,17874.0,NIFTY 100
NIFTY 500,30 Dec 2022,15557.75,15581.95,15425.65,15448.85,NIFTY 500
NIFTY 500,29 Dec 2022,15370.0,15517.45,15307.0,15485.2,NIFTY 500
NIFTY 500,28 Dec 2022,15390.55,15468.15,15363.65,15432.8,NIFTY 500
NIFTY 500,27 Dec 2022,15375.2,15433.65,15278.6,15418.35,NIFTY 500
NIFTY 500,26 Dec 2022,15060.85,15350.35,14985.4,15298.55,NIFTY 500
NIFTY 500,23 Dec 2022,15300.75,15349.35,15018.75,15046.0,NIFTY 500
NIFTY 500,22 Dec 2022,15599.55,15636.1,15369.6,15431.5,NIFTY 500
NIFTY 500,21 Dec 2022,15772.95,15812.05,15497.6,15527.55,NIFTY 500
NIFTY 500,20 Dec 2022,15704.05,15740.25,15580.8,15726.2,NIFTY 500
NIFTY 500,19 Dec 2022,15658.85,15764.0,15606.15,15755.2,NIFTY 500
NIFTY 500,16 Dec 2022,15710.9,15799.35,15625.25,15636.35,NIFTY 500
NIFTY 500,15 Dec 2022,15938.05,15968.2,15758.85,15783.8,NIFTY 500
NIFTY 500,14 Dec 2022,15958.15,15988.55,15946.3,15963.8,NIFTY 500
NIFTY 500,13 Dec 2022,15863.25,15913.8,15830.65,15904.5,NIFTY 500
NIFTY 500,12 Dec 2022,15759.65,15836.85,15687.95,15828.0,NIFTY 500
NIFTY 500,09 Dec 2022,15964.85,15967.3,15727.35,15812.75,NIFTY 500
NIFTY 500,08 Dec 2022,15881.8,15918.75,15860.3,15911.1,NIFTY 500
NIFTY 500,07 Dec 2022,15932.25,15953.25,15836.05,15862.0,NIFTY 500
NIFTY 500,06 Dec 2022,15904.1,15936.7,15881.6,15922.85,NIFTY 500
NIFTY 500,05 Dec 2022,15994.95,15999.8,15881.8,15967.2,NIFTY 500
NIFTY 500,02 Dec 2022,15977.5,15991.05,15909.6,15963.5,NIFTY 500
NIFTY 500,01 Dec 2022,16041.15,16041.65,15972.75,16003.95,NIFTY 500
NIFTY 500,30 Nov 2022,15827.45,15991.6,15820.55,15946.15,NIFTY 500
NIFTY 500,29 Nov 2022,15784.55,15859.35,15782.4,15812.45,NIFTY 500
NIFTY 500,28 Nov 2022,15683.75,15817.35,15642.8,15784.45,NIFTY 500
NIFTY 500,25 Nov 2022,15719.8,15743.1,15668.35,15727.25,NIFTY 500
NIFTY 500,24 Nov 2022,15588.45,15706.5,15567.75,15680.8,NIFTY 500
NIFTY 500,23 Nov 2022,15572.75,15572.9,15520.25,15538.15,NIFTY 500
NIFTY 500,22 Nov 2022,15472.65,15518.1,15437.3,15509.2,NIFTY 500
NIFTY 500,21 Nov 2022,15514.6,15523.15,15431.2,15453.8,NIFTY 500
NIFTY 500,18 Nov 2022,15634.3,15644.8,15472.35,15550.85,NIFTY 500
NIFTY 500,17 Nov 2022,15630.55,15661.1,15573.95,15597.25,NIFTY 500
NIFTY 500,16 Nov 2022,15696.55,15711.3,15607.25,15663.3,NIFTY 500
NIFTY 500,15 Nov 2022,15678.5,15708.9,15609.5,15693.9,NIFTY 500
NIFTY 500,14 Nov 2022,15672.5,15684.25,15627.75,15650.2,NIFTY 500
NIFTY 500,11 Nov 2022,15633.5,15662.05,15612.45,15649.1,NIFTY 500
NIFTY 500,10 Nov 2022,15490.25,15523.9,15384.35,15440.0,NIFTY 500
NIFTY 500,09 Nov 2022,15684.45,15686.35,15534.85,15567.25,NIFTY 500
NIFTY 500,07 Nov 2022,15610.95,15647.25,15505.75,15615.15,NIFTY 500
NIFTY 500,04 Nov 2022,15495.75,15542.15,15454.3,15530.85,NIFTY 500
NIFTY 500,03 Nov 2022,15407.8,15519.15,15401.3,15484.7,NIFTY 500
NIFTY 500,02 Nov 2022,15560.45,15561.1,15470.4,15497.55,NIFTY 500
NIFTY 500,01 Nov 2022,15507.95,15545.85,15460.7,15537.4,NIFTY 500
NIFTY 500,31 Oct 2022,15333.15,15433.05,15327.4,15424.0,NIFTY 500
NIFTY 500,28 Oct 2022,15265.45,15290.15,15191.6,15241.6,NIFTY 500
NIFTY 500,27 Oct 2022,15246.55,15273.3,15172.15,15244.25,NIFTY 500
NIFTY 500,25 Oct 2022,15251.75,15253.75,15143.45,15158.1,NIFTY 500
NIFTY 500,24 Oct 2022,15225.45,15248.05,15179.15,15198.75,NIFTY 500
NIFTY 500,21 Oct 2022,15159.6,15181.9,15036.1,15081.1,NIFTY 500
NIFTY 500,20 Oct 2022,14998.45,15128.4,14979.6,15112.1,NIFTY 500
NIFTY 500,19 Oct 2022,15120.4,15153.05,15039.8,15068.6,NIFTY 500
NIFTY 500,18 Oct 2022,15009.1,15071.95,15007.25,15056.55,NIFTY 500
NIFTY 500,17 Oct 2022,14783.2,14920.7,14718.8,14906.15,NIFTY 500
NIFTY 500,14 Oct 2022,14979.15,14989.15,14803.7,14815.1,NIFTY 500
NIFTY 500,13 Oct 2022,14811.2,14832.35,14683.55,14730.3,NIFTY 500
NIFTY 500,12 Oct 2022,14761.45,14844.85,14676.55,14829.95,NIFTY 500
NIFTY 500,11 Oct 2022,14980.45,14982.75,14692.55,14721.9,NIFTY 500
NIFTY 500,10 Oct 2022,14857.0,14989.05,14818.5,14951.65,NIFTY 500
NIFTY 500,07 Oct 2022,15030.2,15055.65,14943.15,15036.7,NIFTY 500
NIFTY 500,06 Oct 2022,15063.55,15119.9,15042.2,15053.05,NIFTY 500
NIFTY 500,04 Oct 2022,14869.55,14975.6,14852.55,14965.8,NIFTY 500
NIFTY 500,03 Oct 2022,14837.1,14858.65,14585.8,14638.5,NIFTY 500
NIFTY 500,30 Sep 2022,14586.9,14881.3,14516.3,14829.35,NIFTY 500
NIFTY 500,29 Sep 2022,14748.2,14783.75,14569.1,14602.5,NIFTY 500
NIFTY 500,28 Sep 2022,14617.4,14768.25,14577.05,14620.6,NIFTY 500
NIFTY 500,27 Sep 2022,14805.85,14874.45,14652.3,14727.3,NIFTY 500
NIFTY 500,26 Sep 2022,14916.9,14932.5,14671.05,14725.7,NIFTY 500
NIFTY 500,23 Sep 2022,15324.3,15360.2,15032.75,15057.65,NIFTY 500
NIFTY 500,22 Sep 2022,15284.6,15386.75,15224.95,15335.3,NIFTY 500
NIFTY 500,21 Sep 2022,15449.25,15516.5,15320.05,15361.25,NIFTY 500
NIFTY 500,20 Sep 2022,15423.5,15557.3,15410.25,15470.35,NIFTY 500
NIFTY 500,19 Sep 2022,15264.25,15348.8,15135.15,15293.55,NIFTY 500
NIFTY 500,16 Sep 2022,15529.35,15542.0,15197.9,15243.95,NIFTY 500
NIFTY 500,15 Sep 2022,15686.0,15724.45,15543.9,15580.35,NIFTY 500
NIFTY 500,14 Sep 2022,15423.9,15688.1,15423.9,15630.7,NIFTY 500
NIFTY 500,13 Sep 2022,15667.35,15686.85,15635.15,15669.85,NIFTY 500
NIFTY 500,12 Sep 2022,15524.7,15600.15,15522.4,15577.4,NIFTY 500
NIFTY 500,09 Sep 2022,15547.55,15548.85,15426.4,15467.4,NIFTY 500
NIFTY 500,08 Sep 2022,15430.2,15448.75,15365.7,15440.7,NIFTY 500
NIFTY 500,07 Sep 2022,15222.25,15334.0,15199.4,15319.4,NIFTY 500
NIFTY 500,06 Sep 2022,15339.3,15386.75,15248.0,15313.05,NIFTY 500
NIFTY 500,05 Sep 2022,15221.75,15311.95,15217.35,15294.4,NIFTY 500
NIFTY 500,02 Sep 2022,15272.45,15305.0,15184.3,15201.6,NIFTY 500
NIFTY 500,01 Sep 2022,15142.7,15309.85,15141.45,15211.2,NIFTY 500
NIFTY 500,30 Aug 2022,15071.45,15338.8,15065.35,15325.05,NIFTY 500
NIFTY 500,29 Aug 2022,14797.8,15016.25,14793.95,14972.75,NIFTY 500
NIFTY 500,26 Aug 2022,15187.1,15242.65,15116.2,15147.55,NIFTY 500
NIFTY 500,25 Aug 2022,15208.85,15252.8,15075.1,15100.65,NIFTY 500
NIFTY 500,24 Aug 2022,15062.45,15152.45,15037.15,15140.4,NIFTY 500
NIFTY 500,23 Aug 2022,14887.0,15128.25,14879.9,15090.5,NIFTY 500
NIFTY 500,22 Aug 2022,15183.1,15186.15,14980.4,15001.75,NIFTY 500
NIFTY 500,19 Aug 2022,15426.2,15445.5,15205.55,15236.65,NIFTY 500
NIFTY 500,18 Aug 2022,15355.6,15415.25,15325.2,15404.6,NIFTY 500
NIFTY 500,17 Aug 2022,15325.35,15398.45,15306.55,15379.05,NIFTY 500
NIFTY 500,16 Aug 2022,15222.9,15287.45,15203.5,15280.5,NIFTY 500
NIFTY 500,12 Aug 2022,15102.8,15162.3,15060.75,15140.55,NIFTY 500
NIFTY 500,11 Aug 2022,15123.65,15130.05,15069.9,15095.15,NIFTY 500
NIFTY 500,10 Aug 2022,15033.3,15033.3,14919.2,14985.8,NIFTY 500
NIFTY 500,08 Aug 2022,14910.6,15009.9,14867.2,14993.35,NIFTY 500
NIFTY 500,05 Aug 2022,14933.2,14972.1,14874.25,14900.4,NIFTY 500
NIFTY 500,04 Aug 2022,14944.95,14974.7,14688.0,14892.45,NIFTY 500
NIFTY 500,03 Aug 2022,14880.65,14906.7,14750.75,14878.05,NIFTY 500
NIFTY 500,02 Aug 2022,14831.9,14906.0,14765.3,14876.6,NIFTY 500
NIFTY 500,01 Aug 2022,14741.4,14858.3,14666.2,14846.85,NIFTY 500
NIFTY 500,29 Jul 2022,14588.15,14677.75,14553.65,14665.65,NIFTY 500
NIFTY 500,28 Jul 2022,14365.05,14481.45,14330.3,14469.1,NIFTY 500
NIFTY 500,27 Jul 2022,14131.8,14272.2,14099.9,14262.55,NIFTY 500
NIFTY 500,26 Jul 2022,14284.7,14286.5,14122.55,14141.45,NIFTY 500
NIFTY 500,25 Jul 2022,14307.9,14335.1,14228.15,14279.5,NIFTY 500
NIFTY 500,22 Jul 2022,14325.05,14359.75,14265.25,14336.6,NIFTY 500
NIFTY 500,21 Jul 2022,14172.8,14288.6,14141.65,14271.8,NIFTY 500
NIFTY 500,20 Jul 2022,14220.2,14230.9,14140.0,14164.4,NIFTY 500
NIFTY 500,19 Jul 2022,13922.55,14067.75,13922.35,14051.65,NIFTY 500
NIFTY 500,18 Jul 2022,13883.8,13993.4,13877.6,13984.4,NIFTY 500
NIFTY 500,15 Jul 2022,13761.1,13804.05,13695.2,13790.2,NIFTY 500
NIFTY 500,14 Jul 2022,13771.2,13797.6,13617.15,13702.65,NIFTY 500
NIFTY 500,13 Jul 2022,13842.8,13861.3,13714.2,13726.95,NIFTY 500
NIFTY 500,12 Jul 2022,13823.6,13866.65,13757.3,13779.0,NIFTY 500
NIFTY 500,11 Jul 2022,13771.4,13905.95,13755.75,13886.85,NIFTY 500
NIFTY 500,08 Jul 2022,13873.75,13874.7,13770.9,13828.25,NIFTY 500
NIFTY 500,07 Jul 2022,13736.95,13777.75,13687.55,13765.6,NIFTY 500
NIFTY 500,06 Jul 2022,13472.8,13647.2,13443.35,13631.3,NIFTY 500
NIFTY 500,05 Jul 2022,13533.75,13628.45,13439.4,13461.85,NIFTY 500
NIFTY 500,04 Jul 2022,13378.4,13483.7,13337.2,13472.65,NIFTY 500
NIFTY 500,01 Jul 2022,13335.25,13422.45,13192.9,13394.45,NIFTY 500
NIFTY 500,30 Jun 2022,13410.8,13492.15,13352.4,13387.55,NIFTY 500
NIFTY 500,29 Jun 2022,13337.65,13462.05,13328.2,13417.85,NIFTY 500
NIFTY 500,28 Jun 2022,13389.85,13487.5,13330.75,13464.25,NIFTY 500
NIFTY 500,27 Jun 2022,13506.35,13510.8,13432.65,13444.55,NIFTY 500
NIFTY 500,24 Jun 2022,13269.2,13337.7,13247.95,13322.5,NIFTY 500
NIFTY 500,23 Jun 2022,13081.9,13231.9,13021.25,13178.8,NIFTY 500
NIFTY 500,22 Jun 2022,13176.1,13184.9,13028.35,13047.75,NIFTY 500
NIFTY 500,21 Jun 2022,13042.8,13275.5,13019.35,13241.9,NIFTY 500
NIFTY 500,20 Jun 2022,13026.15,13049.4,12855.55,12950.75,NIFTY 500
NIFTY 500,17 Jun 2022,13011.4,13111.95,12903.85,12994.75,NIFTY 500
NIFTY 500,16 Jun 2022,13508.7,13527.8,13064.05,13089.2,NIFTY 500
NIFTY 500,15 Jun 2022,13412.2,13448.45,13366.75,13380.85,NIFTY 500
NIFTY 500,14 Jun 2022,13341.95,13506.5,13324.15,13388.3,NIFTY 500
NIFTY 500,13 Jun 2022,13521.2,13527.75,13356.2,13416.9,NIFTY 500
NIFTY 500,10 Jun 2022,13825.0,13860.05,13757.95,13781.75,NIFTY 500
NIFTY 500,09 Jun 2022,13816.7,13989.0,13790.0,13977.1,NIFTY 500
NIFTY 500,08 Jun 2022,13981.65,14020.45,13832.45,13886.9,NIFTY 500
NIFTY 500,07 Jun 2022,13978.65,13990.2,13883.75,13935.6,NIFTY 500
NIFTY 500,06 Jun 2022,14042.4,14081.2,13932.15,14054.1,NIFTY 500
NIFTY 500,03 Jun 2022,14280.35,14300.0,14064.9,14077.9,NIFTY 500
NIFTY 500,02 Jun 2022,14059.25,14179.3,14029.8,14167.95,NIFTY 500
NIFTY 500,01 Jun 2022,14132.1,14186.9,14009.05,14082.9,NIFTY 500
NIFTY 500,31 May 2022,14106.0,14215.45,14067.05,14119.6,NIFTY 500
NIFTY 500,30 May 2022,14022.6,14163.05,14009.65,14154.8,NIFTY 500
NIFTY 500,27 May 2022,13839.3,13885.05,13768.3,13873.15,NIFTY 500
NIFTY 500,26 May 2022,13651.55,13756.85,13445.25,13722.55,NIFTY 500
NIFTY 500,25 May 2022,13805.1,13821.4,13574.5,13587.75,NIFTY 500
NIFTY 500,24 May 2022,13858.05,13883.55,13709.4,13747.25,NIFTY 500
NIFTY 500,23 May 2022,13929.75,14005.5,13813.6,13835.8,NIFTY 500
NIFTY 500,20 May 2022,13755.05,13906.4,13733.55,13895.05,NIFTY 500
NIFTY 500,19 May 2022,13625.75,13680.65,13520.95,13550.9,NIFTY 500
NIFTY 500,18 May 2022,13989.35,14064.0,13896.6,13918.2,NIFTY 500
NIFTY 500,17 May 2022,13648.45,13944.7,13632.15,13926.05,NIFTY 500
NIFTY 500,16 May 2022,13540.25,13646.3,13434.45,13571.2,NIFTY 500
NIFTY 500,13 May 2022,13621.2,13738.55,13435.05,13471.5,NIFTY 500
NIFTY 500,12 May 2022,13656.95,13671.0,13389.75,13465.25,NIFTY 500
NIFTY 500,11 May 2022,13888.15,13949.1,13589.35,13771.8,NIFTY 500
NIFTY 500,10 May 2022,13953.95,14068.4,13823.35,13855.95,NIFTY 500
NIFTY 500,09 May 2022,14002.75,14088.3,13879.55,13991.75,NIFTY 500
NIFTY 500,06 May 2022,14159.1,14205.0,14073.45,14145.75,NIFTY 500
NIFTY 500,05 May 2022,14542.15,14606.05,14365.55,14395.5,NIFTY 500
NIFTY 500,04 May 2022,14771.45,14798.3,14343.6,14393.35,NIFTY 500
NIFTY 500,02 May 2022,14647.25,14751.05,14617.75,14736.3,NIFTY 500
NIFTY 500,29 Apr 2022,14991.45,15011.7,14743.35,14783.35,NIFTY 500
NIFTY 500,28 Apr 2022,14886.5,14964.6,14765.85,14913.9,NIFTY 500
NIFTY 500,27 Apr 2022,14797.35,14825.55,14678.95,14756.0,NIFTY 500
NIFTY 500,26 Apr 2022,14818.8,14915.35,14785.85,14898.35,NIFTY 500
NIFTY 500,25 Apr 2022,14758.6,14769.1,14623.1,14673.0,NIFTY 500
NIFTY 500,22 Apr 2022,14948.1,15015.35,14875.8,14894.85,NIFTY 500
NIFTY 500,21 Apr 2022,14946.3,15067.45,14929.15,15053.95,NIFTY 500
NIFTY 500,20 Apr 2022,14807.15,14905.25,14747.95,14850.3,NIFTY 500
NIFTY 500,19 Apr 2022,15012.75,15041.65,14617.05,14726.65,NIFTY 500
NIFTY 500,18 Apr 2022,14942.6,14971.5,14821.25,14926.05,NIFTY 500
NIFTY 500,13 Apr 2022,15239.65,15284.7,15126.65,15138.55,NIFTY 500
NIFTY 500,12 Apr 2022,15281.85,15283.35,15078.45,15164.7,NIFTY 500
NIFTY 500,11 Apr 2022,15337.5,15386.85,15294.3,15325.5,NIFTY 500
NIFTY 500,08 Apr 2022,15271.35,15386.1,15202.5,15342.4,NIFTY 500
NIFTY 500,07 Apr 2022,15292.35,15361.2,15185.7,15201.25,NIFTY 500
NIFTY 500,06 Apr 2022,15318.15,15387.4,15293.85,15327.9,NIFTY 500
NIFTY 500,05 Apr 2022,15433.05,15477.8,15360.2,15390.5,NIFTY 500
NIFTY 500,04 Apr 2022,15192.8,15393.35,15184.7,15384.2,NIFTY 500
NIFTY 500,01 Apr 2022,14890.1,15111.35,14882.6,15087.3,NIFTY 500
NIFTY 500,31 Mar 2022,14925.55,14963.4,14871.0,14894.5,NIFTY 500
NIFTY 500,30 Mar 2022,14880.7,14924.75,14823.55,14896.9,NIFTY 500
NIFTY 500,29 Mar 2022,14744.05,14773.15,14689.6,14761.9,NIFTY 500
NIFTY 500,28 Mar 2022,14686.25,14694.85,14515.65,14675.85,NIFTY 500
NIFTY 500,25 Mar 2022,14763.9,14768.3,14590.45,14651.7,NIFTY 500
NIFTY 500,24 Mar 2022,14598.75,14744.7,14595.7,14699.35,NIFTY 500
NIFTY 500,23 Mar 2022,14806.6,14833.3,14660.45,14695.15,NIFTY 500
NIFTY 500,22 Mar 2022,14613.1,14738.15,14492.25,14724.05,NIFTY 500
NIFTY 500,21 Mar 2022,14773.05,14789.85,14590.7,14602.35,NIFTY 500
NIFTY 500,17 Mar 2022,14667.2,14756.55,14644.75,14721.7,NIFTY 500
NIFTY 500,16 Mar 2022,14392.55,14491.45,14369.5,14481.8,NIFTY 500
NIFTY 500,15 Mar 2022,14408.75,14433.75,14130.9,14215.85,NIFTY 500
NIFTY 500,14 Mar 2022,14248.9,14389.35,14189.1,14374.6,NIFTY 500
NIFTY 500,11 Mar 2022,14145.5,14268.3,14098.7,14237.15,NIFTY 500
NIFTY 500,10 Mar 2022,14313.2,14316.8,14079.85,14189.0,NIFTY 500
NIFTY 500,09 Mar 2022,13786.4,14037.65,13721.95,13979.6,NIFTY 500
NIFTY 500,08 Mar 2022,13504.75,13720.1,13423.55,13706.75,NIFTY 500
NIFTY 500,07 Mar 2022,13594.75,13637.5,13438.3,13564.25,NIFTY 500
NIFTY 500,04 Mar 2022,14020.2,14075.0,13828.45,13893.15,NIFTY 500
NIFTY 500,03 Mar 2022,14327.7,14364.6,14094.3,14135.95,NIFTY 500
NIFTY 500,02 Mar 2022,14161.7,14265.5,14104.75,14199.8,NIFTY 500
NIFTY 500,28 Feb 2022,14047.75,14320.95,13928.8,14307.95,NIFTY 500
NIFTY 500,25 Feb 2022,14018.1,14247.05,14007.7,14187.4,NIFTY 500
NIFTY 500,24 Feb 2022,14055.85,14180.85,13747.45,13775.7,NIFTY 500
NIFTY 500,23 Feb 2022,14581.05,14629.05,14482.3,14506.95,NIFTY 500
NIFTY 500,22 Feb 2022,14269.45,14527.2,14267.6,14489.05,NIFTY 500
NIFTY 500,21 Feb 2022,14638.35,14733.1,14498.2,14597.1,NIFTY 500
NIFTY 500,18 Feb 2022,14711.3,14815.0,14692.65,14710.7,NIFTY 500
NIFTY 500,17 Feb 2022,14857.1,14895.65,14725.05,14772.05,NIFTY 500
NIFTY 500,16 Feb 2022,14876.65,14935.6,14756.5,14789.9,NIFTY 500
NIFTY 500,15 Feb 2022,14469.0,14822.75,14348.4,14805.55,NIFTY 500
NIFTY 500,14 Feb 2022,14606.55,14638.65,14370.7,14400.4,NIFTY 500
NIFTY 500,11 Feb 2022,14988.95,14990.6,14862.05,14891.3,NIFTY 500
NIFTY 500,10 Feb 2022,15084.35,15134.1,14972.35,15112.2,NIFTY 500
NIFTY 500,09 Feb 2022,14942.75,15026.5,14925.05,15016.35,NIFTY 500
NIFTY 500,08 Feb 2022,14926.5,14955.25,14689.15,14857.05,NIFTY 500
NIFTY 500,07 Feb 2022,15065.05,15126.65,14796.2,14870.6,NIFTY 500
NIFTY 500,04 Feb 2022,15159.6,15188.4,15048.35,15085.45,NIFTY 500
NIFTY 500,03 Feb 2022,15289.15,15296.35,15101.0,15135.9,NIFTY 500
NIFTY 500,02 Feb 2022,15218.25,15304.6,15201.45,15293.35,NIFTY 500
NIFTY 500,01 Feb 2022,15073.15,15138.2,14850.3,15116.2,NIFTY 500
NIFTY 500,31 Jan 2022,14894.75,14975.8,14857.55,14921.45,NIFTY 500
NIFTY 500,28 Jan 2022,14773.05,14952.15,14701.6,14723.25,NIFTY 500
NIFTY 500,27 Jan 2022,14671.7,14735.75,14489.8,14679.7,NIFTY 500
NIFTY 500,25 Jan 2022,14577.55,14853.0,14410.9,14832.2,NIFTY 500
NIFTY 500,24 Jan 2022,15155.0,15165.4,14577.15,14712.05,NIFTY 500
NIFTY 500,21 Jan 2022,15252.9,15294.7,15069.05,15180.8,NIFTY 500
NIFTY 500,20 Jan 2022,15464.45,15486.15,15280.55,15361.1,NIFTY 500
NIFTY 500,19 Jan 2022,15580.4,15580.4,15403.2,15472.5,NIFTY 500
NIFTY 500,18 Jan 2022,15819.45,15834.2,15546.65,15573.1,NIFTY 500
NIFTY 500,17 Jan 2022,15731.35,15794.95,15718.25,15781.25,NIFTY 500
NIFTY 500,14 Jan 2022,15667.95,15754.45,15619.55,15730.4,NIFTY 500
NIFTY 500,13 Jan 2022,15710.3,15730.95,15629.45,15721.05,NIFTY 500
NIFTY 500,12 Jan 2022,15627.05,15678.7,15595.65,15667.9,NIFTY 500
NIFTY 500,11 Jan 2022,15497.5,15559.1,15462.05,15530.55,NIFTY 500
NIFTY 500,10 Jan 2022,15427.65,15504.0,15400.55,15495.55,NIFTY 500
NIFTY 500,07 Jan 2022,15333.45,15418.4,15255.45,15348.55,NIFTY 500
NIFTY 500,06 Jan 2022,15275.75,15315.5,15197.1,15290.1,NIFTY 500
NIFTY 500,05 Jan 2022,15329.75,15410.6,15264.85,15396.4,NIFTY 500
NIFTY 500,04 Jan 2022,15260.9,15333.6,15168.15,15318.75,NIFTY 500
NIFTY 500,03 Jan 2022,15030.5,15220.05,15028.55,15204.6,NIFTY 500
NIFTY MIDCAP 150,30 Dec 2022,11901.8,11945.9,11862.7,11885.75,NIFTY MIDCAP 150
NIFTY MIDCAP 150,29 Dec 2022,11773.85,11853.7,11695.25,11829.25,NIFTY MIDCAP 150
NIFTY MIDCAP 150,28 Dec 2022,11775.4,11837.95,11711.7,11812.2,NIFTY MIDCAP 150
NIFTY MIDCAP 150,27 Dec 2022,11741.25,11804.85,11673.8,11774.15,NIFTY MIDCAP 150
NIFTY MIDCAP 150,26 Dec 2022,11385.1,11688.75,11291.45,11665.3,NIFTY MIDCAP 150
NIFTY MIDCAP 150,23 Dec 2022,11685.75,11711.15,11360.05,11383.05,NIFTY MIDCAP 150
NIFTY MIDCAP 150,22 Dec 2022,11960.05,11996.5,11715.75,11797.05,NIFTY MIDCAP 150
NIFTY MIDCAP 150,21 Dec 2022,12141.2,12189.7,11881.85,11908.15,NIFTY MIDCAP 150
NIFTY MIDCAP 150,20 Dec 2022,12100.25,12120.9,11994.9,12098.55,NIFTY MIDCAP 150
NIFTY MIDCAP 150,19 Dec 2022,12083.8,12126.3,12001.55,12118.95,NIFTY MIDCAP 150
NIFTY MIDCAP 150,16 Dec 2022,12191.35,12226.2,12028.4,12061.25,NIFTY MIDCAP 150
NIFTY MIDCAP 150,15 Dec 2022,12352.6,12378.55,12210.95,12237.9,NIFTY MIDCAP 150
NIFTY MIDCAP 150,14 Dec 2022,12313.4,12374.6,12300.3,12349.7,NIFTY MIDCAP 150
NIFTY MIDCAP 150,13 Dec 2022,12258.0,12277.05,12217.95,12270.45,NIFTY MIDCAP 150
NIFTY MIDCAP 150,12 Dec 2022,12185.15,12227.3,12087.95,12218.95,NIFTY MIDCAP 150
NIFTY MIDCAP 150,09 Dec 2022,12294.45,12323.0,12090.3,12181.6,NIFTY MIDCAP 150
NIFTY MIDCAP 150,08 Dec 2022,12210.55,12246.05,12175.75,12237.05,NIFTY MIDCAP 150
NIFTY MIDCAP 150,07 Dec 2022,12259.25,12273.95,12159.9,12178.85,NIFTY MIDCAP 150
NIFTY MIDCAP 150,06 Dec 2022,12280.85,12296.95,12217.85,12239.3,NIFTY MIDCAP 150
NIFTY MIDCAP 150,05 Dec 2022,12331.5,12332.1,12244.85,12298.5,NIFTY MIDCAP 150
NIFTY MIDCAP 150,02 Dec 2022,12199.05,12297.5,12188.6,12289.6,NIFTY MIDCAP 150
NIFTY MIDCAP 150,01 Dec 2022,12158.4,12209.8,12122.3,12185.25,NIFTY MIDCAP 150
NIFTY MIDCAP 150,30 Nov 2022,11998.45,12121.65,11997.4,12093.5,NIFTY MIDCAP 150
NIFTY MIDCAP 150,29 Nov 2022,12030.85,12053.7,11965.6,11983.1,NIFTY MIDCAP 150
NIFTY MIDCAP 150,28 Nov 2022,11950.15,12037.0,11944.25,12025.95,NIFTY MIDCAP 150
NIFTY MIDCAP 150,25 Nov 2022,11865.55,11953.8,11862.7,11943.55,NIFTY MIDCAP 150
NIFTY MIDCAP 150,24 Nov 2022,11832.05,11842.55,11806.45,11837.6,NIFTY MIDCAP 150
NIFTY MIDCAP 150,23 Nov 2022,11799.55,11818.85,11773.45,11790.2,NIFTY MIDCAP 150
NIFTY MIDCAP 150,22 Nov 2022,11743.5,11771.65,11726.3,11762.55,NIFTY MIDCAP 150
NIFTY MIDCAP 150,21 Nov 2022,11719.0,11744.45,11681.85,11719.55,NIFTY MIDCAP 150
NIFTY MIDCAP 150,18 Nov 2022,11799.15,11810.65,11653.35,11719.95,NIFTY MIDCAP 150
NIFTY MIDCAP 150,17 Nov 2022,11807.1,11813.6,11742.65,11767.05,NIFTY MIDCAP 150
NIFTY MIDCAP 150,16 Nov 2022,11903.9,11929.95,11777.7,11816.55,NIFTY MIDCAP 150
NIFTY MIDCAP 150,15 Nov 2022,11904.15,11923.1,11861.75,11888.25,NIFTY MIDCAP 150
NIFTY MIDCAP 150,14 Nov 2022,11899.6,11930.7,11830.2,11893.6,NIFTY MIDCAP 150
NIFTY MIDCAP 150,11 Nov 2022,12008.85,12045.0,11880.65,11898.55,NIFTY MIDCAP 150
NIFTY MIDCAP 150,10 Nov 2022,11963.8,11976.8,11835.2,11881.95,NIFTY MIDCAP 150
NIFTY MIDCAP 150,09 Nov 2022,12115.9,12117.55,11973.65,11991.25,NIFTY MIDCAP 150
NIFTY MIDCAP 150,07 Nov 2022,12038.4,12076.75,12006.05,12066.05,NIFTY MIDCAP 150
NIFTY MIDCAP 150,04 Nov 2022,12005.1,12035.35,11950.7,11978.15,NIFTY MIDCAP 150
NIFTY MIDCAP 150,03 Nov 2022,11914.35,11997.6,11909.2,11984.75,NIFTY MIDCAP 150
NIFTY MIDCAP 150,02 Nov 2022,11975.15,12014.3,11944.05,11965.65,NIFTY MIDCAP 150
NIFTY MIDCAP 150,01 Nov 2022,11905.35,11981.1,11899.0,11967.9,NIFTY MIDCAP 150
NIFTY MIDCAP 150,31 Oct 2022,11767.25,11874.45,11766.5,11868.15,NIFTY MIDCAP 150
NIFTY MIDCAP 150,28 Oct 2022,11813.4,11823.45,11689.75,11715.55,NIFTY MIDCAP 150
NIFTY MIDCAP 150,27 Oct 2022,11758.2,11805.85,11740.9,11791.8,NIFTY MIDCAP 150
NIFTY MIDCAP 150,25 Oct 2022,11718.3,11750.65,11641.0,11718.9,NIFTY MIDCAP 150
NIFTY MIDCAP 150,24 Oct 2022,11761.9,11762.0,11691.25,11703.0,NIFTY MIDCAP 150
NIFTY MIDCAP 150,21 Oct 2022,11733.35,11770.75,11603.05,11637.6,NIFTY MIDCAP 150
NIFTY MIDCAP 150,20 Oct 2022,11685.15,11717.65,11616.5,11706.15,NIFTY MIDCAP 150
NIFTY MIDCAP 150,19 Oct 2022,11761.8,11791.65,11715.0,11737.9,NIFTY MIDCAP 150
NIFTY MIDCAP 150,18 Oct 2022,11689.35,11737.8,11645.4,11727.75,NIFTY MIDCAP 150
NIFTY MIDCAP 150,17 Oct 2022,11561.85,11626.7,11472.8,11611.65,NIFTY MIDCAP 150
NIFTY MIDCAP 150,14 Oct 2022,11751.8,11777.65,11579.7,11591.65,NIFTY MIDCAP 150
NIFTY MIDCAP 150,13 Oct 2022,11677.65,11695.75,11558.15,11599.7,NIFTY MIDCAP 150
NIFTY MIDCAP 150,12 Oct 2022,11642.6,11688.15,11529.55,11672.45,NIFTY MIDCAP 150
NIFTY MIDCAP 150,11 Oct 2022,11829.75,11832.0,11581.1,11607.0,NIFTY MIDCAP 150
NIFTY MIDCAP 150,10 Oct 2022,11778.35,11831.2,11727.6,11796.05,NIFTY MIDCAP 150
NIFTY MIDCAP 150,07 Oct 2022,11944.45,11953.75,11826.1,11903.05,NIFTY MIDCAP 150
NIFTY MIDCAP 150,06 Oct 2022,11878.8,11963.8,11875.65,11933.35,NIFTY MIDCAP 150
NIFTY MIDCAP 150,04 Oct 2022,11692.1,11803.3,11656.7,11794.35,NIFTY MIDCAP 150
NIFTY MIDCAP 150,03 Oct 2022,11658.95,11694.3,11481.05,11533.35,NIFTY MIDCAP 150
NIFTY MIDCAP 150,30 Sep 2022,11478.7,11673.95,11373.65,11654.45,NIFTY MIDCAP 150
NIFTY MIDCAP 150,29 Sep 2022,11552.0,11590.5,11416.55,11488.6,NIFTY MIDCAP 150
NIFTY MIDCAP 150,28 Sep 2022,11401.05,11533.75,11371.6,11439.4,NIFTY MIDCAP 150
NIFTY MIDCAP 150,27 Sep 2022,11519.5,11574.3,11375.95,11469.75,NIFTY MIDCAP 150
NIFTY MIDCAP 150,26 Sep 2022,11711.1,11715.5,11377.85,11461.7,NIFTY MIDCAP 150
NIFTY MIDCAP 150,23 Sep 2022,12082.05,12104.2,11798.7,11811.9,NIFTY MIDCAP 150
NIFTY MIDCAP 150,22 Sep 2022,11992.85,12097.05,11928.1,12067.4,NIFTY MIDCAP 150
NIFTY MIDCAP 150,21 Sep 2022,12124.8,12194.5,12000.0,12027.5,NIFTY MIDCAP 150
NIFTY MIDCAP 150,20 Sep 2022,12029.5,12174.65,12026.15,12111.3,NIFTY MIDCAP 150
NIFTY MIDCAP 150,19 Sep 2022,11954.5,11984.05,11810.9,11936.55,NIFTY MIDCAP 150
NIFTY MIDCAP 150,16 Sep 2022,12240.6,12260.6,11863.0,11933.3,NIFTY MIDCAP 150
NIFTY MIDCAP 150,15 Sep 2022,12266.25,12308.9,12173.55,12242.85,NIFTY MIDCAP 150
NIFTY MIDCAP 150,14 Sep 2022,12093.8,12234.65,12081.3,12203.55,NIFTY MIDCAP 150
NIFTY MIDCAP 150,13 Sep 2022,12289.3,12314.1,12232.95,12245.65,NIFTY MIDCAP 150
NIFTY MIDCAP 150,12 Sep 2022,12184.0,12242.25,12173.25,12228.05,NIFTY MIDCAP 150
NIFTY MIDCAP 150,09 Sep 2022,12155.15,12195.75,12098.35,12129.45,NIFTY MIDCAP 150
NIFTY MIDCAP 150,08 Sep 2022,12124.9,12146.35,12053.45,12080.8,NIFTY MIDCAP 150
NIFTY MIDCAP 150,07 Sep 2022,11945.55,12050.1,11927.7,12038.85,NIFTY MIDCAP 150
NIFTY MIDCAP 150,06 Sep 2022,11987.1,12005.85,11924.0,11974.95,NIFTY MIDCAP 150
NIFTY MIDCAP 150,05 Sep 2022,11900.7,11952.55,11896.85,11930.35,NIFTY MIDCAP 150
NIFTY MIDCAP 150,02 Sep 2022,11957.05,11982.75,11849.8,11865.55,NIFTY MIDCAP 150
NIFTY MIDCAP 150,01 Sep 2022,11805.25,11918.1,11790.05,11896.95,NIFTY MIDCAP 150
NIFTY MIDCAP 150,30 Aug 2022,11722.05,11879.25,11720.0,11867.0,NIFTY MIDCAP 150
NIFTY MIDCAP 150,29 Aug 2022,11418.15,11647.8,11417.35,11633.9,NIFTY MIDCAP 150
NIFTY MIDCAP 150,26 Aug 2022,11752.35,11801.3,11709.75,11730.6,NIFTY MIDCAP 150
NIFTY MIDCAP 150,25 Aug 2022,11738.55,11775.35,11667.2,11685.85,NIFTY MIDCAP 150
NIFTY MIDCAP 150,24 Aug 2022,11595.4,11682.45,11588.7,11675.05,NIFTY MIDCAP 150
NIFTY MIDCAP 150,23 Aug 2022,11396.4,11620.9,11391.5,11598.85,NIFTY MIDCAP 150
NIFTY MIDCAP 150,22 Aug 2022,11670.25,11670.25,11467.75,11489.8,NIFTY MIDCAP 150
NIFTY MIDCAP 150,19 Aug 2022,11886.6,11903.2,11673.45,11701.35,NIFTY MIDCAP 150
NIFTY MIDCAP 150,18 Aug 2022,11835.05,11884.35,11808.4,11849.45,NIFTY MIDCAP 150
NIFTY MIDCAP 150,17 Aug 2022,11828.65,11858.45,11811.85,11830.6,NIFTY MIDCAP 150
NIFTY MIDCAP 150,16 Aug 2022,11683.55,11788.65,11669.05,11782.3,NIFTY MIDCAP 150
NIFTY MIDCAP 150,12 Aug 2022,11571.65,11641.8,11547.5,11624.6,NIFTY MIDCAP 150
NIFTY MIDCAP 150,11 Aug 2022,11546.65,11566.1,11529.15,11549.8,NIFTY MIDCAP 150
NIFTY MIDCAP 150,10 Aug 2022,11522.15,11536.8,11427.2,11458.05,NIFTY MIDCAP 150
NIFTY MIDCAP 150,08 Aug 2022,11465.45,11530.2,11416.4,11482.3,NIFTY MIDCAP 150
NIFTY MIDCAP 150,05 Aug 2022,11451.45,11488.6,11422.8,11453.7,NIFTY MIDCAP 150
NIFTY MIDCAP 150,04 Aug 2022,11410.05,11453.05,11225.55,11417.95,NIFTY MIDCAP 150
NIFTY MIDCAP 150,03 Aug 2022,11415.15,11424.45,11271.6,11356.9,NIFTY MIDCAP 150
NIFTY MIDCAP 150,02 Aug 2022,11364.15,11437.1,11305.9,11416.65,NIFTY MIDCAP 150
NIFTY MIDCAP 150,01 Aug 2022,11256.45,11370.75,11201.2,11364.15,NIFTY MIDCAP 150
NIFTY MIDCAP 150,29 Jul 2022,11118.2,11206.85,11110.4,11194.7,NIFTY MIDCAP 150
NIFTY MIDCAP 150,28 Jul 2022,11027.9,11050.85,10969.25,11040.55,NIFTY MIDCAP 150
NIFTY MIDCAP 150,27 Jul 2022,10855.7,10969.95,10829.4,10959.6,NIFTY MIDCAP 150
NIFTY MIDCAP 150,26 Jul 2022,10992.45,10995.85,10853.75,10866.2,NIFTY MIDCAP 150
NIFTY MIDCAP 150,25 Jul 2022,10995.65,11009.5,10936.8,10983.7,NIFTY MIDCAP 150
NIFTY MIDCAP 150,22 Jul 2022,11022.5,11043.4,10952.85,10991.6,NIFTY MIDCAP 150
NIFTY MIDCAP 150,21 Jul 2022,10845.15,10984.6,10826.5,10972.0,NIFTY MIDCAP 150
NIFTY MIDCAP 150,20 Jul 2022,10910.7,10911.3,10812.0,10831.0,NIFTY MIDCAP 150
NIFTY MIDCAP 150,19 Jul 2022,10716.05,10829.15,10704.0,10817.1,NIFTY MIDCAP 150
NIFTY MIDCAP 150,18 Jul 2022,10674.1,10745.75,10666.3,10737.4,NIFTY MIDCAP 150
NIFTY MIDCAP 150,15 Jul 2022,10558.35,10604.45,10519.75,10593.65,NIFTY MIDCAP 150
NIFTY MIDCAP 150,14 Jul 2022,10555.4,10572.45,10432.85,10522.9,NIFTY MIDCAP 150
NIFTY MIDCAP 150,13 Jul 2022,10571.9,10605.3,10509.85,10531.0,NIFTY MIDCAP 150
NIFTY MIDCAP 150,12 Jul 2022,10547.35,10605.15,10507.8,10520.35,NIFTY MIDCAP 150
NIFTY MIDCAP 150,11 Jul 2022,10445.9,10591.15,10426.05,10577.65,NIFTY MIDCAP 150
NIFTY MIDCAP 150,08 Jul 2022,10511.25,10514.85,10418.2,10472.4,NIFTY MIDCAP 150
NIFTY MIDCAP 150,07 Jul 2022,10389.15,10458.2,10381.5,10450.2,NIFTY MIDCAP 150
NIFTY MIDCAP 150,06 Jul 2022,10149.95,10325.15,10112.25,10312.65,NIFTY MIDCAP 150
NIFTY MIDCAP 150,05 Jul 2022,10179.2,10238.0,10117.25,10131.35,NIFTY MIDCAP 150
NIFTY MIDCAP 150,04 Jul 2022,10086.6,10153.1,10052.0,10143.45,NIFTY MIDCAP 150
NIFTY MIDCAP 150,01 Jul 2022,10008.05,10094.15,9937.85,10077.75,NIFTY MIDCAP 150
NIFTY MIDCAP 150,30 Jun 2022,10116.4,10155.6,10017.85,10042.8,NIFTY MIDCAP 150
NIFTY MIDCAP 150,29 Jun 2022,10030.55,10115.7,10014.4,10100.65,NIFTY MIDCAP 150
NIFTY MIDCAP 150,28 Jun 2022,10052.95,10133.05,9994.0,10123.15,NIFTY MIDCAP 150
NIFTY MIDCAP 150,27 Jun 2022,10104.8,10130.9,10070.1,10083.75,NIFTY MIDCAP 150
NIFTY MIDCAP 150,24 Jun 2022,9916.3,9990.7,9910.85,9980.8,NIFTY MIDCAP 150
NIFTY MIDCAP 150,23 Jun 2022,9760.05,9871.8,9723.75,9845.05,NIFTY MIDCAP 150
NIFTY MIDCAP 150,22 Jun 2022,9853.7,9853.7,9715.95,9732.95,NIFTY MIDCAP 150
NIFTY MIDCAP 150,21 Jun 2022,9638.3,9888.2,9633.6,9876.3,NIFTY MIDCAP 150
NIFTY MIDCAP 150,20 Jun 2022,9781.5,9797.85,9496.6,9580.35,NIFTY MIDCAP 150
NIFTY MIDCAP 150,17 Jun 2022,9814.95,9887.2,9699.65,9772.25,NIFTY MIDCAP 150
NIFTY MIDCAP 150,16 Jun 2022,10214.15,10228.0,9845.35,9884.55,NIFTY MIDCAP 150
NIFTY MIDCAP 150,15 Jun 2022,10125.65,10161.0,10081.35,10109.65,NIFTY MIDCAP 150
NIFTY MIDCAP 150,14 Jun 2022,10041.65,10186.9,10035.25,10075.75,NIFTY MIDCAP 150
NIFTY MIDCAP 150,13 Jun 2022,10216.15,10221.2,10078.65,10100.1,NIFTY MIDCAP 150
NIFTY MIDCAP 150,10 Jun 2022,10359.95,10413.15,10347.0,10381.05,NIFTY MIDCAP 150
NIFTY MIDCAP 150,09 Jun 2022,10375.3,10468.0,10343.75,10455.1,NIFTY MIDCAP 150
NIFTY MIDCAP 150,08 Jun 2022,10469.9,10517.0,10378.4,10412.1,NIFTY MIDCAP 150
NIFTY MIDCAP 150,07 Jun 2022,10493.0,10496.6,10400.55,10455.35,NIFTY MIDCAP 150
NIFTY MIDCAP 150,06 Jun 2022,10540.3,10547.6,10407.5,10527.9,NIFTY MIDCAP 150
NIFTY MIDCAP 150,03 Jun 2022,10787.15,10798.65,10540.4,10548.85,NIFTY MIDCAP 150
NIFTY MIDCAP 150,02 Jun 2022,10663.5,10720.5,10617.15,10710.75,NIFTY MIDCAP 150
NIFTY MIDCAP 150,01 Jun 2022,10639.5,10720.55,10599.15,10655.2,NIFTY MIDCAP 150
NIFTY MIDCAP 150,31 May 2022,10611.05,10699.55,10596.85,10616.3,NIFTY MIDCAP 150
NIFTY MIDCAP 150,30 May 2022,10478.1,10618.2,10471.15,10611.75,NIFTY MIDCAP 150
NIFTY MIDCAP 150,27 May 2022,10340.3,10377.85,10292.2,10367.2,NIFTY MIDCAP 150
NIFTY MIDCAP 150,26 May 2022,10154.05,10274.8,9951.1,10238.75,NIFTY MIDCAP 150
NIFTY MIDCAP 150,25 May 2022,10387.8,10408.5,10106.55,10118.65,NIFTY MIDCAP 150
NIFTY MIDCAP 150,24 May 2022,10447.5,10466.6,10331.1,10354.25,NIFTY MIDCAP 150
NIFTY MIDCAP 150,23 May 2022,10515.75,10557.55,10401.85,10418.75,NIFTY MIDCAP 150
NIFTY MIDCAP 150,20 May 2022,10403.7,10469.9,10394.45,10460.55,NIFTY MIDCAP 150
NIFTY MIDCAP 150,19 May 2022,10309.15,10350.05,10216.3,10251.8,NIFTY MIDCAP 150
NIFTY MIDCAP 150,18 May 2022,10611.55,10659.7,10513.15,10538.2,NIFTY MIDCAP 150
NIFTY MIDCAP 150,17 May 2022,10349.8,10564.85,10324.5,10551.05,NIFTY MIDCAP 150
NIFTY MIDCAP 150,16 May 2022,10214.8,10312.85,10126.65,10291.3,NIFTY MIDCAP 150
NIFTY MIDCAP 150,13 May 2022,10187.85,10343.7,10134.5,10161.85,NIFTY MIDCAP 150
NIFTY MIDCAP 150,12 May 2022,10204.95,10217.3,9979.45,10062.45,NIFTY MIDCAP 150
NIFTY MIDCAP 150,11 May 2022,10375.95,10444.95,10097.6,10283.1,NIFTY MIDCAP 150
NIFTY MIDCAP 150,10 May 2022,10525.6,10644.7,10329.6,10353.8,NIFTY MIDCAP 150
NIFTY MIDCAP 150,09 May 2022,10642.0,10651.75,10470.55,10546.3,NIFTY MIDCAP 150
NIFTY MIDCAP 150,06 May 2022,10740.7,10768.35,10653.35,10731.3,NIFTY MIDCAP 150
NIFTY MIDCAP 150,05 May 2022,11003.05,11063.25,10894.45,10918.9,NIFTY MIDCAP 150
NIFTY MIDCAP 150,04 May 2022,11190.6,11216.0,10879.25,10916.35,NIFTY MIDCAP 150
NIFTY MIDCAP 150,02 May 2022,11125.35,11168.35,11076.65,11144.9,NIFTY MIDCAP 150
NIFTY MIDCAP 150,29 Apr 2022,11349.2,11379.25,11183.35,11201.95,NIFTY MIDCAP 150
NIFTY MIDCAP 150,28 Apr 2022,11302.0,11313.0,11189.0,11279.45,NIFTY MIDCAP 150
NIFTY MIDCAP 150,27 Apr 2022,11245.7,11278.65,11129.25,11213.4,NIFTY MIDCAP 150
NIFTY MIDCAP 150,26 Apr 2022,11255.3,11317.35,11245.05,11307.3,NIFTY MIDCAP 150
NIFTY MIDCAP 150,25 Apr 2022,11262.35,11264.45,11114.0,11146.25,NIFTY MIDCAP 150
NIFTY MIDCAP 150,22 Apr 2022,11396.15,11455.7,11334.05,11352.15,NIFTY MIDCAP 150
NIFTY MIDCAP 150,21 Apr 2022,11411.7,11460.6,11401.25,11447.05,NIFTY MIDCAP 150
NIFTY MIDCAP 150,20 Apr 2022,11316.55,11421.2,11274.0,11329.8,NIFTY MIDCAP 150
NIFTY MIDCAP 150,19 Apr 2022,11474.95,11519.6,11166.6,11258.15,NIFTY MIDCAP 150
NIFTY MIDCAP 150,18 Apr 2022,11453.2,11453.2,11313.3,11395.9,NIFTY MIDCAP 150
NIFTY MIDCAP 150,13 Apr 2022,11609.85,11641.55,11518.8,11527.4,NIFTY MIDCAP 150
NIFTY MIDCAP 150,12 Apr 2022,11745.4,11745.4,11444.85,11537.65,NIFTY MIDCAP 150
NIFTY MIDCAP 150,11 Apr 2022,11706.6,11775.45,11700.15,11747.9,NIFTY MIDCAP 150
NIFTY MIDCAP 150,08 Apr 2022,11629.95,11691.9,11586.4,11666.85,NIFTY MIDCAP 150
NIFTY MIDCAP 150,07 Apr 2022,11684.45,11717.75,11519.2,11558.0,NIFTY MIDCAP 150
NIFTY MIDCAP 150,06 Apr 2022,11598.7,11682.1,11564.9,11660.7,NIFTY MIDCAP 150
NIFTY MIDCAP 150,05 Apr 2022,11517.65,11633.8,11478.65,11609.05,NIFTY MIDCAP 150
NIFTY MIDCAP 150,04 Apr 2022,11332.6,11447.3,11330.25,11440.0,NIFTY MIDCAP 150
NIFTY MIDCAP 150,01 Apr 2022,11146.85,11283.65,11132.6,11272.8,NIFTY MIDCAP 150
NIFTY MIDCAP 150,31 Mar 2022,11122.95,11163.25,11099.7,11131.1,NIFTY MIDCAP 150
NIFTY MIDCAP 150,30 Mar 2022,11074.85,11111.75,11038.2,11091.8,NIFTY MIDCAP 150
NIFTY MIDCAP 150,29 Mar 2022,10982.85,11020.35,10928.35,10992.45,NIFTY MIDCAP 150
NIFTY MIDCAP 150,28 Mar 2022,10974.95,10996.35,10831.2,10926.0,NIFTY MIDCAP 150
NIFTY MIDCAP 150,25 Mar 2022,11021.55,11032.75,10907.0,10943.65,NIFTY MIDCAP 150
NIFTY MIDCAP 150,24 Mar 2022,10893.2,10985.35,10873.85,10966.35,NIFTY MIDCAP 150
NIFTY MIDCAP 150,23 Mar 2022,10934.6,10966.2,10881.35,10909.4,NIFTY MIDCAP 150
NIFTY MIDCAP 150,22 Mar 2022,10869.95,10877.3,10743.4,10871.5,NIFTY MIDCAP 150
NIFTY MIDCAP 150,21 Mar 2022,10943.05,10943.05,10843.15,10857.0,NIFTY MIDCAP 150
NIFTY MIDCAP 150,17 Mar 2022,10865.75,10887.5,10848.7,10870.5,NIFTY MIDCAP 150
NIFTY MIDCAP 150,16 Mar 2022,10653.65,10747.45,10637.6,10739.8,NIFTY MIDCAP 150
NIFTY MIDCAP 150,15 Mar 2022,10657.95,10695.65,10486.2,10534.25,NIFTY MIDCAP 150
NIFTY MIDCAP 150,14 Mar 2022,10627.4,10656.0,10535.8,10619.55,NIFTY MIDCAP 150
NIFTY MIDCAP 150,11 Mar 2022,10529.35,10618.3,10487.75,10604.65,NIFTY MIDCAP 150
NIFTY MIDCAP 150,10 Mar 2022,10648.4,10665.15,10504.15,10547.65,NIFTY MIDCAP 150
NIFTY MIDCAP 150,09 Mar 2022,10323.6,10467.8,10275.85,10439.35,NIFTY MIDCAP 150
NIFTY MIDCAP 150,08 Mar 2022,10127.45,10247.95,10041.7,10231.6,NIFTY MIDCAP 150
NIFTY MIDCAP 150,07 Mar 2022,10160.8,10175.95,9990.35,10124.05,NIFTY MIDCAP 150
NIFTY MIDCAP 150,04 Mar 2022,10514.15,10515.8,10334.85,10351.45,NIFTY MIDCAP 150
NIFTY MIDCAP 150,03 Mar 2022,10725.35,10745.55,10542.65,10567.8,NIFTY MIDCAP 150
NIFTY MIDCAP 150,02 Mar 2022,10550.05,10652.0,10525.8,10595.85,NIFTY MIDCAP 150
NIFTY MIDCAP 150,28 Feb 2022,10435.2,10633.4,10339.65,10621.0,NIFTY MIDCAP 150
NIFTY MIDCAP 150,25 Feb 2022,10338.2,10551.05,10337.45,10531.45,NIFTY MIDCAP 150
NIFTY MIDCAP 150,24 Feb 2022,10387.4,10470.95,10119.3,10138.4,NIFTY MIDCAP 150
NIFTY MIDCAP 150,23 Feb 2022,10752.3,10823.8,10704.8,10717.0,NIFTY MIDCAP 150
NIFTY MIDCAP 150,22 Feb 2022,10495.7,10700.0,10494.75,10676.5,NIFTY MIDCAP 150
NIFTY MIDCAP 150,21 Feb 2022,10849.15,10887.85,10708.05,10778.4,NIFTY MIDCAP 150
NIFTY MIDCAP 150,18 Feb 2022,10935.4,11011.8,10889.75,10903.35,NIFTY MIDCAP 150
NIFTY MIDCAP 150,17 Feb 2022,11079.45,11104.35,10976.7,10997.15,NIFTY MIDCAP 150
NIFTY MIDCAP 150,16 Feb 2022,11128.9,11146.8,10997.4,11027.35,NIFTY MIDCAP 150
NIFTY MIDCAP 150,15 Feb 2022,10810.8,11058.5,10655.45,11045.45,NIFTY MIDCAP 150
NIFTY MIDCAP 150,14 Feb 2022,10936.45,10985.8,10737.9,10768.5,NIFTY MIDCAP 150
NIFTY MIDCAP 150,11 Feb 2022,11336.0,11346.65,11174.0,11197.15,NIFTY MIDCAP 150
NIFTY MIDCAP 150,10 Feb 2022,11432.4,11440.55,11343.15,11419.95,NIFTY MIDCAP 150
NIFTY MIDCAP 150,09 Feb 2022,11323.25,11405.5,11305.6,11394.0,NIFTY MIDCAP 150
NIFTY MIDCAP 150,08 Feb 2022,11399.65,11429.75,11162.1,11268.15,NIFTY MIDCAP 150
NIFTY MIDCAP 150,07 Feb 2022,11486.0,11521.35,11306.8,11357.55,NIFTY MIDCAP 150
NIFTY MIDCAP 150,04 Feb 2022,11549.45,11578.55,11446.25,11459.35,NIFTY MIDCAP 150
NIFTY MIDCAP 150,03 Feb 2022,11660.15,11660.3,11523.85,11547.6,NIFTY MIDCAP 150
NIFTY MIDCAP 150,02 Feb 2022,11589.6,11676.95,11581.0,11661.7,NIFTY MIDCAP 150
NIFTY MIDCAP 150,01 Feb 2022,11519.65,11539.8,11366.2,11531.3,NIFTY MIDCAP 150
NIFTY MIDCAP 150,31 Jan 2022,11368.3,11434.5,11339.55,11413.65,NIFTY MIDCAP 150
NIFTY MIDCAP 150,28 Jan 2022,11175.25,11412.7,11174.0,11242.35,NIFTY MIDCAP 150
NIFTY MIDCAP 150,27 Jan 2022,11146.8,11146.8,10961.5,11095.15,NIFTY MIDCAP 150
NIFTY MIDCAP 150,25 Jan 2022,11015.25,11230.85,10834.75,11221.2,NIFTY MIDCAP 150
NIFTY MIDCAP 150,24 Jan 2022,11547.7,11556.15,11012.35,11125.05,NIFTY MIDCAP 150
NIFTY MIDCAP 150,21 Jan 2022,11745.3,11765.6,11474.0,11551.65,NIFTY MIDCAP 150
NIFTY MIDCAP 150,20 Jan 2022,11826.95,11867.7,11749.45,11801.2,NIFTY MIDCAP 150
NIFTY MIDCAP 150,19 Jan 2022,11836.8,11847.05,11692.05,11830.6,NIFTY MIDCAP 150
NIFTY MIDCAP 150,18 Jan 2022,12126.35,12138.2,11815.2,11848.7,NIFTY MIDCAP 150
NIFTY MIDCAP 150,17 Jan 2022,12063.7,12095.3,12038.65,12073.15,NIFTY MIDCAP 150
NIFTY MIDCAP 150,14 Jan 2022,12010.85,12070.4,11967.2,12036.1,NIFTY MIDCAP 150
NIFTY MIDCAP 150,13 Jan 2022,12014.1,12052.2,11931.35,12039.9,NIFTY MIDCAP 150
NIFTY MIDCAP 150,12 Jan 2022,11902.25,11988.2,11878.25,11980.05,NIFTY MIDCAP 150
NIFTY MIDCAP 150,11 Jan 2022,11820.75,11888.1,11800.65,11839.3,NIFTY MIDCAP 150
NIFTY MIDCAP 150,10 Jan 2022,11790.25,11836.95,11778.15,11820.4,NIFTY MIDCAP 150
NIFTY MIDCAP 150,07 Jan 2022,11725.95,11776.75,11671.25,11741.95,NIFTY MIDCAP 150
NIFTY MIDCAP 150,06 Jan 2022,11627.95,11706.1,11574.7,11698.7,NIFTY MIDCAP 150
NIFTY MIDCAP 150,05 Jan 2022,11712.6,11735.05,11649.25,11705.05,NIFTY MIDCAP 150
NIFTY MIDCAP 150,04 Jan 2022,11718.9,11743.45,11632.75,11702.1,NIFTY MIDCAP 150
NIFTY MIDCAP 150,03 Jan 2022,11566.0,11680.75,11564.7,11673.45,NIFTY MIDCAP 150
NIFTY MIDCAP 50,30 Dec 2022,8750.4,8797.45,8735.15,8751.75,NIFTY MIDCAP 50
NIFTY MIDCAP 50,29 Dec 2022,8662.4,8723.05,8589.8,8697.5,NIFTY MIDCAP 50
NIFTY MIDCAP 50,28 Dec 2022,8669.35,8714.0,8624.65,8698.4,NIFTY MIDCAP 50
NIFTY MIDCAP 50,27 Dec 2022,8644.4,8689.85,8593.05,8678.3,NIFTY MIDCAP 50
NIFTY MIDCAP 50,26 Dec 2022,8394.5,8619.55,8336.0,8595.2,NIFTY MIDCAP 50
NIFTY MIDCAP 50,23 Dec 2022,8616.0,8638.1,8382.15,8400.35,NIFTY MIDCAP 50
NIFTY MIDCAP 50,22 Dec 2022,8782.25,8806.7,8625.3,8691.9,NIFTY MIDCAP 50
NIFTY MIDCAP 50,21 Dec 2022,8887.45,8931.05,8708.0,8738.6,NIFTY MIDCAP 50
NIFTY MIDCAP 50,20 Dec 2022,8871.9,8889.75,8776.65,8859.9,NIFTY MIDCAP 50
NIFTY MIDCAP 50,19 Dec 2022,8838.7,8898.75,8782.4,8890.7,NIFTY MIDCAP 50
NIFTY MIDCAP 50,16 Dec 2022,8937.0,8971.4,8824.6,8831.4,NIFTY MIDCAP 50
NIFTY MIDCAP 50,15 Dec 2022,9067.5,9086.75,8956.8,8982.1,NIFTY MIDCAP 50
NIFTY MIDCAP 50,14 Dec 2022,9035.2,9085.6,9026.75,9070.1,NIFTY MIDCAP 50
NIFTY MIDCAP 50,13 Dec 2022,8982.9,9001.25,8960.85,8996.3,NIFTY MIDCAP 50
NIFTY MIDCAP 50,12 Dec 2022,8920.75,8965.0,8853.1,8960.6,NIFTY MIDCAP 50
NIFTY MIDCAP 50,09 Dec 2022,9024.75,9042.85,8840.75,8917.3,NIFTY MIDCAP 50
NIFTY MIDCAP 50,08 Dec 2022,8944.7,8982.15,8922.4,8976.05,NIFTY MIDCAP 50
NIFTY MIDCAP 50,07 Dec 2022,8979.15,9004.05,8910.1,8920.0,NIFTY MIDCAP 50
NIFTY MIDCAP 50,06 Dec 2022,8995.2,9009.2,8947.25,8968.4,NIFTY MIDCAP 50
NIFTY MIDCAP 50,05 Dec 2022,9021.95,9024.25,8953.3,9014.7,NIFTY MIDCAP 50
NIFTY MIDCAP 50,02 Dec 2022,8936.2,8999.85,8924.55,8994.15,NIFTY MIDCAP 50
NIFTY MIDCAP 50,01 Dec 2022,8896.65,8944.55,8865.0,8932.15,NIFTY MIDCAP 50
NIFTY MIDCAP 50,30 Nov 2022,8778.7,8874.55,8775.8,8855.6,NIFTY MIDCAP 50
NIFTY MIDCAP 50,29 Nov 2022,8812.6,8833.05,8750.6,8764.35,NIFTY MIDCAP 50
NIFTY MIDCAP 50,28 Nov 2022,8760.35,8817.25,8753.15,8808.0,NIFTY MIDCAP 50
NIFTY MIDCAP 50,25 Nov 2022,8693.85,8769.6,8683.35,8758.5,NIFTY MIDCAP 50
NIFTY MIDCAP 50,24 Nov 2022,8657.65,8680.45,8641.8,8673.45,NIFTY MIDCAP 50
NIFTY MIDCAP 50,23 Nov 2022,8613.6,8642.4,8602.3,8628.4,NIFTY MIDCAP 50
NIFTY MIDCAP 50,22 Nov 2022,8550.55,8592.05,8535.75,8583.75,NIFTY MIDCAP 50
NIFTY MIDCAP 50,21 Nov 2022,8532.6,8546.8,8495.25,8536.45,NIFTY MIDCAP 50
NIFTY MIDCAP 50,18 Nov 2022,8604.9,8613.85,8498.6,8539.85,NIFTY MIDCAP 50
NIFTY MIDCAP 50,17 Nov 2022,8584.05,8604.7,8555.65,8583.35,NIFTY MIDCAP 50
NIFTY MIDCAP 50,16 Nov 2022,8676.45,8685.5,8556.7,8597.4,NIFTY MIDCAP 50
NIFTY MIDCAP 50,15 Nov 2022,8679.45,8692.6,8636.4,8675.45,NIFTY MIDCAP 50
NIFTY MIDCAP 50,14 Nov 2022,8680.15,8698.05,8616.7,8678.55,NIFTY MIDCAP 50
NIFTY MIDCAP 50,11 Nov 2022,8776.05,8808.55,8649.3,8680.6,NIFTY MIDCAP 50
NIFTY MIDCAP 50,10 Nov 2022,8746.6,8768.8,8644.55,8675.05,NIFTY MIDCAP 50
NIFTY MIDCAP 50,09 Nov 2022,8843.1,8846.95,8744.6,8760.3,NIFTY MIDCAP 50
NIFTY MIDCAP 50,07 Nov 2022,8791.8,8830.2,8759.15,8824.8,NIFTY MIDCAP 50
NIFTY MIDCAP 50,04 Nov 2022,8783.8,8801.65,8724.35,8747.0,NIFTY MIDCAP 50
NIFTY MIDCAP 50,03 Nov 2022,8705.35,8783.4,8697.15,8775.1,NIFTY MIDCAP 50
NIFTY MIDCAP 50,02 Nov 2022,8758.6,8773.1,8723.35,8742.95,NIFTY MIDCAP 50
NIFTY MIDCAP 50,01 Nov 2022,8722.7,8771.35,8709.65,8762.45,NIFTY MIDCAP 50
NIFTY MIDCAP 50,31 Oct 2022,8620.05,8694.95,8618.35,8690.35,NIFTY MIDCAP 50
NIFTY MIDCAP 50,28 Oct 2022,8623.7,8635.15,8552.6,8581.25,NIFTY MIDCAP 50
NIFTY MIDCAP 50,27 Oct 2022,8572.05,8618.4,8552.95,8603.45,NIFTY MIDCAP 50
NIFTY MIDCAP 50,25 Oct 2022,8512.1,8562.25,8434.0,8537.05,NIFTY MIDCAP 50
NIFTY MIDCAP 50,24 Oct 2022,8560.35,8560.5,8486.45,8496.7,NIFTY MIDCAP 50
NIFTY MIDCAP 50,21 Oct 2022,8504.2,8542.45,8416.45,8457.9,NIFTY MIDCAP 50
NIFTY MIDCAP 50,20 Oct 2022,8480.3,8494.05,8428.5,8484.35,NIFTY MIDCAP 50
NIFTY MIDCAP 50,19 Oct 2022,8540.45,8559.95,8498.45,8520.05,NIFTY MIDCAP 50
NIFTY MIDCAP 50,18 Oct 2022,8454.8,8527.4,8430.35,8518.8,NIFTY MIDCAP 50
NIFTY MIDCAP 50,17 Oct 2022,8313.55,8396.3,8248.25,8385.05,NIFTY MIDCAP 50
NIFTY MIDCAP 50,14 Oct 2022,8455.35,8465.15,8315.75,8326.35,NIFTY MIDCAP 50
NIFTY MIDCAP 50,13 Oct 2022,8411.65,8425.15,8286.0,8328.15,NIFTY MIDCAP 50
NIFTY MIDCAP 50,12 Oct 2022,8366.75,8421.2,8289.1,8406.1,NIFTY MIDCAP 50
NIFTY MIDCAP 50,11 Oct 2022,8510.9,8512.45,8316.1,8340.85,NIFTY MIDCAP 50
NIFTY MIDCAP 50,10 Oct 2022,8452.45,8511.05,8419.1,8483.15,NIFTY MIDCAP 50
NIFTY MIDCAP 50,07 Oct 2022,8580.35,8586.95,8487.3,8558.8,NIFTY MIDCAP 50
NIFTY MIDCAP 50,06 Oct 2022,8555.2,8621.5,8551.2,8579.5,NIFTY MIDCAP 50
NIFTY MIDCAP 50,04 Oct 2022,8363.4,8494.3,8353.95,8481.15,NIFTY MIDCAP 50
NIFTY MIDCAP 50,03 Oct 2022,8341.7,8366.15,8192.75,8225.9,NIFTY MIDCAP 50
NIFTY MIDCAP 50,30 Sep 2022,8180.05,8349.85,8101.75,8332.7,NIFTY MIDCAP 50
NIFTY MIDCAP 50,29 Sep 2022,8215.6,8248.8,8112.65,8179.6,NIFTY MIDCAP 50
NIFTY MIDCAP 50,28 Sep 2022,8127.7,8225.25,8106.65,8140.7,NIFTY MIDCAP 50
NIFTY MIDCAP 50,27 Sep 2022,8224.6,8254.8,8100.45,8182.15,NIFTY MIDCAP 50
NIFTY MIDCAP 50,26 Sep 2022,8357.85,8363.05,8094.85,8174.45,NIFTY MIDCAP 50
NIFTY MIDCAP 50,23 Sep 2022,8667.0,8685.05,8412.45,8428.75,NIFTY MIDCAP 50
NIFTY MIDCAP 50,22 Sep 2022,8596.15,8692.55,8561.15,8661.15,NIFTY MIDCAP 50
NIFTY MIDCAP 50,21 Sep 2022,8681.0,8734.7,8601.55,8627.95,NIFTY MIDCAP 50
NIFTY MIDCAP 50,20 Sep 2022,8636.3,8746.05,8634.95,8680.6,NIFTY MIDCAP 50
NIFTY MIDCAP 50,19 Sep 2022,8597.25,8627.7,8506.8,8572.9,NIFTY MIDCAP 50
NIFTY MIDCAP 50,16 Sep 2022,8825.15,8843.6,8499.35,8573.45,NIFTY MIDCAP 50
NIFTY MIDCAP 50,15 Sep 2022,8843.65,8869.85,8769.75,8833.25,NIFTY MIDCAP 50
NIFTY MIDCAP 50,14 Sep 2022,8713.8,8817.4,8702.7,8795.7,NIFTY MIDCAP 50
NIFTY MIDCAP 50,13 Sep 2022,8862.45,8881.8,8821.75,8829.0,NIFTY MIDCAP 50
NIFTY MIDCAP 50,12 Sep 2022,8769.6,8827.8,8760.55,8821.05,NIFTY MIDCAP 50
NIFTY MIDCAP 50,09 Sep 2022,8766.2,8784.65,8694.15,8735.6,NIFTY MIDCAP 50
NIFTY MIDCAP 50,08 Sep 2022,8763.05,8778.4,8696.7,8714.1,NIFTY MIDCAP 50
NIFTY MIDCAP 50,07 Sep 2022,8625.7,8705.5,8614.85,8700.05,NIFTY MIDCAP 50
NIFTY MIDCAP 50,06 Sep 2022,8667.55,8685.95,8625.9,8651.95,NIFTY MIDCAP 50
NIFTY MIDCAP 50,05 Sep 2022,8614.8,8650.7,8613.1,8630.6,NIFTY MIDCAP 50
NIFTY MIDCAP 50,02 Sep 2022,8641.85,8671.25,8575.1,8587.7,NIFTY MIDCAP 50
NIFTY MIDCAP 50,01 Sep 2022,8501.3,8617.5,8490.35,8599.1,NIFTY MIDCAP 50
NIFTY MIDCAP 50,30 Aug 2022,8450.4,8563.35,8445.6,8556.0,NIFTY MIDCAP 50
NIFTY MIDCAP 50,29 Aug 2022,8262.2,8402.35,8261.2,8394.6,NIFTY MIDCAP 50
NIFTY MIDCAP 50,26 Aug 2022,8488.9,8535.15,8459.55,8478.3,NIFTY MIDCAP 50
NIFTY MIDCAP 50,25 Aug 2022,8464.35,8508.3,8418.15,8431.7,NIFTY MIDCAP 50
NIFTY MIDCAP 50,24 Aug 2022,8361.4,8427.3,8331.05,8419.95,NIFTY MIDCAP 50
NIFTY MIDCAP 50,23 Aug 2022,8196.7,8377.35,8183.8,8358.6,NIFTY MIDCAP 50
NIFTY MIDCAP 50,22 Aug 2022,8401.05,8401.05,8248.5,8259.4,NIFTY MIDCAP 50
NIFTY MIDCAP 50,19 Aug 2022,8556.55,8573.2,8403.2,8429.8,NIFTY MIDCAP 50
NIFTY MIDCAP 50,18 Aug 2022,8505.7,8553.45,8480.45,8532.3,NIFTY MIDCAP 50
NIFTY MIDCAP 50,17 Aug 2022,8489.0,8519.65,8478.35,8506.8,NIFTY MIDCAP 50
NIFTY MIDCAP 50,16 Aug 2022,8403.9,8461.45,8392.7,8456.15,NIFTY MIDCAP 50
NIFTY MIDCAP 50,12 Aug 2022,8348.5,8385.95,8327.15,8358.45,NIFTY MIDCAP 50
NIFTY MIDCAP 50,11 Aug 2022,8314.0,8354.0,8297.85,8322.85,NIFTY MIDCAP 50
NIFTY MIDCAP 50,10 Aug 2022,8276.85,8287.5,8206.7,8247.85,NIFTY MIDCAP 50
NIFTY MIDCAP 50,08 Aug 2022,8224.0,8272.4,8195.7,8258.35,NIFTY MIDCAP 50
NIFTY MIDCAP 50,05 Aug 2022,8244.75,8253.45,8200.05,8225.9,NIFTY MIDCAP 50
NIFTY MIDCAP 50,04 Aug 2022,8254.9,8293.25,8093.7,8218.6,NIFTY MIDCAP 50
NIFTY MIDCAP 50,03 Aug 2022,8313.6,8319.7,8159.85,8219.05,NIFTY MIDCAP 50
NIFTY MIDCAP 50,02 Aug 2022,8288.3,8335.75,8239.9,8319.35,NIFTY MIDCAP 50
NIFTY MIDCAP 50,01 Aug 2022,8203.75,8309.45,8178.9,8300.5,NIFTY MIDCAP 50
NIFTY MIDCAP 50,29 Jul 2022,8136.95,8186.3,8120.8,8170.8,NIFTY MIDCAP 50
NIFTY MIDCAP 50,28 Jul 2022,8053.75,8086.35,8012.5,8068.5,NIFTY MIDCAP 50
NIFTY MIDCAP 50,27 Jul 2022,7925.0,8012.35,7900.3,8004.15,NIFTY MIDCAP 50
NIFTY MIDCAP 50,26 Jul 2022,8047.35,8049.6,7931.1,7940.05,NIFTY MIDCAP 50
NIFTY MIDCAP 50,25 Jul 2022,8036.05,8060.2,7999.7,8039.4,NIFTY MIDCAP 50
NIFTY MIDCAP 50,22 Jul 2022,8052.6,8077.35,8009.7,8038.25,NIFTY MIDCAP 50
NIFTY MIDCAP 50,21 Jul 2022,7911.95,8037.95,7901.8,8025.05,NIFTY MIDCAP 50
NIFTY MIDCAP 50,20 Jul 2022,7968.8,7973.95,7891.65,7906.65,NIFTY MIDCAP 50
NIFTY MIDCAP 50,19 Jul 2022,7814.45,7901.35,7803.65,7891.85,NIFTY MIDCAP 50
NIFTY MIDCAP 50,18 Jul 2022,7778.2,7850.55,7768.1,7843.5,NIFTY MIDCAP 50
NIFTY MIDCAP 50,15 Jul 2022,7663.9,7726.45,7651.35,7716.75,NIFTY MIDCAP 50
NIFTY MIDCAP 50,14 Jul 2022,7671.9,7693.15,7595.45,7649.95,NIFTY MIDCAP 50
NIFTY MIDCAP 50,13 Jul 2022,7656.9,7695.05,7636.7,7660.85,NIFTY MIDCAP 50
NIFTY MIDCAP 50,12 Jul 2022,7664.4,7700.5,7610.9,7625.75,NIFTY MIDCAP 50
NIFTY MIDCAP 50,11 Jul 2022,7638.95,7700.05,7624.4,7691.4,NIFTY MIDCAP 50
NIFTY MIDCAP 50,08 Jul 2022,7700.5,7702.9,7622.75,7667.35,NIFTY MIDCAP 50
NIFTY MIDCAP 50,07 Jul 2022,7610.75,7657.35,7584.0,7651.0,NIFTY MIDCAP 50
NIFTY MIDCAP 50,06 Jul 2022,7415.8,7571.9,7393.3,7561.3,NIFTY MIDCAP 50
NIFTY MIDCAP 50,05 Jul 2022,7450.4,7494.15,7388.25,7400.3,NIFTY MIDCAP 50
NIFTY MIDCAP 50,04 Jul 2022,7352.7,7429.35,7320.9,7422.0,NIFTY MIDCAP 50
NIFTY MIDCAP 50,01 Jul 2022,7268.45,7372.7,7219.2,7355.55,NIFTY MIDCAP 50
NIFTY MIDCAP 50,30 Jun 2022,7357.1,7387.65,7280.45,7297.65,NIFTY MIDCAP 50
NIFTY MIDCAP 50,29 Jun 2022,7322.75,7375.45,7292.75,7359.95,NIFTY MIDCAP 50
NIFTY MIDCAP 50,28 Jun 2022,7358.9,7408.7,7332.4,7399.45,NIFTY MIDCAP 50
NIFTY MIDCAP 50,27 Jun 2022,7402.05,7435.4,7382.85,7391.0,NIFTY MIDCAP 50
NIFTY MIDCAP 50,24 Jun 2022,7257.9,7323.45,7253.8,7314.4,NIFTY MIDCAP 50
NIFTY MIDCAP 50,23 Jun 2022,7134.8,7239.15,7113.55,7212.95,NIFTY MIDCAP 50
NIFTY MIDCAP 50,22 Jun 2022,7209.8,7209.8,7103.7,7119.7,NIFTY MIDCAP 50
NIFTY MIDCAP 50,21 Jun 2022,7080.95,7242.35,7071.7,7231.55,NIFTY MIDCAP 50
NIFTY MIDCAP 50,20 Jun 2022,7163.65,7178.5,6963.15,7032.3,NIFTY MIDCAP 50
NIFTY MIDCAP 50,17 Jun 2022,7150.3,7231.8,7088.25,7158.1,NIFTY MIDCAP 50
NIFTY MIDCAP 50,16 Jun 2022,7453.85,7468.05,7181.3,7196.15,NIFTY MIDCAP 50
NIFTY MIDCAP 50,15 Jun 2022,7386.6,7405.65,7344.1,7376.65,NIFTY MIDCAP 50
NIFTY MIDCAP 50,14 Jun 2022,7310.2,7438.05,7309.35,7345.1,NIFTY MIDCAP 50
NIFTY MIDCAP 50,13 Jun 2022,7461.25,7467.15,7326.55,7355.3,NIFTY MIDCAP 50
NIFTY MIDCAP 50,10 Jun 2022,7575.55,7599.1,7540.45,7585.65,NIFTY MIDCAP 50
NIFTY MIDCAP 50,09 Jun 2022,7573.8,7648.15,7544.35,7639.7,NIFTY MIDCAP 50
NIFTY MIDCAP 50,08 Jun 2022,7632.05,7676.5,7560.65,7604.75,NIFTY MIDCAP 50
NIFTY MIDCAP 50,07 Jun 2022,7644.5,7652.9,7577.6,7620.6,NIFTY MIDCAP 50
NIFTY MIDCAP 50,06 Jun 2022,7702.45,7708.75,7597.35,7676.0,NIFTY MIDCAP 50
NIFTY MIDCAP 50,03 Jun 2022,7894.85,7909.8,7702.45,7711.9,NIFTY MIDCAP 50
NIFTY MIDCAP 50,02 Jun 2022,7804.3,7846.9,7766.2,7837.6,NIFTY MIDCAP 50
NIFTY MIDCAP 50,01 Jun 2022,7802.7,7850.45,7752.4,7797.75,NIFTY MIDCAP 50
NIFTY MIDCAP 50,31 May 2022,7753.7,7831.75,7741.25,7783.4,NIFTY MIDCAP 50
NIFTY MIDCAP 50,30 May 2022,7668.6,7764.95,7662.5,7757.45,NIFTY MIDCAP 50
NIFTY MIDCAP 50,27 May 2022,7555.0,7603.4,7522.75,7594.15,NIFTY MIDCAP 50
NIFTY MIDCAP 50,26 May 2022,7426.8,7511.4,7281.8,7488.55,NIFTY MIDCAP 50
NIFTY MIDCAP 50,25 May 2022,7558.6,7575.35,7374.95,7395.7,NIFTY MIDCAP 50
NIFTY MIDCAP 50,24 May 2022,7576.1,7590.8,7501.65,7533.6,NIFTY MIDCAP 50
NIFTY MIDCAP 50,23 May 2022,7629.35,7682.15,7553.3,7569.2,NIFTY MIDCAP 50
NIFTY MIDCAP 50,20 May 2022,7540.1,7600.0,7535.3,7591.6,NIFTY MIDCAP 50
NIFTY MIDCAP 50,19 May 2022,7483.85,7516.0,7384.75,7422.75,NIFTY MIDCAP 50
NIFTY MIDCAP 50,18 May 2022,7701.4,7740.65,7618.4,7647.65,NIFTY MIDCAP 50
NIFTY MIDCAP 50,17 May 2022,7505.8,7673.9,7482.05,7662.15,NIFTY MIDCAP 50
NIFTY MIDCAP 50,16 May 2022,7392.25,7484.8,7315.55,7468.95,NIFTY MIDCAP 50
NIFTY MIDCAP 50,13 May 2022,7414.2,7524.4,7330.85,7351.95,NIFTY MIDCAP 50
NIFTY MIDCAP 50,12 May 2022,7442.9,7450.25,7257.75,7317.05,NIFTY MIDCAP 50
NIFTY MIDCAP 50,11 May 2022,7570.3,7605.9,7363.15,7499.5,NIFTY MIDCAP 50
NIFTY MIDCAP 50,10 May 2022,7649.6,7743.45,7511.1,7533.65,NIFTY MIDCAP 50
NIFTY MIDCAP 50,09 May 2022,7748.9,7763.3,7616.9,7668.95,NIFTY MIDCAP 50
NIFTY MIDCAP 50,06 May 2022,7832.15,7860.85,7750.15,7822.05,NIFTY MIDCAP 50
NIFTY MIDCAP 50,05 May 2022,8025.4,8085.25,7946.65,7972.1,NIFTY MIDCAP 50
NIFTY MIDCAP 50,04 May 2022,8167.05,8180.7,7903.75,7933.7,NIFTY MIDCAP 50
NIFTY MIDCAP 50,02 May 2022,8096.8,8133.2,8055.05,8120.15,NIFTY MIDCAP 50
NIFTY MIDCAP 50,29 Apr 2022,8303.0,8333.5,8148.75,8168.85,NIFTY MIDCAP 50
NIFTY MIDCAP 50,28 Apr 2022,8258.05,8260.35,8157.3,8244.95,NIFTY MIDCAP 50
NIFTY MIDCAP 50,27 Apr 2022,8207.2,8250.4,8135.6,8194.9,NIFTY MIDCAP 50
NIFTY MIDCAP 50,26 Apr 2022,8199.05,8279.3,8193.95,8271.75,NIFTY MIDCAP 50
NIFTY MIDCAP 50,25 Apr 2022,8223.0,8226.6,8086.85,8121.35,NIFTY MIDCAP 50
NIFTY MIDCAP 50,22 Apr 2022,8339.15,8388.2,8287.75,8299.75,NIFTY MIDCAP 50
NIFTY MIDCAP 50,21 Apr 2022,8347.7,8396.35,8342.7,8386.7,NIFTY MIDCAP 50
NIFTY MIDCAP 50,20 Apr 2022,8283.85,8365.95,8242.0,8294.05,NIFTY MIDCAP 50
NIFTY MIDCAP 50,19 Apr 2022,8414.45,8447.55,8173.4,8253.3,NIFTY MIDCAP 50
NIFTY MIDCAP 50,18 Apr 2022,8373.05,8383.7,8277.15,8352.25,NIFTY MIDCAP 50
NIFTY MIDCAP 50,13 Apr 2022,8512.75,8531.1,8442.85,8455.4,NIFTY MIDCAP 50
NIFTY MIDCAP 50,12 Apr 2022,8604.2,8606.45,8385.45,8467.55,NIFTY MIDCAP 50
NIFTY MIDCAP 50,11 Apr 2022,8614.15,8657.5,8602.65,8618.05,NIFTY MIDCAP 50
NIFTY MIDCAP 50,08 Apr 2022,8562.2,8607.3,8525.15,8587.5,NIFTY MIDCAP 50
NIFTY MIDCAP 50,07 Apr 2022,8562.95,8611.75,8477.15,8511.3,NIFTY MIDCAP 50
NIFTY MIDCAP 50,06 Apr 2022,8502.2,8582.15,8471.0,8563.95,NIFTY MIDCAP 50
NIFTY MIDCAP 50,05 Apr 2022,8475.7,8542.55,8440.15,8516.45,NIFTY MIDCAP 50
NIFTY MIDCAP 50,04 Apr 2022,8339.55,8436.15,8337.3,8424.5,NIFTY MIDCAP 50
NIFTY MIDCAP 50,01 Apr 2022,8187.15,8319.85,8171.75,8308.7,NIFTY MIDCAP 50
NIFTY MIDCAP 50,31 Mar 2022,8166.9,8195.35,8137.4,8183.75,NIFTY MIDCAP 50
NIFTY MIDCAP 50,30 Mar 2022,8107.45,8140.95,8086.25,8132.1,NIFTY MIDCAP 50
NIFTY MIDCAP 50,29 Mar 2022,8061.3,8100.45,8021.45,8044.95,NIFTY MIDCAP 50
NIFTY MIDCAP 50,28 Mar 2022,8067.7,8084.25,7945.15,8015.1,NIFTY MIDCAP 50
NIFTY MIDCAP 50,25 Mar 2022,8125.45,8130.8,8019.35,8056.3,NIFTY MIDCAP 50
NIFTY MIDCAP 50,24 Mar 2022,8018.9,8094.8,8005.6,8087.9,NIFTY MIDCAP 50
NIFTY MIDCAP 50,23 Mar 2022,8036.25,8071.1,8004.55,8027.55,NIFTY MIDCAP 50
NIFTY MIDCAP 50,22 Mar 2022,7954.85,7995.6,7861.1,7985.9,NIFTY MIDCAP 50
NIFTY MIDCAP 50,21 Mar 2022,8052.45,8053.75,7942.2,7953.75,NIFTY MIDCAP 50
NIFTY MIDCAP 50,17 Mar 2022,7996.7,8035.1,7990.35,8008.95,NIFTY MIDCAP 50
NIFTY MIDCAP 50,16 Mar 2022,7840.85,7903.9,7819.1,7897.1,NIFTY MIDCAP 50
NIFTY MIDCAP 50,15 Mar 2022,7828.4,7873.25,7701.45,7740.1,NIFTY MIDCAP 50
NIFTY MIDCAP 50,14 Mar 2022,7785.7,7824.2,7719.65,7806.1,NIFTY MIDCAP 50
NIFTY MIDCAP 50,11 Mar 2022,7702.35,7788.15,7667.85,7778.25,NIFTY MIDCAP 50
NIFTY MIDCAP 50,10 Mar 2022,7833.15,7839.1,7682.55,7724.45,NIFTY MIDCAP 50
NIFTY MIDCAP 50,09 Mar 2022,7569.95,7699.35,7534.35,7671.7,NIFTY MIDCAP 50
NIFTY MIDCAP 50,08 Mar 2022,7379.4,7517.35,7326.6,7503.6,NIFTY MIDCAP 50
NIFTY MIDCAP 50,07 Mar 2022,7410.35,7416.3,7276.7,7386.35,NIFTY MIDCAP 50
NIFTY MIDCAP 50,04 Mar 2022,7672.35,7676.3,7539.35,7552.25,NIFTY MIDCAP 50
NIFTY MIDCAP 50,03 Mar 2022,7884.0,7895.35,7710.5,7731.05,NIFTY MIDCAP 50
NIFTY MIDCAP 50,02 Mar 2022,7744.7,7827.1,7722.4,7793.25,NIFTY MIDCAP 50
NIFTY MIDCAP 50,28 Feb 2022,7657.15,7822.1,7581.5,7810.45,NIFTY MIDCAP 50
NIFTY MIDCAP 50,25 Feb 2022,7584.55,7751.55,7580.3,7735.95,NIFTY MIDCAP 50
NIFTY MIDCAP 50,24 Feb 2022,7650.3,7715.45,7394.85,7407.65,NIFTY MIDCAP 50
NIFTY MIDCAP 50,23 Feb 2022,7933.25,7977.1,7883.45,7894.25,NIFTY MIDCAP 50
NIFTY MIDCAP 50,22 Feb 2022,7720.35,7881.85,7719.35,7868.2,NIFTY MIDCAP 50
NIFTY MIDCAP 50,21 Feb 2022,7956.65,8015.3,7869.95,7932.6,NIFTY MIDCAP 50
NIFTY MIDCAP 50,18 Feb 2022,8024.15,8092.3,7986.35,7996.95,NIFTY MIDCAP 50
NIFTY MIDCAP 50,17 Feb 2022,8137.15,8165.25,8052.35,8069.45,NIFTY MIDCAP 50
NIFTY MIDCAP 50,16 Feb 2022,8179.65,8198.0,8071.25,8097.7,NIFTY MIDCAP 50
NIFTY MIDCAP 50,15 Feb 2022,7928.1,8134.6,7820.0,8124.1,NIFTY MIDCAP 50
NIFTY MIDCAP 50,14 Feb 2022,8019.95,8054.55,7858.4,7880.25,NIFTY MIDCAP 50
NIFTY MIDCAP 50,11 Feb 2022,8329.75,8343.95,8183.45,8202.1,NIFTY MIDCAP 50
NIFTY MIDCAP 50,10 Feb 2022,8396.05,8422.8,8323.35,8392.85,NIFTY MIDCAP 50
NIFTY MIDCAP 50,09 Feb 2022,8279.15,8374.2,8275.55,8364.6,NIFTY MIDCAP 50
NIFTY MIDCAP 50,08 Feb 2022,8324.35,8352.7,8136.55,8237.2,NIFTY MIDCAP 50
NIFTY MIDCAP 50,07 Feb 2022,8397.3,8436.65,8238.7,8288.5,NIFTY MIDCAP 50
NIFTY MIDCAP 50,04 Feb 2022,8452.45,8492.55,8365.55,8382.45,NIFTY MIDCAP 50
NIFTY MIDCAP 50,03 Feb 2022,8557.05,8561.45,8448.35,8469.9,NIFTY MIDCAP 50
NIFTY MIDCAP 50,02 Feb 2022,8518.0,8595.25,8515.3,8569.4,NIFTY MIDCAP 50
NIFTY MIDCAP 50,01 Feb 2022,8481.75,8485.55,8327.1,8472.3,NIFTY MIDCAP 50
NIFTY MIDCAP 50,31 Jan 2022,8366.35,8415.3,8338.5,8395.4,NIFTY MIDCAP 50
NIFTY MIDCAP 50,28 Jan 2022,8230.3,8423.8,8225.45,8257.45,NIFTY MIDCAP 50
NIFTY MIDCAP 50,27 Jan 2022,8146.9,8163.55,8000.45,8144.7,NIFTY MIDCAP 50
NIFTY MIDCAP 50,25 Jan 2022,8019.6,8223.5,7917.6,8213.45,NIFTY MIDCAP 50
NIFTY MIDCAP 50,24 Jan 2022,8431.8,8439.95,8031.15,8104.6,NIFTY MIDCAP 50
NIFTY MIDCAP 50,21 Jan 2022,8610.65,8625.9,8378.1,8436.8,NIFTY MIDCAP 50
NIFTY MIDCAP 50,20 Jan 2022,8676.95,8712.85,8611.25,8655.15,NIFTY MIDCAP 50
NIFTY MIDCAP 50,19 Jan 2022,8681.95,8690.85,8570.75,8679.5,NIFTY MIDCAP 50
NIFTY MIDCAP 50,18 Jan 2022,8937.75,8946.65,8671.55,8697.9,NIFTY MIDCAP 50
NIFTY MIDCAP 50,17 Jan 2022,8907.15,8927.9,8887.45,8900.9,NIFTY MIDCAP 50
NIFTY MIDCAP 50,14 Jan 2022,8868.2,8921.95,8827.95,8889.55,NIFTY MIDCAP 50
NIFTY MIDCAP 50,13 Jan 2022,8858.75,8905.3,8796.9,8897.05,NIFTY MIDCAP 50
NIFTY MIDCAP 50,12 Jan 2022,8781.4,8847.4,8754.6,8840.1,NIFTY MIDCAP 50
NIFTY MIDCAP 50,11 Jan 2022,8718.5,8773.05,8710.6,8735.6,NIFTY MIDCAP 50
NIFTY MIDCAP 50,10 Jan 2022,8684.5,8732.85,8681.25,8726.2,NIFTY MIDCAP 50
NIFTY MIDCAP 50,07 Jan 2022,8623.75,8674.4,8581.8,8647.1,NIFTY MIDCAP 50
NIFTY MIDCAP 50,06 Jan 2022,8504.3,8606.35,8470.0,8596.2,NIFTY MIDCAP 50
NIFTY MIDCAP 50,05 Jan 2022,8565.6,8588.05,8518.3,8570.8,NIFTY MIDCAP 50
NIFTY MIDCAP 50,04 Jan 2022,8558.2,8583.35,8497.0,8559.15,NIFTY MIDCAP 50
NIFTY MIDCAP 50,03 Jan 2022,8429.4,8535.6,8424.45,8524.3,NIFTY MIDCAP 50
NIFTY MIDCAP 100,30 Dec 2022,31553.9,31679.45,31454.85,31509.1,NIFTY MIDCAP 100
NIFTY MIDCAP 100,29 Dec 2022,31210.1,31426.65,30965.8,31350.9,NIFTY MIDCAP 100
NIFTY MIDCAP 100,28 Dec 2022,31275.95,31406.35,31089.7,31325.55,NIFTY MIDCAP 100
NIFTY MIDCAP 100,27 Dec 2022,31193.9,31360.5,31006.1,31283.75,NIFTY MIDCAP 100
NIFTY MIDCAP 100,26 Dec 2022,30163.95,31063.6,29910.15,30977.0,NIFTY MIDCAP 100
NIFTY MIDCAP 100,23 Dec 2022,31027.0,31103.85,30101.2,30157.65,NIFTY MIDCAP 100
NIFTY MIDCAP 100,22 Dec 2022,31764.8,31856.85,31093.15,31336.65,NIFTY MIDCAP 100
NIFTY MIDCAP 100,21 Dec 2022,32236.1,32387.25,31518.55,31610.3,NIFTY MIDCAP 100
NIFTY MIDCAP 100,20 Dec 2022,32127.1,32191.4,31804.8,32117.0,NIFTY MIDCAP 100
NIFTY MIDCAP 100,19 Dec 2022,32066.5,32207.95,31843.25,32186.85,NIFTY MIDCAP 100
NIFTY MIDCAP 100,16 Dec 2022,32391.5,32492.2,31924.1,32010.1,NIFTY MIDCAP 100
NIFTY MIDCAP 100,15 Dec 2022,32864.3,32939.3,32450.95,32530.75,NIFTY MIDCAP 100
NIFTY MIDCAP 100,14 Dec 2022,32794.35,32937.15,32734.8,32863.2,NIFTY MIDCAP 100
NIFTY MIDCAP 100,13 Dec 2022,32595.5,32685.45,32495.15,32667.3,NIFTY MIDCAP 100
NIFTY MIDCAP 100,12 Dec 2022,32386.7,32514.65,32100.85,32490.95,NIFTY MIDCAP 100
NIFTY MIDCAP 100,09 Dec 2022,32662.2,32761.95,32093.35,32374.5,NIFTY MIDCAP 100
NIFTY MIDCAP 100,08 Dec 2022,32390.25,32526.05,32294.8,32503.95,NIFTY MIDCAP 100
NIFTY MIDCAP 100,07 Dec 2022,32548.1,32591.9,32264.8,32308.3,NIFTY MIDCAP 100
NIFTY MIDCAP 100,06 Dec 2022,32585.7,32647.0,32432.0,32495.25,NIFTY MIDCAP 100
NIFTY MIDCAP 100,05 Dec 2022,32684.1,32685.45,32465.35,32646.95,NIFTY MIDCAP 100
NIFTY MIDCAP 100,02 Dec 2022,32311.4,32590.45,32288.6,32566.85,NIFTY MIDCAP 100
NIFTY MIDCAP 100,01 Dec 2022,32201.85,32325.75,32083.9,32283.85,NIFTY MIDCAP 100
NIFTY MIDCAP 100,30 Nov 2022,31722.8,32120.4,31716.05,32037.9,NIFTY MIDCAP 100
NIFTY MIDCAP 100,29 Nov 2022,31832.85,31889.6,31632.8,31677.3,NIFTY MIDCAP 100
NIFTY MIDCAP 100,28 Nov 2022,31600.4,31850.15,31582.55,31818.9,NIFTY MIDCAP 100
NIFTY MIDCAP 100,25 Nov 2022,31368.15,31625.3,31356.35,31587.65,NIFTY MIDCAP 100
NIFTY MIDCAP 100,24 Nov 2022,31267.95,31311.7,31192.55,31289.25,NIFTY MIDCAP 100
NIFTY MIDCAP 100,23 Nov 2022,31171.0,31234.75,31103.75,31150.65,NIFTY MIDCAP 100
NIFTY MIDCAP 100,22 Nov 2022,30969.15,31093.85,30932.35,31070.0,NIFTY MIDCAP 100
NIFTY MIDCAP 100,21 Nov 2022,30909.85,30976.7,30792.95,30901.5,NIFTY MIDCAP 100
NIFTY MIDCAP 100,18 Nov 2022,31162.8,31196.55,30750.7,30916.7,NIFTY MIDCAP 100
NIFTY MIDCAP 100,17 Nov 2022,31165.15,31184.1,30997.35,31072.0,NIFTY MIDCAP 100
NIFTY MIDCAP 100,16 Nov 2022,31454.1,31524.55,31073.8,31197.9,NIFTY MIDCAP 100
NIFTY MIDCAP 100,15 Nov 2022,31424.05,31483.65,31321.35,31403.55,NIFTY MIDCAP 100
NIFTY MIDCAP 100,14 Nov 2022,31384.55,31475.9,31190.55,31399.15,NIFTY MIDCAP 100
NIFTY MIDCAP 100,11 Nov 2022,31722.45,31830.0,31322.2,31381.7,NIFTY MIDCAP 100
NIFTY MIDCAP 100,10 Nov 2022,31638.3,31666.35,31238.65,31358.65,NIFTY MIDCAP 100
NIFTY MIDCAP 100,09 Nov 2022,32075.65,32081.55,31672.4,31726.3,NIFTY MIDCAP 100
NIFTY MIDCAP 100,07 Nov 2022,31872.1,31990.25,31789.6,31963.6,NIFTY MIDCAP 100
NIFTY MIDCAP 100,04 Nov 2022,31838.4,31913.6,31649.15,31707.9,NIFTY MIDCAP 100
NIFTY MIDCAP 100,03 Nov 2022,31547.9,31828.75,31524.65,31786.85,NIFTY MIDCAP 100
NIFTY MIDCAP 100,02 Nov 2022,31725.15,31828.3,31623.9,31680.0,NIFTY MIDCAP 100
NIFTY MIDCAP 100,01 Nov 2022,31536.95,31741.8,31510.75,31705.5,NIFTY MIDCAP 100
NIFTY MIDCAP 100,31 Oct 2022,31144.9,31454.9,31142.4,31432.3,NIFTY MIDCAP 100
NIFTY MIDCAP 100,28 Oct 2022,31238.35,31267.75,30927.2,31003.25,NIFTY MIDCAP 100
NIFTY MIDCAP 100,27 Oct 2022,31089.4,31218.5,31022.95,31172.35,NIFTY MIDCAP 100
NIFTY MIDCAP 100,25 Oct 2022,30897.85,31065.9,30674.85,30982.7,NIFTY MIDCAP 100
NIFTY MIDCAP 100,24 Oct 2022,31024.3,31024.65,30812.6,30845.2,NIFTY MIDCAP 100
NIFTY MIDCAP 100,21 Oct 2022,30983.75,31091.65,30602.15,30691.85,NIFTY MIDCAP 100
NIFTY MIDCAP 100,20 Oct 2022,30828.8,30937.15,30632.1,30901.35,NIFTY MIDCAP 100
NIFTY MIDCAP 100,19 Oct 2022,31000.75,31085.9,30901.95,30984.45,NIFTY MIDCAP 100
NIFTY MIDCAP 100,18 Oct 2022,30791.9,30931.4,30663.6,30908.0,NIFTY MIDCAP 100
NIFTY MIDCAP 100,17 Oct 2022,30435.0,30611.7,30176.25,30572.65,NIFTY MIDCAP 100
NIFTY MIDCAP 100,14 Oct 2022,30979.8,31042.05,30491.5,30524.45,NIFTY MIDCAP 100
NIFTY MIDCAP 100,13 Oct 2022,30769.6,30824.7,30411.8,30544.7,NIFTY MIDCAP 100
NIFTY MIDCAP 100,12 Oct 2022,30670.35,30801.25,30346.3,30756.55,NIFTY MIDCAP 100
NIFTY MIDCAP 100,11 Oct 2022,31204.45,31210.8,30494.3,30567.7,NIFTY MIDCAP 100
NIFTY MIDCAP 100,10 Oct 2022,31041.15,31210.05,30909.8,31109.35,NIFTY MIDCAP 100
NIFTY MIDCAP 100,07 Oct 2022,31505.25,31534.45,31177.1,31406.8,NIFTY MIDCAP 100
NIFTY MIDCAP 100,06 Oct 2022,31339.0,31566.7,31326.35,31482.7,NIFTY MIDCAP 100
NIFTY MIDCAP 100,04 Oct 2022,30753.3,31119.5,30669.4,31090.6,NIFTY MIDCAP 100
NIFTY MIDCAP 100,03 Oct 2022,30672.55,30767.85,30167.8,30284.65,NIFTY MIDCAP 100
NIFTY MIDCAP 100,30 Sep 2022,30178.55,30731.4,29878.95,30668.3,NIFTY MIDCAP 100
NIFTY MIDCAP 100,29 Sep 2022,30375.2,30498.45,30027.7,30185.65,NIFTY MIDCAP 100
NIFTY MIDCAP 100,28 Sep 2022,29965.65,30332.15,29884.45,30066.15,NIFTY MIDCAP 100
NIFTY MIDCAP 100,27 Sep 2022,30267.5,30437.05,29898.85,30160.7,NIFTY MIDCAP 100
NIFTY MIDCAP 100,26 Sep 2022,30797.65,30814.0,29894.05,30111.8,NIFTY MIDCAP 100
NIFTY MIDCAP 100,23 Sep 2022,31861.25,31917.35,31030.15,31078.7,NIFTY MIDCAP 100
NIFTY MIDCAP 100,22 Sep 2022,31613.7,31897.65,31407.85,31826.1,NIFTY MIDCAP 100
NIFTY MIDCAP 100,21 Sep 2022,31984.9,32186.35,31647.9,31718.7,NIFTY MIDCAP 100
NIFTY MIDCAP 100,20 Sep 2022,31743.55,32172.75,31733.65,31955.5,NIFTY MIDCAP 100
NIFTY MIDCAP 100,19 Sep 2022,31551.45,31639.75,31184.55,31504.4,NIFTY MIDCAP 100
NIFTY MIDCAP 100,16 Sep 2022,32399.4,32443.6,31288.25,31494.9,NIFTY MIDCAP 100
NIFTY MIDCAP 100,15 Sep 2022,32452.3,32569.25,32208.35,32415.7,NIFTY MIDCAP 100
NIFTY MIDCAP 100,14 Sep 2022,31973.1,32386.7,31928.6,32291.75,NIFTY MIDCAP 100
NIFTY MIDCAP 100,13 Sep 2022,32502.7,32603.25,32360.3,32398.75,NIFTY MIDCAP 100
NIFTY MIDCAP 100,12 Sep 2022,32181.8,32382.3,32148.95,32345.45,NIFTY MIDCAP 100
NIFTY MIDCAP 100,09 Sep 2022,32126.0,32213.55,31927.15,32035.9,NIFTY MIDCAP 100
NIFTY MIDCAP 100,08 Sep 2022,32092.0,32158.45,31855.5,31923.05,NIFTY MIDCAP 100
NIFTY MIDCAP 100,07 Sep 2022,31617.75,31893.75,31564.55,31865.55,NIFTY MIDCAP 100
NIFTY MIDCAP 100,06 Sep 2022,31664.65,31734.6,31524.55,31706.05,NIFTY MIDCAP 100
NIFTY MIDCAP 100,05 Sep 2022,31477.95,31588.65,31455.85,31522.3,NIFTY MIDCAP 100
NIFTY MIDCAP 100,02 Sep 2022,31671.75,31747.5,31353.2,31402.3,NIFTY MIDCAP 100
NIFTY MIDCAP 100,01 Sep 2022,31270.8,31588.7,31222.4,31516.3,NIFTY MIDCAP 100
NIFTY MIDCAP 100,30 Aug 2022,31084.05,31519.4,31076.95,31481.7,NIFTY MIDCAP 100
NIFTY MIDCAP 100,29 Aug 2022,30250.05,30893.5,30246.9,30853.85,NIFTY MIDCAP 100
NIFTY MIDCAP 100,26 Aug 2022,31126.75,31293.4,31046.4,31112.95,NIFTY MIDCAP 100
NIFTY MIDCAP 100,25 Aug 2022,31122.85,31215.0,30895.9,30942.9,NIFTY MIDCAP 100
NIFTY MIDCAP 100,24 Aug 2022,30704.7,30986.35,30663.35,30960.9,NIFTY MIDCAP 100
NIFTY MIDCAP 100,23 Aug 2022,30106.55,30798.85,30098.5,30734.65,NIFTY MIDCAP 100
NIFTY MIDCAP 100,22 Aug 2022,30906.65,30906.65,30316.8,30379.5,NIFTY MIDCAP 100
NIFTY MIDCAP 100,19 Aug 2022,31550.45,31593.0,30911.8,31005.0,NIFTY MIDCAP 100
NIFTY MIDCAP 100,18 Aug 2022,31394.95,31550.25,31315.6,31460.2,NIFTY MIDCAP 100
NIFTY MIDCAP 100,17 Aug 2022,31371.3,31491.45,31339.9,31401.4,NIFTY MIDCAP 100
NIFTY MIDCAP 100,16 Aug 2022,30963.9,31272.1,30925.85,31254.55,NIFTY MIDCAP 100
NIFTY MIDCAP 100,12 Aug 2022,30633.3,30850.1,30560.75,30806.35,NIFTY MIDCAP 100
NIFTY MIDCAP 100,11 Aug 2022,30547.75,30641.3,30519.3,30583.85,NIFTY MIDCAP 100
NIFTY MIDCAP 100,10 Aug 2022,30459.0,30494.4,30190.3,30318.9,NIFTY MIDCAP 100
NIFTY MIDCAP 100,08 Aug 2022,30282.9,30481.15,30155.75,30366.05,NIFTY MIDCAP 100
NIFTY MIDCAP 100,05 Aug 2022,30273.95,30354.35,30167.5,30258.35,NIFTY MIDCAP 100
NIFTY MIDCAP 100,04 Aug 2022,30158.75,30287.8,29658.95,30190.85,NIFTY MIDCAP 100
NIFTY MIDCAP 100,03 Aug 2022,30207.0,30243.95,29758.9,30017.65,NIFTY MIDCAP 100
NIFTY MIDCAP 100,02 Aug 2022,30110.55,30288.25,29942.4,30228.15,NIFTY MIDCAP 100
NIFTY MIDCAP 100,01 Aug 2022,29791.7,30155.85,29641.0,30128.0,NIFTY MIDCAP 100
NIFTY MIDCAP 100,29 Jul 2022,29426.75,29676.1,29399.1,29634.25,NIFTY MIDCAP 100
NIFTY MIDCAP 100,28 Jul 2022,29153.55,29245.75,28979.9,29219.75,NIFTY MIDCAP 100
NIFTY MIDCAP 100,27 Jul 2022,28633.65,29003.9,28556.85,28976.3,NIFTY MIDCAP 100
NIFTY MIDCAP 100,26 Jul 2022,29050.3,29055.1,28626.95,28658.75,NIFTY MIDCAP 100
NIFTY MIDCAP 100,25 Jul 2022,29048.35,29091.6,28870.8,29020.75,NIFTY MIDCAP 100
NIFTY MIDCAP 100,22 Jul 2022,29181.6,29236.6,28953.2,29047.85,NIFTY MIDCAP 100
NIFTY MIDCAP 100,21 Jul 2022,28682.0,29087.75,28630.7,29049.15,NIFTY MIDCAP 100
NIFTY MIDCAP 100,20 Jul 2022,28870.65,28871.5,28596.3,28654.4,NIFTY MIDCAP 100
NIFTY MIDCAP 100,19 Jul 2022,28336.15,28635.95,28297.25,28600.95,NIFTY MIDCAP 100
NIFTY MIDCAP 100,18 Jul 2022,28236.35,28437.15,28201.9,28409.75,NIFTY MIDCAP 100
NIFTY MIDCAP 100,15 Jul 2022,27903.55,28051.15,27796.45,28017.25,NIFTY MIDCAP 100
NIFTY MIDCAP 100,14 Jul 2022,27895.9,27945.9,27553.55,27803.5,NIFTY MIDCAP 100
NIFTY MIDCAP 100,13 Jul 2022,27925.9,28032.1,27751.2,27827.85,NIFTY MIDCAP 100
NIFTY MIDCAP 100,12 Jul 2022,27811.1,28010.8,27730.65,27782.05,NIFTY MIDCAP 100
NIFTY MIDCAP 100,11 Jul 2022,27557.1,27949.8,27496.05,27908.05,NIFTY MIDCAP 100
NIFTY MIDCAP 100,08 Jul 2022,27740.75,27749.5,27459.45,27649.05,NIFTY MIDCAP 100
NIFTY MIDCAP 100,07 Jul 2022,27389.65,27594.65,27360.65,27572.45,NIFTY MIDCAP 100
NIFTY MIDCAP 100,06 Jul 2022,26747.5,27237.2,26640.35,27204.35,NIFTY MIDCAP 100
NIFTY MIDCAP 100,05 Jul 2022,26871.1,27011.35,26650.4,26698.1,NIFTY MIDCAP 100
NIFTY MIDCAP 100,04 Jul 2022,26609.55,26791.1,26502.5,26769.55,NIFTY MIDCAP 100
NIFTY MIDCAP 100,01 Jul 2022,26356.6,26639.8,26179.2,26587.3,NIFTY MIDCAP 100
NIFTY MIDCAP 100,30 Jun 2022,26713.9,26814.45,26406.7,26452.75,NIFTY MIDCAP 100
NIFTY MIDCAP 100,29 Jun 2022,26515.0,26716.45,26470.3,26672.15,NIFTY MIDCAP 100
NIFTY MIDCAP 100,28 Jun 2022,26621.15,26821.1,26464.25,26791.0,NIFTY MIDCAP 100
NIFTY MIDCAP 100,27 Jun 2022,26774.4,26861.55,26678.9,26713.25,NIFTY MIDCAP 100
NIFTY MIDCAP 100,24 Jun 2022,26275.3,26477.85,26257.85,26449.05,NIFTY MIDCAP 100
NIFTY MIDCAP 100,23 Jun 2022,25835.7,26157.0,25734.95,26079.95,NIFTY MIDCAP 100
NIFTY MIDCAP 100,22 Jun 2022,26115.5,26115.5,25706.5,25767.85,NIFTY MIDCAP 100
NIFTY MIDCAP 100,21 Jun 2022,25477.75,26231.15,25461.9,26194.4,NIFTY MIDCAP 100
NIFTY MIDCAP 100,20 Jun 2022,25900.3,25957.95,25048.15,25292.9,NIFTY MIDCAP 100
NIFTY MIDCAP 100,17 Jun 2022,25989.85,26221.65,25702.6,25877.7,NIFTY MIDCAP 100
NIFTY MIDCAP 100,16 Jun 2022,27097.45,27145.15,26065.7,26180.35,NIFTY MIDCAP 100
NIFTY MIDCAP 100,15 Jun 2022,26861.65,26950.75,26726.45,26809.0,NIFTY MIDCAP 100
NIFTY MIDCAP 100,14 Jun 2022,26619.5,27034.3,26604.7,26715.65,NIFTY MIDCAP 100
NIFTY MIDCAP 100,13 Jun 2022,27115.05,27130.8,26701.75,26777.8,NIFTY MIDCAP 100
NIFTY MIDCAP 100,10 Jun 2022,27541.1,27677.4,27485.2,27575.8,NIFTY MIDCAP 100
NIFTY MIDCAP 100,09 Jun 2022,27546.95,27846.95,27475.85,27805.9,NIFTY MIDCAP 100
NIFTY MIDCAP 100,08 Jun 2022,27830.55,27960.3,27570.3,27670.8,NIFTY MIDCAP 100
NIFTY MIDCAP 100,07 Jun 2022,27889.95,27937.25,27639.85,27803.95,NIFTY MIDCAP 100
NIFTY MIDCAP 100,06 Jun 2022,27994.85,28048.55,27634.8,27992.65,NIFTY MIDCAP 100
NIFTY MIDCAP 100,03 Jun 2022,28700.85,28729.15,27994.1,28023.35,NIFTY MIDCAP 100
NIFTY MIDCAP 100,02 Jun 2022,28321.55,28527.0,28195.75,28491.15,NIFTY MIDCAP 100
NIFTY MIDCAP 100,01 Jun 2022,28345.85,28535.2,28144.45,28299.9,NIFTY MIDCAP 100
NIFTY MIDCAP 100,31 May 2022,28315.7,28536.3,28232.55,28288.35,NIFTY MIDCAP 100
NIFTY MIDCAP 100,30 May 2022,27927.6,28348.3,27916.2,28326.35,NIFTY MIDCAP 100
NIFTY MIDCAP 100,27 May 2022,27573.15,27681.65,27429.95,27657.25,NIFTY MIDCAP 100
NIFTY MIDCAP 100,26 May 2022,27019.15,27392.7,26472.6,27281.15,NIFTY MIDCAP 100
NIFTY MIDCAP 100,25 May 2022,27668.75,27726.4,26862.15,26918.7,NIFTY MIDCAP 100
NIFTY MIDCAP 100,24 May 2022,27849.1,27896.4,27514.3,27595.3,NIFTY MIDCAP 100
NIFTY MIDCAP 100,23 May 2022,28005.1,28184.1,27732.55,27775.45,NIFTY MIDCAP 100
NIFTY MIDCAP 100,20 May 2022,27712.75,27899.05,27688.25,27872.2,NIFTY MIDCAP 100
NIFTY MIDCAP 100,19 May 2022,27463.3,27577.15,27162.05,27271.9,NIFTY MIDCAP 100
NIFTY MIDCAP 100,18 May 2022,28327.4,28461.2,28043.45,28111.7,NIFTY MIDCAP 100
NIFTY MIDCAP 100,17 May 2022,27585.65,28220.6,27519.45,28172.9,NIFTY MIDCAP 100
NIFTY MIDCAP 100,16 May 2022,27216.8,27492.95,26978.85,27425.5,NIFTY MIDCAP 100
NIFTY MIDCAP 100,13 May 2022,27168.05,27648.05,27008.9,27085.65,NIFTY MIDCAP 100
NIFTY MIDCAP 100,12 May 2022,27262.05,27292.35,26601.65,26810.05,NIFTY MIDCAP 100
NIFTY MIDCAP 100,11 May 2022,27644.35,27860.5,26909.55,27450.8,NIFTY MIDCAP 100
NIFTY MIDCAP 100,10 May 2022,28026.8,28361.4,27472.9,27548.6,NIFTY MIDCAP 100
NIFTY MIDCAP 100,09 May 2022,28310.6,28378.25,27872.15,28074.45,NIFTY MIDCAP 100
NIFTY MIDCAP 100,06 May 2022,28595.15,28699.7,28359.5,28584.2,NIFTY MIDCAP 100
NIFTY MIDCAP 100,05 May 2022,29311.0,29527.3,29030.5,29104.35,NIFTY MIDCAP 100
NIFTY MIDCAP 100,04 May 2022,29844.2,29908.75,28959.85,29074.3,NIFTY MIDCAP 100
NIFTY MIDCAP 100,02 May 2022,29666.1,29779.8,29528.75,29703.4,NIFTY MIDCAP 100
NIFTY MIDCAP 100,29 Apr 2022,30333.1,30431.25,29811.7,29880.35,NIFTY MIDCAP 100
NIFTY MIDCAP 100,28 Apr 2022,30219.45,30240.35,29890.8,30134.6,NIFTY MIDCAP 100
NIFTY MIDCAP 100,27 Apr 2022,30009.85,30127.2,29686.6,29954.3,NIFTY MIDCAP 100
NIFTY MIDCAP 100,26 Apr 2022,30052.7,30240.3,30011.65,30215.35,NIFTY MIDCAP 100
NIFTY MIDCAP 100,25 Apr 2022,30055.85,30057.25,29637.9,29733.1,NIFTY MIDCAP 100
NIFTY MIDCAP 100,22 Apr 2022,30435.8,30622.05,30263.6,30315.85,NIFTY MIDCAP 100
NIFTY MIDCAP 100,21 Apr 2022,30504.2,30642.3,30478.35,30603.3,NIFTY MIDCAP 100
NIFTY MIDCAP 100,20 Apr 2022,30224.1,30525.7,30080.4,30279.25,NIFTY MIDCAP 100
NIFTY MIDCAP 100,19 Apr 2022,30712.25,30838.75,29785.15,30055.0,NIFTY MIDCAP 100
NIFTY MIDCAP 100,18 Apr 2022,30565.85,30586.0,30212.0,30473.55,NIFTY MIDCAP 100
NIFTY MIDCAP 100,13 Apr 2022,30995.25,31079.9,30766.8,30796.3,NIFTY MIDCAP 100
NIFTY MIDCAP 100,12 Apr 2022,31396.7,31396.7,30539.4,30804.9,NIFTY MIDCAP 100
NIFTY MIDCAP 100,11 Apr 2022,31327.5,31506.55,31298.0,31408.15,NIFTY MIDCAP 100
NIFTY MIDCAP 100,08 Apr 2022,31101.25,31283.05,31006.55,31214.2,NIFTY MIDCAP 100
NIFTY MIDCAP 100,07 Apr 2022,31273.35,31401.65,30792.7,30911.3,NIFTY MIDCAP 100
NIFTY MIDCAP 100,06 Apr 2022,31002.05,31285.25,30900.15,31229.2,NIFTY MIDCAP 100
NIFTY MIDCAP 100,05 Apr 2022,30830.2,31129.0,30704.8,31046.7,NIFTY MIDCAP 100
NIFTY MIDCAP 100,04 Apr 2022,30293.55,30646.85,30286.1,30625.2,NIFTY MIDCAP 100
NIFTY MIDCAP 100,01 Apr 2022,29734.6,30167.4,29691.7,30134.55,NIFTY MIDCAP 100
NIFTY MIDCAP 100,31 Mar 2022,29674.4,29801.4,29619.15,29692.3,NIFTY MIDCAP 100
NIFTY MIDCAP 100,30 Mar 2022,29553.2,29661.15,29459.55,29590.7,NIFTY MIDCAP 100
NIFTY MIDCAP 100,29 Mar 2022,29375.35,29481.95,29200.15,29342.3,NIFTY MIDCAP 100
NIFTY MIDCAP 100,28 Mar 2022,29363.45,29455.85,28975.1,29221.2,NIFTY MIDCAP 100
NIFTY MIDCAP 100,25 Mar 2022,29454.75,29489.35,29154.1,29274.55,NIFTY MIDCAP 100
NIFTY MIDCAP 100,24 Mar 2022,29101.2,29349.65,29036.95,29308.35,NIFTY MIDCAP 100
NIFTY MIDCAP 100,23 Mar 2022,29148.55,29259.1,29047.65,29137.3,NIFTY MIDCAP 100
NIFTY MIDCAP 100,22 Mar 2022,28931.2,28993.65,28584.65,28977.3,NIFTY MIDCAP 100
NIFTY MIDCAP 100,21 Mar 2022,29170.05,29170.05,28862.1,28896.45,NIFTY MIDCAP 100
NIFTY MIDCAP 100,17 Mar 2022,28931.2,29020.8,28905.6,28977.9,NIFTY MIDCAP 100
NIFTY MIDCAP 100,16 Mar 2022,28353.25,28604.3,28310.55,28584.55,NIFTY MIDCAP 100
NIFTY MIDCAP 100,15 Mar 2022,28357.5,28485.65,27878.75,28021.35,NIFTY MIDCAP 100
NIFTY MIDCAP 100,14 Mar 2022,28249.8,28345.15,28029.7,28267.5,NIFTY MIDCAP 100
NIFTY MIDCAP 100,11 Mar 2022,27981.85,28247.35,27855.4,28210.35,NIFTY MIDCAP 100
NIFTY MIDCAP 100,10 Mar 2022,28350.95,28386.85,27906.0,28038.7,NIFTY MIDCAP 100
NIFTY MIDCAP 100,09 Mar 2022,27454.25,27882.05,27326.65,27785.5,NIFTY MIDCAP 100
NIFTY MIDCAP 100,08 Mar 2022,26870.4,27247.35,26634.2,27198.55,NIFTY MIDCAP 100
NIFTY MIDCAP 100,07 Mar 2022,27000.7,27012.45,26532.65,26865.9,NIFTY MIDCAP 100
NIFTY MIDCAP 100,04 Mar 2022,27950.3,27966.95,27475.75,27517.1,NIFTY MIDCAP 100
NIFTY MIDCAP 100,03 Mar 2022,28583.6,28643.7,28033.9,28102.9,NIFTY MIDCAP 100
NIFTY MIDCAP 100,02 Mar 2022,28016.35,28353.4,27940.85,28217.1,NIFTY MIDCAP 100
NIFTY MIDCAP 100,28 Feb 2022,27678.15,28255.1,27447.15,28223.45,NIFTY MIDCAP 100
NIFTY MIDCAP 100,25 Feb 2022,27407.75,28034.95,27396.7,27953.3,NIFTY MIDCAP 100
NIFTY MIDCAP 100,24 Feb 2022,27562.6,27809.5,26779.05,26832.65,NIFTY MIDCAP 100
NIFTY MIDCAP 100,23 Feb 2022,28503.35,28718.55,28437.0,28467.0,NIFTY MIDCAP 100
NIFTY MIDCAP 100,22 Feb 2022,27828.6,28348.4,27826.05,28284.9,NIFTY MIDCAP 100
NIFTY MIDCAP 100,21 Feb 2022,28795.6,28914.2,28427.45,28575.75,NIFTY MIDCAP 100
NIFTY MIDCAP 100,18 Feb 2022,29024.2,29253.45,28891.9,28934.35,NIFTY MIDCAP 100
NIFTY MIDCAP 100,17 Feb 2022,29425.85,29513.5,29156.8,29201.3,NIFTY MIDCAP 100
NIFTY MIDCAP 100,16 Feb 2022,29568.95,29630.35,29203.7,29289.95,NIFTY MIDCAP 100
NIFTY MIDCAP 100,15 Feb 2022,28660.75,29411.65,28270.5,29375.3,NIFTY MIDCAP 100
NIFTY MIDCAP 100,14 Feb 2022,29050.8,29189.2,28479.55,28558.75,NIFTY MIDCAP 100
NIFTY MIDCAP 100,11 Feb 2022,30118.3,30164.55,29656.15,29729.4,NIFTY MIDCAP 100
NIFTY MIDCAP 100,10 Feb 2022,30359.4,30408.05,30131.75,30343.45,NIFTY MIDCAP 100
NIFTY MIDCAP 100,09 Feb 2022,30055.7,30288.15,30037.35,30257.1,NIFTY MIDCAP 100
NIFTY MIDCAP 100,08 Feb 2022,30242.7,30325.5,29591.0,29916.85,NIFTY MIDCAP 100
NIFTY MIDCAP 100,07 Feb 2022,30501.6,30609.7,29994.9,30129.25,NIFTY MIDCAP 100
NIFTY MIDCAP 100,04 Feb 2022,30667.6,30779.75,30399.85,30441.55,NIFTY MIDCAP 100
NIFTY MIDCAP 100,03 Feb 2022,30948.6,30949.25,30604.8,30673.9,NIFTY MIDCAP 100
NIFTY MIDCAP 100,02 Feb 2022,30755.0,31006.85,30745.25,30971.55,NIFTY MIDCAP 100
NIFTY MIDCAP 100,01 Feb 2022,30570.55,30645.15,30129.15,30611.6,NIFTY MIDCAP 100
NIFTY MIDCAP 100,31 Jan 2022,30175.2,30360.7,30097.6,30273.95,NIFTY MIDCAP 100
NIFTY MIDCAP 100,28 Jan 2022,29590.9,30329.9,29586.9,29804.9,NIFTY MIDCAP 100
NIFTY MIDCAP 100,27 Jan 2022,29478.05,29478.05,28953.6,29364.7,NIFTY MIDCAP 100
NIFTY MIDCAP 100,25 Jan 2022,29056.15,29710.2,28627.05,29676.9,NIFTY MIDCAP 100
NIFTY MIDCAP 100,24 Jan 2022,30553.25,30582.45,29075.95,29383.0,NIFTY MIDCAP 100
NIFTY MIDCAP 100,21 Jan 2022,31167.9,31209.55,30342.7,30563.6,NIFTY MIDCAP 100
NIFTY MIDCAP 100,20 Jan 2022,31352.05,31483.0,31156.4,31312.05,NIFTY MIDCAP 100
NIFTY MIDCAP 100,19 Jan 2022,31348.8,31392.45,30968.7,31363.3,NIFTY MIDCAP 100
NIFTY MIDCAP 100,18 Jan 2022,32190.75,32230.3,31281.65,31381.45,NIFTY MIDCAP 100
NIFTY MIDCAP 100,17 Jan 2022,32062.25,32140.4,31980.7,32040.6,NIFTY MIDCAP 100
NIFTY MIDCAP 100,14 Jan 2022,31913.1,32092.6,31788.9,31989.65,NIFTY MIDCAP 100
NIFTY MIDCAP 100,13 Jan 2022,31868.0,32029.75,31661.6,31997.2,NIFTY MIDCAP 100
NIFTY MIDCAP 100,12 Jan 2022,31568.25,31817.0,31503.6,31791.55,NIFTY MIDCAP 100
NIFTY MIDCAP 100,11 Jan 2022,31357.6,31537.6,31304.25,31400.4,NIFTY MIDCAP 100
NIFTY MIDCAP 100,10 Jan 2022,31246.35,31408.45,31232.65,31371.65,NIFTY MIDCAP 100
NIFTY MIDCAP 100,07 Jan 2022,31054.05,31198.75,30892.55,31111.55,NIFTY MIDCAP 100
NIFTY MIDCAP 100,06 Jan 2022,30701.3,30983.05,30566.75,30956.85,NIFTY MIDCAP 100
NIFTY MIDCAP 100,05 Jan 2022,30868.75,30971.3,30728.15,30917.55,NIFTY MIDCAP 100
NIFTY MIDCAP 100,04 Jan 2022,30911.0,30980.65,30686.9,30870.35,NIFTY MIDCAP 100
NIFTY MIDCAP 100,03 Jan 2022,30487.75,30829.3,30483.65,30788.0,NIFTY MIDCAP 100
NIFTY SMALLCAP 250,30 Dec 2022,9463.85,9533.2,9463.5,9481.25,NIFTY SMALLCAP 250
NIFTY SMALLCAP 250,29 Dec 2022,9367.4,9417.25,9329.35,9408.35,NIFTY SMALLCAP 250
NIFTY SMALLCAP 250,28 Dec 2022,9381.15,9415.2,9321.75,9397.05,NIFTY SMALLCAP 250
NIFTY SMALLCAP 250,27 Dec 2022,9338.25,9419.35,9279.1,9377.05,NIFTY SMALLCAP 250
NIFTY SMALLCAP 250,26 Dec 2022,8958.15,9276.55,8894.75,9262.7,NIFTY SMALLCAP 250
NIFTY SMALLCAP 250,23 Dec 2022,9283.5,9303.7,8945.35,8962.5,NIFTY SMALLCAP 250
NIFTY SMALLCAP 250,22 Dec 2022,9585.5,9625.0,9299.35,9373.85,NIFTY SMALLCAP 250
NIFTY SMALLCAP 250,21 Dec 2022,9782.85,9816.6,9507.5,9540.0,NIFTY SMALLCAP 250
NIFTY SMALLCAP 250,20 Dec 2022,9758.45,9791.5,9677.55,9741.25,NIFTY SMALLCAP 250
NIFTY SMALLCAP 250,19 Dec 2022,9771.5,9791.3,9715.55,9761.45,NIFTY SMALLCAP 250
NIFTY SMALLCAP 250,16 Dec 2022,9783.8,9849.1,9695.75,9732.3,NIFTY SMALLCAP 250
NIFTY SMALLCAP 250,15 Dec 2022,9861.9,9894.0,9795.9,9810.2,NIFTY SMALLCAP 250
NIFTY SMALLCAP 250,14 Dec 2022,9830.8,9875.9,9804.1,9852.65,NIFTY SMALLCAP 250
NIFTY SMALLCAP 250,13 Dec 2022,9781.15,9799.95,9761.45,9788.7,NIFTY SMALLCAP 250
NIFTY SMALLCAP 250,12 Dec 2022,9687.05,9740.25,9618.9,9733.25,NIFTY SMALLCAP 250
NIFTY SMALLCAP 250,09 Dec 2022,9824.75,9837.65,9624.8,9681.8,NIFTY SMALLCAP 250
NIFTY SMALLCAP 250,08 Dec 2022,9751.4,9792.8,9745.65,9783.2,NIFTY SMALLCAP 250
NIFTY SMALLCAP 250,07 Dec 2022,9788.05,9807.1,9707.7,9729.65,NIFTY SMALLCAP 250
NIFTY SMALLCAP 250,06 Dec 2022,9787.9,9813.8,9754.05,9767.5,NIFTY SMALLCAP 250
NIFTY SMALLCAP 250,05 Dec 2022,9801.05,9819.75,9771.65,9790.5,NIFTY SMALLCAP 250
NIFTY SMALLCAP 250,02 Dec 2022,9710.8,9766.05,9702.25,9758.15,NIFTY SMALLCAP 250
NIFTY SMALLCAP 250,01 Dec 2022,9709.05,9738.15,9677.95,9693.85,NIFTY SMALLCAP 250
NIFTY SMALLCAP 250,30 Nov 2022,9630.85,9661.15,9617.0,9651.05,NIFTY SMALLCAP 250
NIFTY SMALLCAP 250,29 Nov 2022,9658.95,9686.2,9587.75,9602.2,NIFTY SMALLCAP 250
NIFTY SMALLCAP 250,28 Nov 2022,9543.55,9643.15,9540.3,9636.6,NIFTY SMALLCAP 250
NIFTY SMALLCAP 250,25 Nov 2022,9485.95,9549.55,9483.35,9534.55,NIFTY SMALLCAP 250
NIFTY SMALLCAP 250,24 Nov 2022,9441.25,9471.7,9438.85,9461.3,NIFTY SMALLCAP 250
NIFTY SMALLCAP 250,23 Nov 2022,9387.7,9425.6,9386.15,9410.0,NIFTY SMALLCAP 250
NIFTY SMALLCAP 250,22 Nov 2022,9380.5,9390.45,9343.35,9355.35,NIFTY SMALLCAP 250
NIFTY SMALLCAP 250,21 Nov 2022,9365.85,9397.3,9339.6,9363.65,NIFTY SMALLCAP 250
NIFTY SMALLCAP 250,18 Nov 2022,9414.85,9429.35,9322.65,9353.5,NIFTY SMALLCAP 250
NIFTY SMALLCAP 250,17 Nov 2022,9403.7,9423.65,9382.35,9395.75,NIFTY SMALLCAP 250
NIFTY SMALLCAP 250,16 Nov 2022,9451.25,9468.65,9374.2,9407.6,NIFTY SMALLCAP 250
NIFTY SMALLCAP 250,15 Nov 2022,9459.2,9463.05,9422.2,9439.0,NIFTY SMALLCAP 250
NIFTY SMALLCAP 250,14 Nov 2022,9415.65,9446.1,9369.05,9433.7,NIFTY SMALLCAP 250
NIFTY SMALLCAP 250,11 Nov 2022,9455.95,9482.15,9376.05,9391.1,NIFTY SMALLCAP 250
NIFTY SMALLCAP 250,10 Nov 2022,9454.4,9481.95,9318.75,9359.5,NIFTY SMALLCAP 250
NIFTY SMALLCAP 250,09 Nov 2022,9544.7,9545.0,9456.1,9475.85,NIFTY SMALLCAP 250
NIFTY SMALLCAP 250,07 Nov 2022,9491.4,9523.75,9465.45,9512.8,NIFTY SMALLCAP 250
NIFTY SMALLCAP 250,04 Nov 2022,9433.25,9452.45,9422.1,9442.1,NIFTY SMALLCAP 250
NIFTY SMALLCAP 250,03 Nov 2022,9356.55,9422.5,9349.9,9398.75,NIFTY SMALLCAP 250
NIFTY SMALLCAP 250,02 Nov 2022,9401.65,9435.5,9374.75,9386.9,NIFTY SMALLCAP 250
NIFTY SMALLCAP 250,01 Nov 2022,9398.8,9419.6,9360.6,9385.3,NIFTY SMALLCAP 250
NIFTY SMALLCAP 250,31 Oct 2022,9377.5,9391.75,9354.35,9372.0,NIFTY SMALLCAP 250
NIFTY SMALLCAP 250,28 Oct 2022,9413.95,9427.85,9325.6,9337.0,NIFTY SMALLCAP 250
NIFTY SMALLCAP 250,27 Oct 2022,9401.9,9417.5,9363.8,9394.45,NIFTY SMALLCAP 250
NIFTY SMALLCAP 250,25 Oct 2022,9390.9,9390.9,9313.6,9357.25,NIFTY SMALLCAP 250
NIFTY SMALLCAP 250,24 Oct 2022,9384.25,9403.3,9361.95,9374.3,NIFTY SMALLCAP 250
NIFTY SMALLCAP 250,21 Oct 2022,9358.3,9383.0,9266.3,9287.35,NIFTY SMALLCAP 250
NIFTY SMALLCAP 250,20 Oct 2022,9286.45,9335.8,9262.55,9327.0,NIFTY SMALLCAP 250
NIFTY SMALLCAP 250,19 Oct 2022,9343.6,9367.4,9301.3,9316.4,NIFTY SMALLCAP 250
NIFTY SMALLCAP 250,18 Oct 2022,9287.7,9323.75,9282.35,9313.65,NIFTY SMALLCAP 250
NIFTY SMALLCAP 250,17 Oct 2022,9202.15,9254.85,9131.65,9239.25,NIFTY SMALLCAP 250
NIFTY SMALLCAP 250,14 Oct 2022,9335.75,9361.25,9200.2,9215.7,NIFTY SMALLCAP 250
NIFTY SMALLCAP 250,13 Oct 2022,9264.1,9286.2,9186.1,9212.05,NIFTY SMALLCAP 250
NIFTY SMALLCAP 250,12 Oct 2022,9247.15,9279.95,9152.55,9261.45,NIFTY SMALLCAP 250
NIFTY SMALLCAP 250,11 Oct 2022,9392.95,9415.8,9200.75,9221.15,NIFTY SMALLCAP 250
NIFTY SMALLCAP 250,10 Oct 2022,9340.5,9394.05,9305.1,9365.75,NIFTY SMALLCAP 250
NIFTY SMALLCAP 250,07 Oct 2022,9389.55,9424.15,9354.3,9417.4,NIFTY SMALLCAP 250
NIFTY SMALLCAP 250,06 Oct 2022,9351.1,9417.15,9345.7,9387.2,NIFTY SMALLCAP 250
NIFTY SMALLCAP 250,04 Oct 2022,9298.3,9319.6,9250.5,9285.3,NIFTY SMALLCAP 250
NIFTY SMALLCAP 250,03 Oct 2022,9200.5,9245.4,9099.45,9163.95,NIFTY SMALLCAP 250
NIFTY SMALLCAP 250,30 Sep 2022,9060.6,9208.3,8999.5,9198.75,NIFTY SMALLCAP 250
NIFTY SMALLCAP 250,29 Sep 2022,9108.25,9153.55,9010.1,9060.15,NIFTY SMALLCAP 250
NIFTY SMALLCAP 250,28 Sep 2022,8996.1,9093.5,8960.35,9009.05,NIFTY SMALLCAP 250
NIFTY SMALLCAP 250,27 Sep 2022,9053.7,9135.7,8982.65,9048.95,NIFTY SMALLCAP 250
NIFTY SMALLCAP 250,26 Sep 2022,9231.55,9234.9,8927.55,9001.0,NIFTY SMALLCAP 250
NIFTY SMALLCAP 250,23 Sep 2022,9523.25,9545.85,9296.05,9312.45,NIFTY SMALLCAP 250
NIFTY SMALLCAP 250,22 Sep 2022,9429.75,9523.9,9415.55,9500.4,NIFTY SMALLCAP 250
NIFTY SMALLCAP 250,21 Sep 2022,9535.9,9572.45,9412.5,9446.7,NIFTY SMALLCAP 250
NIFTY SMALLCAP 250,20 Sep 2022,9479.1,9550.45,9478.2,9506.25,NIFTY SMALLCAP 250
NIFTY SMALLCAP 250,19 Sep 2022,9491.7,9530.35,9357.75,9398.3,NIFTY SMALLCAP 250
NIFTY SMALLCAP 250,16 Sep 2022,9692.7,9705.0,9411.65,9467.85,NIFTY SMALLCAP 250
NIFTY SMALLCAP 250,15 Sep 2022,9753.6,9787.2,9667.2,9690.05,NIFTY SMALLCAP 250
NIFTY SMALLCAP 250,14 Sep 2022,9553.25,9710.9,9541.5,9692.1,NIFTY SMALLCAP 250
NIFTY SMALLCAP 250,13 Sep 2022,9724.8,9742.15,9673.2,9683.0,NIFTY SMALLCAP 250
NIFTY SMALLCAP 250,12 Sep 2022,9644.15,9686.3,9638.2,9672.35,NIFTY SMALLCAP 250
NIFTY SMALLCAP 250,09 Sep 2022,9658.85,9667.65,9557.1,9581.65,NIFTY SMALLCAP 250
NIFTY SMALLCAP 250,08 Sep 2022,9618.7,9632.9,9568.35,9600.7,NIFTY SMALLCAP 250
NIFTY SMALLCAP 250,07 Sep 2022,9428.85,9541.05,9416.45,9533.55,NIFTY SMALLCAP 250
NIFTY SMALLCAP 250,06 Sep 2022,9490.1,9513.4,9401.5,9457.25,NIFTY SMALLCAP 250
NIFTY SMALLCAP 250,05 Sep 2022,9374.3,9434.65,9369.4,9427.45,NIFTY SMALLCAP 250
NIFTY SMALLCAP 250,02 Sep 2022,9369.3,9384.85,9312.8,9333.95,NIFTY SMALLCAP 250
NIFTY SMALLCAP 250,01 Sep 2022,9254.0,9341.55,9244.2,9313.85,NIFTY SMALLCAP 250
NIFTY SMALLCAP 250,30 Aug 2022,9247.2,9300.85,9246.85,9285.8,NIFTY SMALLCAP 250
NIFTY SMALLCAP 250,29 Aug 2022,8980.25,9187.3,8979.45,9172.2,NIFTY SMALLCAP 250
NIFTY SMALLCAP 250,26 Aug 2022,9217.75,9253.0,9200.85,9227.05,NIFTY SMALLCAP 250
NIFTY SMALLCAP 250,25 Aug 2022,9183.35,9227.5,9143.2,9160.6,NIFTY SMALLCAP 250
NIFTY SMALLCAP 250,24 Aug 2022,9072.1,9136.7,9071.65,9129.9,NIFTY SMALLCAP 250
NIFTY SMALLCAP 250,23 Aug 2022,8912.85,9068.9,8901.25,9050.85,NIFTY SMALLCAP 250
NIFTY SMALLCAP 250,22 Aug 2022,9027.85,9027.85,8946.5,8960.3,NIFTY SMALLCAP 250
NIFTY SMALLCAP 250,19 Aug 2022,9164.15,9184.55,9024.5,9041.75,NIFTY SMALLCAP 250
NIFTY SMALLCAP 250,18 Aug 2022,9131.1,9167.75,9116.0,9139.55,NIFTY SMALLCAP 250
NIFTY SMALLCAP 250,17 Aug 2022,9112.8,9138.4,9104.05,9115.05,NIFTY SMALLCAP 250
NIFTY SMALLCAP 250,16 Aug 2022,9039.3,9080.95,9028.55,9071.45,NIFTY SMALLCAP 250
NIFTY SMALLCAP 250,12 Aug 2022,8985.45,9019.8,8973.3,8992.65,NIFTY SMALLCAP 250
NIFTY SMALLCAP 250,11 Aug 2022,8988.1,8994.8,8957.15,8973.05,NIFTY SMALLCAP 250
NIFTY SMALLCAP 250,10 Aug 2022,8967.35,8978.45,8901.5,8919.05,NIFTY SMALLCAP 250
NIFTY SMALLCAP 250,08 Aug 2022,8940.45,8951.1,8892.35,8944.25,NIFTY SMALLCAP 250
NIFTY SMALLCAP 250,05 Aug 2022,8962.2,8990.6,8912.0,8922.2,NIFTY SMALLCAP 250
NIFTY SMALLCAP 250,04 Aug 2022,9001.4,9035.55,8816.05,8930.45,NIFTY SMALLCAP 250
NIFTY SMALLCAP 250,03 Aug 2022,9011.8,9029.65,8895.9,8954.55,NIFTY SMALLCAP 250
NIFTY SMALLCAP 250,02 Aug 2022,8933.6,9006.65,8910.55,8990.15,NIFTY SMALLCAP 250
NIFTY SMALLCAP 250,01 Aug 2022,8846.05,8944.7,8806.7,8935.05,NIFTY SMALLCAP 250
NIFTY SMALLCAP 250,29 Jul 2022,8726.25,8802.95,8721.05,8790.55,NIFTY SMALLCAP 250
NIFTY SMALLCAP 250,28 Jul 2022,8656.55,8676.9,8633.15,8667.5,NIFTY SMALLCAP 250
NIFTY SMALLCAP 250,27 Jul 2022,8590.6,8612.05,8558.5,8602.25,NIFTY SMALLCAP 250
NIFTY SMALLCAP 250,26 Jul 2022,8696.65,8701.5,8588.35,8602.75,NIFTY SMALLCAP 250
NIFTY SMALLCAP 250,25 Jul 2022,8732.9,8742.8,8656.45,8691.85,NIFTY SMALLCAP 250
NIFTY SMALLCAP 250,22 Jul 2022,8744.3,8753.2,8698.35,8727.65,NIFTY SMALLCAP 250
NIFTY SMALLCAP 250,21 Jul 2022,8662.45,8710.45,8636.45,8703.65,NIFTY SMALLCAP 250
NIFTY SMALLCAP 250,20 Jul 2022,8661.9,8692.7,8619.55,8635.05,NIFTY SMALLCAP 250
NIFTY SMALLCAP 250,19 Jul 2022,8506.9,8590.8,8495.3,8583.3,NIFTY SMALLCAP 250
NIFTY SMALLCAP 250,18 Jul 2022,8453.3,8520.9,8451.55,8511.7,NIFTY SMALLCAP 250
NIFTY SMALLCAP 250,15 Jul 2022,8369.55,8395.15,8317.75,8389.35,NIFTY SMALLCAP 250
NIFTY SMALLCAP 250,14 Jul 2022,8425.2,8434.5,8313.25,8349.6,NIFTY SMALLCAP 250
NIFTY SMALLCAP 250,13 Jul 2022,8438.65,8461.65,8396.35,8410.35,NIFTY SMALLCAP 250
NIFTY SMALLCAP 250,12 Jul 2022,8410.0,8452.85,8381.0,8392.4,NIFTY SMALLCAP 250
NIFTY SMALLCAP 250,11 Jul 2022,8328.15,8427.7,8315.6,8423.3,NIFTY SMALLCAP 250
NIFTY SMALLCAP 250,08 Jul 2022,8372.2,8382.25,8321.9,8336.8,NIFTY SMALLCAP 250
NIFTY SMALLCAP 250,07 Jul 2022,8277.65,8325.0,8258.5,8317.45,NIFTY SMALLCAP 250
NIFTY SMALLCAP 250,06 Jul 2022,8184.75,8216.05,8102.5,8210.1,NIFTY SMALLCAP 250
NIFTY SMALLCAP 250,05 Jul 2022,8184.5,8255.05,8155.05,8166.8,NIFTY SMALLCAP 250
NIFTY SMALLCAP 250,04 Jul 2022,8127.55,8166.1,8113.65,8145.7,NIFTY SMALLCAP 250
NIFTY SMALLCAP 250,01 Jul 2022,8080.4,8115.15,7998.15,8105.5,NIFTY SMALLCAP 250
NIFTY SMALLCAP 250,30 Jun 2022,8131.45,8182.5,8073.2,8088.6,NIFTY SMALLCAP 250
NIFTY SMALLCAP 250,29 Jun 2022,8085.3,8157.9,8072.65,8114.6,NIFTY SMALLCAP 250
NIFTY SMALLCAP 250,28 Jun 2022,8148.5,8165.8,8090.2,8159.2,NIFTY SMALLCAP 250
NIFTY SMALLCAP 250,27 Jun 2022,8142.0,8181.15,8119.35,8165.6,NIFTY SMALLCAP 250
NIFTY SMALLCAP 250,24 Jun 2022,7964.5,8047.85,7963.6,8036.8,NIFTY SMALLCAP 250
NIFTY SMALLCAP 250,23 Jun 2022,7833.95,7915.3,7811.4,7899.9,NIFTY SMALLCAP 250
NIFTY SMALLCAP 250,22 Jun 2022,7876.15,7881.1,7794.95,7810.9,NIFTY SMALLCAP 250
NIFTY SMALLCAP 250,21 Jun 2022,7720.65,7911.0,7720.3,7893.4,NIFTY SMALLCAP 250
NIFTY SMALLCAP 250,20 Jun 2022,7910.2,7928.7,7598.05,7657.25,NIFTY SMALLCAP 250
NIFTY SMALLCAP 250,17 Jun 2022,7928.75,7977.85,7813.2,7902.75,NIFTY SMALLCAP 250
NIFTY SMALLCAP 250,16 Jun 2022,8309.5,8332.7,7953.65,7965.9,NIFTY SMALLCAP 250
NIFTY SMALLCAP 250,15 Jun 2022,8218.3,8253.4,8199.9,8217.8,NIFTY SMALLCAP 250
NIFTY SMALLCAP 250,14 Jun 2022,8152.45,8283.85,8151.9,8172.05,NIFTY SMALLCAP 250
NIFTY SMALLCAP 250,13 Jun 2022,8351.05,8353.8,8195.0,8205.65,NIFTY SMALLCAP 250
NIFTY SMALLCAP 250,10 Jun 2022,8508.55,8544.95,8493.95,8506.9,NIFTY SMALLCAP 250
NIFTY SMALLCAP 250,09 Jun 2022,8541.7,8589.85,8521.05,8582.15,NIFTY SMALLCAP 250
NIFTY SMALLCAP 250,08 Jun 2022,8626.1,8659.35,8538.2,8577.6,NIFTY SMALLCAP 250
NIFTY SMALLCAP 250,07 Jun 2022,8609.1,8636.75,8553.1,8592.5,NIFTY SMALLCAP 250
NIFTY SMALLCAP 250,06 Jun 2022,8688.05,8695.9,8553.35,8640.9,NIFTY SMALLCAP 250
NIFTY SMALLCAP 250,03 Jun 2022,8855.2,8874.3,8683.05,8696.35,NIFTY SMALLCAP 250
NIFTY SMALLCAP 250,02 Jun 2022,8729.4,8781.55,8713.8,8772.9,NIFTY SMALLCAP 250
NIFTY SMALLCAP 250,01 Jun 2022,8714.3,8778.6,8671.9,8730.65,NIFTY SMALLCAP 250
NIFTY SMALLCAP 250,31 May 2022,8596.7,8705.6,8565.25,8673.1,NIFTY SMALLCAP 250
NIFTY SMALLCAP 250,30 May 2022,8503.35,8592.75,8483.7,8585.5,NIFTY SMALLCAP 250
NIFTY SMALLCAP 250,27 May 2022,8399.9,8439.65,8344.35,8397.35,NIFTY SMALLCAP 250
NIFTY SMALLCAP 250,26 May 2022,8267.85,8323.55,8065.95,8311.8,NIFTY SMALLCAP 250
NIFTY SMALLCAP 250,25 May 2022,8523.2,8541.5,8227.1,8233.7,NIFTY SMALLCAP 250
NIFTY SMALLCAP 250,24 May 2022,8627.95,8646.25,8473.05,8488.6,NIFTY SMALLCAP 250
NIFTY SMALLCAP 250,23 May 2022,8697.65,8711.6,8581.6,8594.1,NIFTY SMALLCAP 250
NIFTY SMALLCAP 250,20 May 2022,8598.8,8666.15,8574.6,8654.55,NIFTY SMALLCAP 250
NIFTY SMALLCAP 250,19 May 2022,8457.95,8547.6,8416.3,8473.6,NIFTY SMALLCAP 250
NIFTY SMALLCAP 250,18 May 2022,8693.3,8758.7,8623.4,8667.2,NIFTY SMALLCAP 250
NIFTY SMALLCAP 250,17 May 2022,8470.7,8649.35,8435.4,8638.1,NIFTY SMALLCAP 250
NIFTY SMALLCAP 250,16 May 2022,8356.75,8416.1,8250.3,8396.8,NIFTY SMALLCAP 250
NIFTY SMALLCAP 250,13 May 2022,8329.1,8428.2,8266.9,8286.2,NIFTY SMALLCAP 250
NIFTY SMALLCAP 250,12 May 2022,8255.9,8262.5,8128.3,8202.15,NIFTY SMALLCAP 250
NIFTY SMALLCAP 250,11 May 2022,8603.95,8639.85,8188.3,8340.65,NIFTY SMALLCAP 250
NIFTY SMALLCAP 250,10 May 2022,8732.9,8858.3,8546.9,8569.1,NIFTY SMALLCAP 250
NIFTY SMALLCAP 250,09 May 2022,8858.3,8868.75,8700.3,8748.95,NIFTY SMALLCAP 250
NIFTY SMALLCAP 250,06 May 2022,8957.9,8966.6,8852.4,8919.45,NIFTY SMALLCAP 250
NIFTY SMALLCAP 250,05 May 2022,9287.7,9302.35,9114.55,9126.7,NIFTY SMALLCAP 250
NIFTY SMALLCAP 250,04 May 2022,9442.4,9477.85,9150.55,9183.4,NIFTY SMALLCAP 250
NIFTY SMALLCAP 250,02 May 2022,9413.15,9436.5,9337.05,9397.75,NIFTY SMALLCAP 250
NIFTY SMALLCAP 250,29 Apr 2022,9645.65,9667.4,9471.55,9493.3,NIFTY SMALLCAP 250
NIFTY SMALLCAP 250,28 Apr 2022,9643.05,9658.95,9514.95,9593.75,NIFTY SMALLCAP 250
NIFTY SMALLCAP 250,27 Apr 2022,9559.85,9600.1,9477.35,9568.55,NIFTY SMALLCAP 250
NIFTY SMALLCAP 250,26 Apr 2022,9623.75,9660.85,9583.95,9623.75,NIFTY SMALLCAP 250
NIFTY SMALLCAP 250,25 Apr 2022,9649.45,9653.1,9511.4,9526.05,NIFTY SMALLCAP 250
NIFTY SMALLCAP 250,22 Apr 2022,9710.1,9810.4,9691.85,9720.3,NIFTY SMALLCAP 250
NIFTY SMALLCAP 250,21 Apr 2022,9709.95,9765.35,9709.4,9744.85,NIFTY SMALLCAP 250
NIFTY SMALLCAP 250,20 Apr 2022,9678.5,9755.85,9608.2,9622.75,NIFTY SMALLCAP 250
NIFTY SMALLCAP 250,19 Apr 2022,9834.9,9883.85,9533.65,9620.7,NIFTY SMALLCAP 250
NIFTY SMALLCAP 250,18 Apr 2022,9812.6,9812.6,9712.4,9770.8,NIFTY SMALLCAP 250
NIFTY SMALLCAP 250,13 Apr 2022,9901.75,9934.75,9849.25,9857.95,NIFTY SMALLCAP 250
NIFTY SMALLCAP 250,12 Apr 2022,9972.5,9972.5,9747.15,9825.2,NIFTY SMALLCAP 250
NIFTY SMALLCAP 250,11 Apr 2022,9972.75,10017.25,9952.0,9966.55,NIFTY SMALLCAP 250
NIFTY SMALLCAP 250,08 Apr 2022,9927.25,9966.95,9891.3,9934.75,NIFTY SMALLCAP 250
NIFTY SMALLCAP 250,07 Apr 2022,9937.85,9995.85,9831.05,9859.2,NIFTY SMALLCAP 250
NIFTY SMALLCAP 250,06 Apr 2022,9849.2,9945.45,9825.0,9902.0,NIFTY SMALLCAP 250
NIFTY SMALLCAP 250,05 Apr 2022,9836.2,9905.15,9806.25,9860.05,NIFTY SMALLCAP 250
NIFTY SMALLCAP 250,04 Apr 2022,9689.0,9772.4,9686.95,9766.85,NIFTY SMALLCAP 250
NIFTY SMALLCAP 250,01 Apr 2022,9468.75,9626.4,9462.0,9620.15,NIFTY SMALLCAP 250
NIFTY SMALLCAP 250,31 Mar 2022,9439.2,9485.95,9424.85,9441.45,NIFTY SMALLCAP 250
NIFTY SMALLCAP 250,30 Mar 2022,9391.4,9439.75,9377.6,9396.5,NIFTY SMALLCAP 250
NIFTY SMALLCAP 250,29 Mar 2022,9304.1,9335.05,9277.7,9312.05,NIFTY SMALLCAP 250
NIFTY SMALLCAP 250,28 Mar 2022,9362.2,9371.6,9212.95,9256.45,NIFTY SMALLCAP 250
NIFTY SMALLCAP 250,25 Mar 2022,9408.75,9425.4,9299.6,9311.1,NIFTY SMALLCAP 250
NIFTY SMALLCAP 250,24 Mar 2022,9306.55,9365.55,9298.15,9347.7,NIFTY SMALLCAP 250
NIFTY SMALLCAP 250,23 Mar 2022,9401.75,9426.2,9300.65,9316.45,NIFTY SMALLCAP 250
NIFTY SMALLCAP 250,22 Mar 2022,9339.75,9344.0,9265.35,9330.35,NIFTY SMALLCAP 250
NIFTY SMALLCAP 250,21 Mar 2022,9340.8,9372.55,9283.4,9301.5,NIFTY SMALLCAP 250
NIFTY SMALLCAP 250,17 Mar 2022,9282.8,9300.4,9262.0,9276.95,NIFTY SMALLCAP 250
NIFTY SMALLCAP 250,16 Mar 2022,9182.3,9206.85,9139.25,9168.55,NIFTY SMALLCAP 250
NIFTY SMALLCAP 250,15 Mar 2022,9197.45,9220.3,9034.95,9067.95,NIFTY SMALLCAP 250
NIFTY SMALLCAP 250,14 Mar 2022,9142.25,9165.65,9062.0,9143.55,NIFTY SMALLCAP 250
NIFTY SMALLCAP 250,11 Mar 2022,9033.95,9142.65,9005.0,9105.9,NIFTY SMALLCAP 250
NIFTY SMALLCAP 250,10 Mar 2022,9104.75,9121.05,8982.0,9025.4,NIFTY SMALLCAP 250
NIFTY SMALLCAP 250,09 Mar 2022,8812.4,8921.05,8786.3,8899.85,NIFTY SMALLCAP 250
NIFTY SMALLCAP 250,08 Mar 2022,8621.45,8745.15,8566.1,8717.05,NIFTY SMALLCAP 250
NIFTY SMALLCAP 250,07 Mar 2022,8634.15,8651.35,8526.3,8599.35,NIFTY SMALLCAP 250
NIFTY SMALLCAP 250,04 Mar 2022,8892.25,8921.5,8785.25,8804.1,NIFTY SMALLCAP 250
NIFTY SMALLCAP 250,03 Mar 2022,9026.05,9078.05,8929.3,8945.3,NIFTY SMALLCAP 250
NIFTY SMALLCAP 250,02 Mar 2022,8823.95,8964.75,8811.55,8911.1,NIFTY SMALLCAP 250
NIFTY SMALLCAP 250,28 Feb 2022,8744.0,8898.75,8620.25,8887.65,NIFTY SMALLCAP 250
NIFTY SMALLCAP 250,25 Feb 2022,8645.25,8839.1,8643.85,8815.2,NIFTY SMALLCAP 250
NIFTY SMALLCAP 250,24 Feb 2022,8659.45,8747.85,8428.3,8454.95,NIFTY SMALLCAP 250
NIFTY SMALLCAP 250,23 Feb 2022,8961.55,9066.4,8960.1,8982.9,NIFTY SMALLCAP 250
NIFTY SMALLCAP 250,22 Feb 2022,8784.4,8917.0,8773.4,8877.55,NIFTY SMALLCAP 250
NIFTY SMALLCAP 250,21 Feb 2022,9234.3,9244.4,9037.9,9052.95,NIFTY SMALLCAP 250
NIFTY SMALLCAP 250,18 Feb 2022,9336.55,9390.5,9279.2,9293.55,NIFTY SMALLCAP 250
NIFTY SMALLCAP 250,17 Feb 2022,9490.0,9507.5,9358.4,9370.3,NIFTY SMALLCAP 250
NIFTY SMALLCAP 250,16 Feb 2022,9470.4,9523.35,9417.35,9440.8,NIFTY SMALLCAP 250
NIFTY SMALLCAP 250,15 Feb 2022,9211.35,9384.8,9057.55,9370.05,NIFTY SMALLCAP 250
NIFTY SMALLCAP 250,14 Feb 2022,9361.4,9412.65,9166.3,9187.6,NIFTY SMALLCAP 250
NIFTY SMALLCAP 250,11 Feb 2022,9702.35,9739.2,9582.7,9596.15,NIFTY SMALLCAP 250
NIFTY SMALLCAP 250,10 Feb 2022,9799.0,9804.1,9707.1,9781.05,NIFTY SMALLCAP 250
NIFTY SMALLCAP 250,09 Feb 2022,9796.4,9823.8,9718.15,9766.05,NIFTY SMALLCAP 250
NIFTY SMALLCAP 250,08 Feb 2022,9920.75,9957.25,9648.55,9732.9,NIFTY SMALLCAP 250
NIFTY SMALLCAP 250,07 Feb 2022,10026.15,10044.65,9862.6,9882.3,NIFTY SMALLCAP 250
NIFTY SMALLCAP 250,04 Feb 2022,10073.05,10094.8,9978.05,9991.3,NIFTY SMALLCAP 250
NIFTY SMALLCAP 250,03 Feb 2022,10096.05,10104.7,10033.85,10050.15,NIFTY SMALLCAP 250
NIFTY SMALLCAP 250,02 Feb 2022,9967.25,10062.6,9966.05,10051.3,NIFTY SMALLCAP 250
NIFTY SMALLCAP 250,01 Feb 2022,9900.7,9922.35,9753.45,9886.6,NIFTY SMALLCAP 250
NIFTY SMALLCAP 250,31 Jan 2022,9838.65,9879.0,9769.8,9813.1,NIFTY SMALLCAP 250
NIFTY SMALLCAP 250,28 Jan 2022,9752.9,9878.25,9708.3,9719.7,NIFTY SMALLCAP 250
NIFTY SMALLCAP 250,27 Jan 2022,9632.15,9735.9,9577.75,9668.55,NIFTY SMALLCAP 250
NIFTY SMALLCAP 250,25 Jan 2022,9505.65,9756.8,9332.8,9713.45,NIFTY SMALLCAP 250
NIFTY SMALLCAP 250,24 Jan 2022,10058.0,10071.0,9522.1,9611.5,NIFTY SMALLCAP 250
NIFTY SMALLCAP 250,21 Jan 2022,10217.75,10266.6,10007.35,10076.85,NIFTY SMALLCAP 250
NIFTY SMALLCAP 250,20 Jan 2022,10283.4,10358.1,10241.45,10269.25,NIFTY SMALLCAP 250
NIFTY SMALLCAP 250,19 Jan 2022,10240.05,10290.75,10142.85,10281.15,NIFTY SMALLCAP 250
NIFTY SMALLCAP 250,18 Jan 2022,10513.75,10524.55,10234.45,10257.8,NIFTY SMALLCAP 250
NIFTY SMALLCAP 250,17 Jan 2022,10465.05,10499.65,10428.2,10471.85,NIFTY SMALLCAP 250
NIFTY SMALLCAP 250,14 Jan 2022,10348.85,10436.3,10311.05,10424.0,NIFTY SMALLCAP 250
NIFTY SMALLCAP 250,13 Jan 2022,10327.05,10364.6,10265.5,10352.6,NIFTY SMALLCAP 250
NIFTY SMALLCAP 250,12 Jan 2022,10298.8,10325.6,10250.5,10292.35,NIFTY SMALLCAP 250
NIFTY SMALLCAP 250,11 Jan 2022,10255.5,10295.95,10199.65,10228.8,NIFTY SMALLCAP 250
NIFTY SMALLCAP 250,10 Jan 2022,10155.7,10228.9,10148.75,10218.3,NIFTY SMALLCAP 250
NIFTY SMALLCAP 250,07 Jan 2022,10079.4,10137.9,10013.4,10076.6,NIFTY SMALLCAP 250
NIFTY SMALLCAP 250,06 Jan 2022,9964.5,10045.6,9919.25,10034.95,NIFTY SMALLCAP 250
NIFTY SMALLCAP 250,05 Jan 2022,10020.1,10048.25,9960.75,10024.3,NIFTY SMALLCAP 250
NIFTY SMALLCAP 250,04 Jan 2022,10033.15,10048.85,9947.65,10018.45,NIFTY SMALLCAP 250
NIFTY SMALLCAP 250,03 Jan 2022,9894.5,9982.3,9893.55,9966.35,NIFTY SMALLCAP 250
NIFTY SMALLCAP 50,30 Dec 2022,4335.9,4369.8,4333.95,4341.95,NIFTY SMALLCAP 50
NIFTY SMALLCAP 50,29 Dec 2022,4293.35,4312.0,4274.5,4306.8,NIFTY SMALLCAP 50
NIFTY SMALLCAP 50,28 Dec 2022,4305.8,4323.1,4274.15,4310.45,NIFTY SMALLCAP 50
NIFTY SMALLCAP 50,27 Dec 2022,4294.6,4334.05,4269.85,4309.75,NIFTY SMALLCAP 50
NIFTY SMALLCAP 50,26 Dec 2022,4113.4,4274.15,4085.85,4262.45,NIFTY SMALLCAP 50
NIFTY SMALLCAP 50,23 Dec 2022,4278.9,4292.3,4105.05,4117.7,NIFTY SMALLCAP 50
NIFTY SMALLCAP 50,22 Dec 2022,4395.65,4412.25,4273.6,4319.1,NIFTY SMALLCAP 50
NIFTY SMALLCAP 50,21 Dec 2022,4470.35,4492.5,4359.3,4376.25,NIFTY SMALLCAP 50
NIFTY SMALLCAP 50,20 Dec 2022,4471.5,4477.05,4411.5,4449.7,NIFTY SMALLCAP 50
NIFTY SMALLCAP 50,19 Dec 2022,4481.95,4498.4,4455.4,4475.15,NIFTY SMALLCAP 50
NIFTY SMALLCAP 50,16 Dec 2022,4464.05,4505.0,4434.75,4459.1,NIFTY SMALLCAP 50
NIFTY SMALLCAP 50,15 Dec 2022,4505.25,4519.7,4467.4,4474.5,NIFTY SMALLCAP 50
NIFTY SMALLCAP 50,14 Dec 2022,4498.0,4513.95,4482.35,4498.85,NIFTY SMALLCAP 50
NIFTY SMALLCAP 50,13 Dec 2022,4496.1,4506.4,4470.75,4477.25,NIFTY SMALLCAP 50
NIFTY SMALLCAP 50,12 Dec 2022,4463.35,4481.2,4430.05,4477.0,NIFTY SMALLCAP 50
NIFTY SMALLCAP 50,09 Dec 2022,4528.5,4534.4,4436.75,4461.9,NIFTY SMALLCAP 50
NIFTY SMALLCAP 50,08 Dec 2022,4498.5,4514.95,4488.65,4509.8,NIFTY SMALLCAP 50
NIFTY SMALLCAP 50,07 Dec 2022,4537.35,4543.25,4479.9,4488.25,NIFTY SMALLCAP 50
NIFTY SMALLCAP 50,06 Dec 2022,4530.1,4543.15,4512.0,4526.35,NIFTY SMALLCAP 50
NIFTY SMALLCAP 50,05 Dec 2022,4538.95,4545.85,4514.75,4538.35,NIFTY SMALLCAP 50
NIFTY SMALLCAP 50,02 Dec 2022,4494.25,4524.75,4487.5,4519.05,NIFTY SMALLCAP 50
NIFTY SMALLCAP 50,01 Dec 2022,4486.0,4510.9,4478.7,4486.7,NIFTY SMALLCAP 50
NIFTY SMALLCAP 50,30 Nov 2022,4451.15,4466.0,4436.7,4461.35,NIFTY SMALLCAP 50
NIFTY SMALLCAP 50,29 Nov 2022,4454.4,4464.95,4427.8,4436.15,NIFTY SMALLCAP 50
NIFTY SMALLCAP 50,28 Nov 2022,4404.6,4449.65,4401.55,4446.05,NIFTY SMALLCAP 50
NIFTY SMALLCAP 50,25 Nov 2022,4366.05,4408.0,4364.95,4400.65,NIFTY SMALLCAP 50
NIFTY SMALLCAP 50,24 Nov 2022,4326.7,4353.45,4324.9,4350.15,NIFTY SMALLCAP 50
NIFTY SMALLCAP 50,23 Nov 2022,4296.8,4316.3,4293.75,4311.5,NIFTY SMALLCAP 50
NIFTY SMALLCAP 50,22 Nov 2022,4282.6,4286.65,4265.85,4281.6,NIFTY SMALLCAP 50
NIFTY SMALLCAP 50,21 Nov 2022,4283.2,4298.85,4254.45,4275.15,NIFTY SMALLCAP 50
NIFTY SMALLCAP 50,18 Nov 2022,4294.25,4306.45,4253.5,4278.0,NIFTY SMALLCAP 50
NIFTY SMALLCAP 50,17 Nov 2022,4304.6,4313.65,4281.15,4289.0,NIFTY SMALLCAP 50
NIFTY SMALLCAP 50,16 Nov 2022,4342.65,4347.05,4292.35,4306.9,NIFTY SMALLCAP 50
NIFTY SMALLCAP 50,15 Nov 2022,4347.4,4349.5,4328.7,4336.4,NIFTY SMALLCAP 50
NIFTY SMALLCAP 50,14 Nov 2022,4314.5,4344.3,4289.75,4334.2,NIFTY SMALLCAP 50
NIFTY SMALLCAP 50,11 Nov 2022,4327.45,4342.8,4290.95,4301.25,NIFTY SMALLCAP 50
NIFTY SMALLCAP 50,10 Nov 2022,4331.85,4342.8,4265.1,4285.4,NIFTY SMALLCAP 50
NIFTY SMALLCAP 50,09 Nov 2022,4385.6,4387.05,4337.45,4344.25,NIFTY SMALLCAP 50
NIFTY SMALLCAP 50,07 Nov 2022,4363.55,4385.95,4348.35,4378.15,NIFTY SMALLCAP 50
NIFTY SMALLCAP 50,04 Nov 2022,4345.6,4357.35,4334.1,4344.7,NIFTY SMALLCAP 50
NIFTY SMALLCAP 50,03 Nov 2022,4303.7,4345.0,4299.95,4332.5,NIFTY SMALLCAP 50
NIFTY SMALLCAP 50,02 Nov 2022,4335.5,4344.45,4303.95,4319.45,NIFTY SMALLCAP 50
NIFTY SMALLCAP 50,01 Nov 2022,4323.35,4336.9,4311.85,4330.45,NIFTY SMALLCAP 50
NIFTY SMALLCAP 50,31 Oct 2022,4315.95,4321.75,4292.55,4310.4,NIFTY SMALLCAP 50
NIFTY SMALLCAP 50,28 Oct 2022,4353.95,4364.45,4292.9,4296.35,NIFTY SMALLCAP 50
NIFTY SMALLCAP 50,27 Oct 2022,4371.9,4379.05,4327.9,4346.0,NIFTY SMALLCAP 50
NIFTY SMALLCAP 50,25 Oct 2022,4379.05,4379.3,4339.3,4350.3,NIFTY SMALLCAP 50
NIFTY SMALLCAP 50,24 Oct 2022,4383.15,4384.7,4363.8,4369.9,NIFTY SMALLCAP 50
NIFTY SMALLCAP 50,21 Oct 2022,4348.45,4363.15,4312.1,4331.45,NIFTY SMALLCAP 50
NIFTY SMALLCAP 50,20 Oct 2022,4310.75,4341.4,4299.6,4332.5,NIFTY SMALLCAP 50
NIFTY SMALLCAP 50,19 Oct 2022,4349.6,4361.95,4316.9,4324.4,NIFTY SMALLCAP 50
NIFTY SMALLCAP 50,18 Oct 2022,4324.3,4343.85,4319.55,4336.35,NIFTY SMALLCAP 50
NIFTY SMALLCAP 50,17 Oct 2022,4298.3,4322.35,4263.2,4303.15,NIFTY SMALLCAP 50
NIFTY SMALLCAP 50,14 Oct 2022,4373.2,4377.05,4302.25,4309.65,NIFTY SMALLCAP 50
NIFTY SMALLCAP 50,13 Oct 2022,4330.4,4345.65,4282.5,4304.55,NIFTY SMALLCAP 50
NIFTY SMALLCAP 50,12 Oct 2022,4302.95,4338.8,4276.85,4330.3,NIFTY SMALLCAP 50
NIFTY SMALLCAP 50,11 Oct 2022,4378.45,4392.95,4282.85,4292.8,NIFTY SMALLCAP 50
NIFTY SMALLCAP 50,10 Oct 2022,4334.75,4371.65,4314.95,4361.15,NIFTY SMALLCAP 50
NIFTY SMALLCAP 50,07 Oct 2022,4371.85,4391.75,4350.8,4376.8,NIFTY SMALLCAP 50
NIFTY SMALLCAP 50,06 Oct 2022,4348.65,4398.7,4345.7,4377.0,NIFTY SMALLCAP 50
NIFTY SMALLCAP 50,04 Oct 2022,4307.65,4321.45,4285.45,4316.85,NIFTY SMALLCAP 50
NIFTY SMALLCAP 50,03 Oct 2022,4271.55,4291.95,4207.3,4231.9,NIFTY SMALLCAP 50
NIFTY SMALLCAP 50,30 Sep 2022,4203.6,4271.85,4169.65,4265.9,NIFTY SMALLCAP 50
NIFTY SMALLCAP 50,29 Sep 2022,4227.65,4249.35,4172.85,4203.5,NIFTY SMALLCAP 50
NIFTY SMALLCAP 50,28 Sep 2022,4182.65,4223.7,4163.65,4175.3,NIFTY SMALLCAP 50
NIFTY SMALLCAP 50,27 Sep 2022,4235.8,4271.35,4180.75,4203.65,NIFTY SMALLCAP 50
NIFTY SMALLCAP 50,26 Sep 2022,4326.35,4329.85,4170.65,4209.8,NIFTY SMALLCAP 50
NIFTY SMALLCAP 50,23 Sep 2022,4467.6,4480.55,4355.2,4363.3,NIFTY SMALLCAP 50
NIFTY SMALLCAP 50,22 Sep 2022,4417.6,4465.2,4403.0,4457.7,NIFTY SMALLCAP 50
NIFTY SMALLCAP 50,21 Sep 2022,4473.4,4488.4,4404.65,4424.8,NIFTY SMALLCAP 50
NIFTY SMALLCAP 50,20 Sep 2022,4450.4,4478.7,4445.5,4459.65,NIFTY SMALLCAP 50
NIFTY SMALLCAP 50,19 Sep 2022,4455.35,4468.8,4394.9,4413.7,NIFTY SMALLCAP 50
NIFTY SMALLCAP 50,16 Sep 2022,4567.55,4572.85,4418.9,4444.4,NIFTY SMALLCAP 50
NIFTY SMALLCAP 50,15 Sep 2022,4606.2,4629.75,4556.6,4571.65,NIFTY SMALLCAP 50
NIFTY SMALLCAP 50,14 Sep 2022,4523.2,4596.0,4515.3,4580.35,NIFTY SMALLCAP 50
NIFTY SMALLCAP 50,13 Sep 2022,4608.95,4621.15,4585.55,4593.25,NIFTY SMALLCAP 50
NIFTY SMALLCAP 50,12 Sep 2022,4559.35,4591.1,4551.45,4581.7,NIFTY SMALLCAP 50
NIFTY SMALLCAP 50,09 Sep 2022,4549.1,4559.95,4510.85,4528.7,NIFTY SMALLCAP 50
NIFTY SMALLCAP 50,08 Sep 2022,4514.05,4531.85,4503.85,4523.25,NIFTY SMALLCAP 50
NIFTY SMALLCAP 50,07 Sep 2022,4425.15,4479.65,4416.5,4474.0,NIFTY SMALLCAP 50
NIFTY SMALLCAP 50,06 Sep 2022,4458.8,4470.9,4413.75,4436.0,NIFTY SMALLCAP 50
NIFTY SMALLCAP 50,05 Sep 2022,4399.3,4437.8,4396.75,4434.35,NIFTY SMALLCAP 50
NIFTY SMALLCAP 50,02 Sep 2022,4418.9,4428.85,4379.3,4386.45,NIFTY SMALLCAP 50
NIFTY SMALLCAP 50,01 Sep 2022,4378.25,4422.25,4371.5,4393.95,NIFTY SMALLCAP 50
NIFTY SMALLCAP 50,30 Aug 2022,4381.95,4410.15,4381.7,4399.0,NIFTY SMALLCAP 50
NIFTY SMALLCAP 50,29 Aug 2022,4248.9,4358.05,4248.6,4348.55,NIFTY SMALLCAP 50
NIFTY SMALLCAP 50,26 Aug 2022,4388.95,4412.6,4370.6,4387.3,NIFTY SMALLCAP 50
NIFTY SMALLCAP 50,25 Aug 2022,4359.25,4393.55,4352.4,4359.85,NIFTY SMALLCAP 50
NIFTY SMALLCAP 50,24 Aug 2022,4272.35,4336.8,4271.7,4329.5,NIFTY SMALLCAP 50
NIFTY SMALLCAP 50,23 Aug 2022,4198.45,4273.2,4190.5,4263.1,NIFTY SMALLCAP 50
NIFTY SMALLCAP 50,22 Aug 2022,4300.75,4301.55,4224.8,4231.05,NIFTY SMALLCAP 50
NIFTY SMALLCAP 50,19 Aug 2022,4402.15,4410.5,4307.45,4318.45,NIFTY SMALLCAP 50
NIFTY SMALLCAP 50,18 Aug 2022,4390.25,4403.9,4373.3,4393.1,NIFTY SMALLCAP 50
NIFTY SMALLCAP 50,17 Aug 2022,4378.3,4407.1,4370.65,4383.5,NIFTY SMALLCAP 50
NIFTY SMALLCAP 50,16 Aug 2022,4338.7,4369.55,4324.0,4359.55,NIFTY SMALLCAP 50
NIFTY SMALLCAP 50,12 Aug 2022,4295.6,4320.15,4289.3,4310.7,NIFTY SMALLCAP 50
NIFTY SMALLCAP 50,11 Aug 2022,4272.4,4294.7,4263.25,4289.5,NIFTY SMALLCAP 50
NIFTY SMALLCAP 50,10 Aug 2022,4279.45,4284.45,4227.95,4239.4,NIFTY SMALLCAP 50
NIFTY SMALLCAP 50,08 Aug 2022,4247.45,4272.15,4217.7,4266.9,NIFTY SMALLCAP 50
NIFTY SMALLCAP 50,05 Aug 2022,4265.9,4283.25,4234.75,4246.05,NIFTY SMALLCAP 50
NIFTY SMALLCAP 50,04 Aug 2022,4303.5,4313.2,4192.3,4245.95,NIFTY SMALLCAP 50
NIFTY SMALLCAP 50,03 Aug 2022,4296.95,4310.15,4250.4,4278.15,NIFTY SMALLCAP 50
NIFTY SMALLCAP 50,02 Aug 2022,4276.0,4303.1,4247.65,4294.4,NIFTY SMALLCAP 50
NIFTY SMALLCAP 50,01 Aug 2022,4231.5,4286.55,4204.55,4278.35,NIFTY SMALLCAP 50
NIFTY SMALLCAP 50,29 Jul 2022,4172.8,4212.75,4162.0,4205.9,NIFTY SMALLCAP 50
NIFTY SMALLCAP 50,28 Jul 2022,4130.9,4143.2,4111.8,4139.1,NIFTY SMALLCAP 50
NIFTY SMALLCAP 50,27 Jul 2022,4081.1,4108.1,4066.4,4103.5,NIFTY SMALLCAP 50
NIFTY SMALLCAP 50,26 Jul 2022,4139.15,4141.05,4078.65,4083.9,NIFTY SMALLCAP 50
NIFTY SMALLCAP 50,25 Jul 2022,4159.55,4164.45,4115.6,4133.95,NIFTY SMALLCAP 50
NIFTY SMALLCAP 50,22 Jul 2022,4174.05,4192.15,4141.25,4167.2,NIFTY SMALLCAP 50
NIFTY SMALLCAP 50,21 Jul 2022,4131.0,4161.35,4115.4,4154.8,NIFTY SMALLCAP 50
NIFTY SMALLCAP 50,20 Jul 2022,4113.75,4149.5,4109.25,4121.4,NIFTY SMALLCAP 50
NIFTY SMALLCAP 50,19 Jul 2022,4029.35,4078.45,4020.35,4073.0,NIFTY SMALLCAP 50
NIFTY SMALLCAP 50,18 Jul 2022,3990.9,4039.7,3988.9,4034.6,NIFTY SMALLCAP 50
NIFTY SMALLCAP 50,15 Jul 2022,3950.65,3964.45,3925.15,3959.5,NIFTY SMALLCAP 50
NIFTY SMALLCAP 50,14 Jul 2022,3993.2,4000.55,3922.9,3942.05,NIFTY SMALLCAP 50
NIFTY SMALLCAP 50,13 Jul 2022,4002.8,4016.3,3978.7,3985.2,NIFTY SMALLCAP 50
NIFTY SMALLCAP 50,12 Jul 2022,3992.7,4014.4,3971.3,3980.15,NIFTY SMALLCAP 50
NIFTY SMALLCAP 50,11 Jul 2022,3947.75,4006.9,3936.4,4002.4,NIFTY SMALLCAP 50
NIFTY SMALLCAP 50,08 Jul 2022,3990.85,3996.8,3953.25,3961.15,NIFTY SMALLCAP 50
NIFTY SMALLCAP 50,07 Jul 2022,3928.15,3968.7,3923.25,3964.35,NIFTY SMALLCAP 50
NIFTY SMALLCAP 50,06 Jul 2022,3888.0,3898.1,3837.95,3893.7,NIFTY SMALLCAP 50
NIFTY SMALLCAP 50,05 Jul 2022,3915.05,3938.15,3877.35,3882.55,NIFTY SMALLCAP 50
NIFTY SMALLCAP 50,04 Jul 2022,3870.05,3903.8,3866.55,3898.9,NIFTY SMALLCAP 50
NIFTY SMALLCAP 50,01 Jul 2022,3846.95,3868.35,3802.9,3863.45,NIFTY SMALLCAP 50
NIFTY SMALLCAP 50,30 Jun 2022,3868.3,3893.05,3833.05,3848.55,NIFTY SMALLCAP 50
NIFTY SMALLCAP 50,29 Jun 2022,3839.5,3881.5,3830.3,3858.15,NIFTY SMALLCAP 50
NIFTY SMALLCAP 50,28 Jun 2022,3888.9,3889.45,3850.1,3884.35,NIFTY SMALLCAP 50
NIFTY SMALLCAP 50,27 Jun 2022,3893.6,3915.6,3886.4,3900.25,NIFTY SMALLCAP 50
NIFTY SMALLCAP 50,24 Jun 2022,3799.15,3842.7,3797.3,3838.6,NIFTY SMALLCAP 50
NIFTY SMALLCAP 50,23 Jun 2022,3716.85,3772.2,3707.5,3765.25,NIFTY SMALLCAP 50
NIFTY SMALLCAP 50,22 Jun 2022,3734.15,3738.35,3695.65,3704.75,NIFTY SMALLCAP 50
NIFTY SMALLCAP 50,21 Jun 2022,3661.85,3754.35,3651.6,3745.1,NIFTY SMALLCAP 50
NIFTY SMALLCAP 50,20 Jun 2022,3735.85,3748.65,3588.3,3622.25,NIFTY SMALLCAP 50
NIFTY SMALLCAP 50,17 Jun 2022,3734.8,3767.7,3676.5,3727.6,NIFTY SMALLCAP 50
NIFTY SMALLCAP 50,16 Jun 2022,3938.8,3950.6,3739.8,3752.55,NIFTY SMALLCAP 50
NIFTY SMALLCAP 50,15 Jun 2022,3887.05,3903.3,3869.2,3888.25,NIFTY SMALLCAP 50
NIFTY SMALLCAP 50,14 Jun 2022,3859.6,3927.95,3842.0,3860.25,NIFTY SMALLCAP 50
NIFTY SMALLCAP 50,13 Jun 2022,3973.95,3975.7,3880.15,3888.0,NIFTY SMALLCAP 50
NIFTY SMALLCAP 50,10 Jun 2022,4079.85,4092.85,4054.4,4063.15,NIFTY SMALLCAP 50
NIFTY SMALLCAP 50,09 Jun 2022,4102.15,4125.0,4084.9,4118.45,NIFTY SMALLCAP 50
NIFTY SMALLCAP 50,08 Jun 2022,4133.9,4161.6,4090.4,4111.35,NIFTY SMALLCAP 50
NIFTY SMALLCAP 50,07 Jun 2022,4109.65,4126.45,4087.4,4111.8,NIFTY SMALLCAP 50
NIFTY SMALLCAP 50,06 Jun 2022,4173.95,4178.95,4090.3,4133.15,NIFTY SMALLCAP 50
NIFTY SMALLCAP 50,03 Jun 2022,4254.05,4274.85,4171.65,4180.55,NIFTY SMALLCAP 50
NIFTY SMALLCAP 50,02 Jun 2022,4183.2,4215.75,4172.05,4210.8,NIFTY SMALLCAP 50
NIFTY SMALLCAP 50,01 Jun 2022,4215.2,4246.85,4159.3,4184.45,NIFTY SMALLCAP 50
NIFTY SMALLCAP 50,31 May 2022,4130.45,4213.8,4115.4,4194.15,NIFTY SMALLCAP 50
NIFTY SMALLCAP 50,30 May 2022,4069.8,4143.55,4066.8,4138.4,NIFTY SMALLCAP 50
NIFTY SMALLCAP 50,27 May 2022,3987.1,4031.25,3976.75,4018.3,NIFTY SMALLCAP 50
NIFTY SMALLCAP 50,26 May 2022,3918.4,3951.05,3802.0,3940.15,NIFTY SMALLCAP 50
NIFTY SMALLCAP 50,25 May 2022,4067.65,4079.2,3882.95,3890.15,NIFTY SMALLCAP 50
NIFTY SMALLCAP 50,24 May 2022,4126.7,4134.5,4040.35,4051.65,NIFTY SMALLCAP 50
NIFTY SMALLCAP 50,23 May 2022,4168.75,4182.2,4107.35,4113.65,NIFTY SMALLCAP 50
NIFTY SMALLCAP 50,20 May 2022,4133.5,4165.55,4111.7,4157.6,NIFTY SMALLCAP 50
NIFTY SMALLCAP 50,19 May 2022,4073.95,4107.5,4047.4,4065.15,NIFTY SMALLCAP 50
NIFTY SMALLCAP 50,18 May 2022,4229.75,4269.45,4181.5,4192.65,NIFTY SMALLCAP 50
NIFTY SMALLCAP 50,17 May 2022,4106.55,4213.55,4083.7,4203.85,NIFTY SMALLCAP 50
NIFTY SMALLCAP 50,16 May 2022,4060.25,4076.6,3997.9,4065.6,NIFTY SMALLCAP 50
NIFTY SMALLCAP 50,13 May 2022,4055.2,4119.05,4018.65,4030.35,NIFTY SMALLCAP 50
NIFTY SMALLCAP 50,12 May 2022,4017.4,4031.65,3945.85,3981.5,NIFTY SMALLCAP 50
NIFTY SMALLCAP 50,11 May 2022,4208.3,4229.15,3965.25,4061.7,NIFTY SMALLCAP 50
NIFTY SMALLCAP 50,10 May 2022,4279.45,4342.05,4175.55,4185.4,NIFTY SMALLCAP 50
NIFTY SMALLCAP 50,09 May 2022,4360.15,4364.85,4273.8,4289.95,NIFTY SMALLCAP 50
NIFTY SMALLCAP 50,06 May 2022,4409.15,4416.15,4349.3,4390.9,NIFTY SMALLCAP 50
NIFTY SMALLCAP 50,05 May 2022,4581.15,4587.85,4489.3,4498.75,NIFTY SMALLCAP 50
NIFTY SMALLCAP 50,04 May 2022,4656.9,4675.4,4505.25,4521.3,NIFTY SMALLCAP 50
NIFTY SMALLCAP 50,02 May 2022,4676.7,4691.2,4629.6,4636.55,NIFTY SMALLCAP 50
NIFTY SMALLCAP 50,29 Apr 2022,4803.9,4809.25,4706.05,4719.2,NIFTY SMALLCAP 50
NIFTY SMALLCAP 50,28 Apr 2022,4806.85,4811.65,4726.8,4776.9,NIFTY SMALLCAP 50
NIFTY SMALLCAP 50,27 Apr 2022,4735.3,4773.35,4695.55,4768.6,NIFTY SMALLCAP 50
NIFTY SMALLCAP 50,26 Apr 2022,4800.85,4810.4,4760.3,4781.7,NIFTY SMALLCAP 50
NIFTY SMALLCAP 50,25 Apr 2022,4805.1,4805.1,4728.7,4741.85,NIFTY SMALLCAP 50
NIFTY SMALLCAP 50,22 Apr 2022,4837.6,4886.1,4830.1,4847.3,NIFTY SMALLCAP 50
NIFTY SMALLCAP 50,21 Apr 2022,4811.7,4866.2,4811.2,4852.9,NIFTY SMALLCAP 50
NIFTY SMALLCAP 50,20 Apr 2022,4799.7,4831.55,4747.15,4763.35,NIFTY SMALLCAP 50
NIFTY SMALLCAP 50,19 Apr 2022,4886.95,4909.6,4723.0,4769.6,NIFTY SMALLCAP 50
NIFTY SMALLCAP 50,18 Apr 2022,4900.5,4900.5,4816.15,4849.95,NIFTY SMALLCAP 50
NIFTY SMALLCAP 50,13 Apr 2022,4949.0,4973.7,4924.75,4929.25,NIFTY SMALLCAP 50
NIFTY SMALLCAP 50,12 Apr 2022,5004.2,5004.3,4867.3,4908.1,NIFTY SMALLCAP 50
NIFTY SMALLCAP 50,11 Apr 2022,5019.65,5050.05,4996.9,5003.95,NIFTY SMALLCAP 50
NIFTY SMALLCAP 50,08 Apr 2022,5031.0,5051.35,5000.9,5006.4,NIFTY SMALLCAP 50
NIFTY SMALLCAP 50,07 Apr 2022,5059.2,5076.3,4986.55,5003.2,NIFTY SMALLCAP 50
NIFTY SMALLCAP 50,06 Apr 2022,5036.4,5076.35,5015.75,5052.6,NIFTY SMALLCAP 50
NIFTY SMALLCAP 50,05 Apr 2022,5020.15,5060.05,5004.25,5041.55,NIFTY SMALLCAP 50
NIFTY SMALLCAP 50,04 Apr 2022,4931.15,4986.25,4925.5,4982.1,NIFTY SMALLCAP 50
NIFTY SMALLCAP 50,01 Apr 2022,4807.25,4898.25,4806.65,4894.1,NIFTY SMALLCAP 50
NIFTY SMALLCAP 50,31 Mar 2022,4799.85,4829.55,4791.9,4801.45,NIFTY SMALLCAP 50
NIFTY SMALLCAP 50,30 Mar 2022,4798.55,4816.55,4772.65,4782.35,NIFTY SMALLCAP 50
NIFTY SMALLCAP 50,29 Mar 2022,4792.25,4808.55,4741.6,4753.2,NIFTY SMALLCAP 50
NIFTY SMALLCAP 50,28 Mar 2022,4837.9,4844.1,4743.65,4766.65,NIFTY SMALLCAP 50
NIFTY SMALLCAP 50,25 Mar 2022,4862.35,4871.3,4799.1,4804.5,NIFTY SMALLCAP 50
NIFTY SMALLCAP 50,24 Mar 2022,4797.6,4842.1,4790.05,4832.6,NIFTY SMALLCAP 50
NIFTY SMALLCAP 50,23 Mar 2022,4844.75,4862.95,4799.35,4807.75,NIFTY SMALLCAP 50
NIFTY SMALLCAP 50,22 Mar 2022,4795.3,4814.75,4750.95,4809.45,NIFTY SMALLCAP 50
NIFTY SMALLCAP 50,21 Mar 2022,4802.7,4813.75,4758.25,4783.15,NIFTY SMALLCAP 50
NIFTY SMALLCAP 50,17 Mar 2022,4775.55,4790.85,4754.5,4768.75,NIFTY SMALLCAP 50
NIFTY SMALLCAP 50,16 Mar 2022,4712.75,4729.85,4692.35,4715.55,NIFTY SMALLCAP 50
NIFTY SMALLCAP 50,15 Mar 2022,4741.8,4760.75,4631.3,4650.8,NIFTY SMALLCAP 50
NIFTY SMALLCAP 50,14 Mar 2022,4726.25,4742.8,4679.15,4711.75,NIFTY SMALLCAP 50
NIFTY SMALLCAP 50,11 Mar 2022,4664.25,4743.75,4649.95,4707.75,NIFTY SMALLCAP 50
NIFTY SMALLCAP 50,10 Mar 2022,4719.0,4719.4,4648.15,4673.6,NIFTY SMALLCAP 50
NIFTY SMALLCAP 50,09 Mar 2022,4546.15,4611.1,4527.45,4600.55,NIFTY SMALLCAP 50
NIFTY SMALLCAP 50,08 Mar 2022,4438.25,4504.85,4419.75,4493.85,NIFTY SMALLCAP 50
NIFTY SMALLCAP 50,07 Mar 2022,4407.1,4439.9,4356.25,4427.4,NIFTY SMALLCAP 50
NIFTY SMALLCAP 50,04 Mar 2022,4546.9,4562.25,4480.05,4497.2,NIFTY SMALLCAP 50
NIFTY SMALLCAP 50,03 Mar 2022,4620.25,4643.4,4556.7,4570.8,NIFTY SMALLCAP 50
NIFTY SMALLCAP 50,02 Mar 2022,4477.9,4578.1,4467.25,4553.45,NIFTY SMALLCAP 50
NIFTY SMALLCAP 50,28 Feb 2022,4420.75,4518.95,4368.45,4514.6,NIFTY SMALLCAP 50
NIFTY SMALLCAP 50,25 Feb 2022,4370.95,4484.3,4367.75,4463.5,NIFTY SMALLCAP 50
NIFTY SMALLCAP 50,24 Feb 2022,4383.05,4423.2,4230.15,4254.0,NIFTY SMALLCAP 50
NIFTY SMALLCAP 50,23 Feb 2022,4571.85,4612.4,4543.8,4552.05,NIFTY SMALLCAP 50
NIFTY SMALLCAP 50,22 Feb 2022,4475.15,4541.4,4466.35,4519.45,NIFTY SMALLCAP 50
NIFTY SMALLCAP 50,21 Feb 2022,4730.3,4736.25,4608.45,4620.2,NIFTY SMALLCAP 50
NIFTY SMALLCAP 50,18 Feb 2022,4784.65,4814.95,4748.95,4755.6,NIFTY SMALLCAP 50
NIFTY SMALLCAP 50,17 Feb 2022,4891.3,4903.7,4803.25,4811.15,NIFTY SMALLCAP 50
NIFTY SMALLCAP 50,16 Feb 2022,4900.3,4914.75,4851.2,4863.65,NIFTY SMALLCAP 50
NIFTY SMALLCAP 50,15 Feb 2022,4767.0,4850.8,4681.75,4843.75,NIFTY SMALLCAP 50
NIFTY SMALLCAP 50,14 Feb 2022,4811.65,4862.65,4719.45,4733.3,NIFTY SMALLCAP 50
NIFTY SMALLCAP 50,11 Feb 2022,5023.6,5039.65,4938.3,4946.45,NIFTY SMALLCAP 50
NIFTY SMALLCAP 50,10 Feb 2022,5038.45,5077.15,5004.75,5064.9,NIFTY SMALLCAP 50
NIFTY SMALLCAP 50,09 Feb 2022,5011.65,5035.3,4984.5,5013.65,NIFTY SMALLCAP 50
NIFTY SMALLCAP 50,08 Feb 2022,5077.25,5103.15,4937.55,4979.4,NIFTY SMALLCAP 50
NIFTY SMALLCAP 50,07 Feb 2022,5156.95,5160.15,5045.8,5059.3,NIFTY SMALLCAP 50
NIFTY SMALLCAP 50,04 Feb 2022,5246.3,5258.2,5147.8,5159.0,NIFTY SMALLCAP 50
NIFTY SMALLCAP 50,03 Feb 2022,5295.9,5300.0,5245.05,5252.15,NIFTY SMALLCAP 50
NIFTY SMALLCAP 50,02 Feb 2022,5231.1,5292.1,5230.1,5276.85,NIFTY SMALLCAP 50
NIFTY SMALLCAP 50,01 Feb 2022,5210.1,5222.95,5117.55,5193.2,NIFTY SMALLCAP 50
NIFTY SMALLCAP 50,31 Jan 2022,5157.2,5175.6,5104.8,5161.8,NIFTY SMALLCAP 50
NIFTY SMALLCAP 50,28 Jan 2022,5082.4,5188.95,5081.05,5089.05,NIFTY SMALLCAP 50
NIFTY SMALLCAP 50,27 Jan 2022,5053.65,5086.85,4986.75,5036.8,NIFTY SMALLCAP 50
NIFTY SMALLCAP 50,25 Jan 2022,4976.1,5121.75,4883.6,5087.2,NIFTY SMALLCAP 50
NIFTY SMALLCAP 50,24 Jan 2022,5265.85,5272.65,4986.35,5028.15,NIFTY SMALLCAP 50
NIFTY SMALLCAP 50,21 Jan 2022,5386.0,5402.8,5251.2,5282.05,NIFTY SMALLCAP 50
NIFTY SMALLCAP 50,20 Jan 2022,5456.15,5473.0,5400.15,5415.85,NIFTY SMALLCAP 50
NIFTY SMALLCAP 50,19 Jan 2022,5430.6,5457.75,5363.05,5452.8,NIFTY SMALLCAP 50
NIFTY SMALLCAP 50,18 Jan 2022,5598.15,5607.6,5424.15,5438.9,NIFTY SMALLCAP 50
NIFTY SMALLCAP 50,17 Jan 2022,5571.5,5592.4,5543.05,5572.7,NIFTY SMALLCAP 50
NIFTY SMALLCAP 50,14 Jan 2022,5523.9,5562.3,5499.0,5553.65,NIFTY SMALLCAP 50
NIFTY SMALLCAP 50,13 Jan 2022,5518.6,5548.95,5502.95,5534.5,NIFTY SMALLCAP 50
NIFTY SMALLCAP 50,12 Jan 2022,5500.1,5517.85,5476.15,5500.1,NIFTY SMALLCAP 50
NIFTY SMALLCAP 50,11 Jan 2022,5483.25,5505.05,5450.0,5464.35,NIFTY SMALLCAP 50
NIFTY SMALLCAP 50,10 Jan 2022,5434.75,5490.45,5425.2,5478.15,NIFTY SMALLCAP 50
NIFTY SMALLCAP 50,07 Jan 2022,5437.7,5457.1,5380.4,5404.1,NIFTY SMALLCAP 50
NIFTY SMALLCAP 50,06 Jan 2022,5372.55,5419.8,5352.9,5412.25,NIFTY SMALLCAP 50
NIFTY SMALLCAP 50,05 Jan 2022,5423.4,5434.4,5377.4,5420.1,NIFTY SMALLCAP 50
NIFTY SMALLCAP 50,04 Jan 2022,5438.75,5452.5,5387.8,5426.25,NIFTY SMALLCAP 50
NIFTY SMALLCAP 50,03 Jan 2022,5342.9,5420.35,5342.05,5414.7,NIFTY SMALLCAP 50
NIFTY SMALLCAP 100,30 Dec 2022,9720.4,9792.8,9710.4,9731.3,NIFTY SMALLCAP 100
NIFTY SMALLCAP 100,29 Dec 2022,9599.95,9670.0,9561.55,9658.95,NIFTY SMALLCAP 100
NIFTY SMALLCAP 100,28 Dec 2022,9642.95,9665.8,9567.1,9639.1,NIFTY SMALLCAP 100
NIFTY SMALLCAP 100,27 Dec 2022,9610.2,9695.25,9542.6,9645.8,NIFTY SMALLCAP 100
NIFTY SMALLCAP 100,26 Dec 2022,9176.2,9547.8,9103.0,9532.6,NIFTY SMALLCAP 100
NIFTY SMALLCAP 100,23 Dec 2022,9537.75,9565.0,9159.15,9182.55,NIFTY SMALLCAP 100
NIFTY SMALLCAP 100,22 Dec 2022,9837.35,9881.9,9545.4,9637.5,NIFTY SMALLCAP 100
NIFTY SMALLCAP 100,21 Dec 2022,10054.1,10087.85,9767.3,9795.3,NIFTY SMALLCAP 100
NIFTY SMALLCAP 100,20 Dec 2022,10064.35,10095.25,9943.9,10020.2,NIFTY SMALLCAP 100
NIFTY SMALLCAP 100,19 Dec 2022,10067.1,10097.1,10009.75,10064.0,NIFTY SMALLCAP 100
NIFTY SMALLCAP 100,16 Dec 2022,10054.5,10146.5,9976.5,10017.45,NIFTY SMALLCAP 100
NIFTY SMALLCAP 100,15 Dec 2022,10147.7,10178.85,10061.85,10080.95,NIFTY SMALLCAP 100
NIFTY SMALLCAP 100,14 Dec 2022,10109.1,10165.85,10081.8,10138.85,NIFTY SMALLCAP 100
NIFTY SMALLCAP 100,13 Dec 2022,10071.15,10091.55,10039.3,10067.45,NIFTY SMALLCAP 100
NIFTY SMALLCAP 100,12 Dec 2022,9975.9,10032.4,9895.75,10024.5,NIFTY SMALLCAP 100
NIFTY SMALLCAP 100,09 Dec 2022,10118.4,10134.4,9900.55,9969.6,NIFTY SMALLCAP 100
NIFTY SMALLCAP 100,08 Dec 2022,10066.7,10104.35,10053.15,10080.7,NIFTY SMALLCAP 100
NIFTY SMALLCAP 100,07 Dec 2022,10130.55,10149.0,10024.2,10047.4,NIFTY SMALLCAP 100
NIFTY SMALLCAP 100,06 Dec 2022,10117.25,10146.15,10078.5,10106.9,NIFTY SMALLCAP 100
NIFTY SMALLCAP 100,05 Dec 2022,10119.7,10153.7,10083.85,10123.3,NIFTY SMALLCAP 100
NIFTY SMALLCAP 100,02 Dec 2022,10029.95,10089.05,10018.8,10079.95,NIFTY SMALLCAP 100
NIFTY SMALLCAP 100,01 Dec 2022,10040.4,10073.2,10000.75,10019.4,NIFTY SMALLCAP 100
NIFTY SMALLCAP 100,30 Nov 2022,9947.5,9992.95,9926.05,9976.05,NIFTY SMALLCAP 100
NIFTY SMALLCAP 100,29 Nov 2022,9992.9,10020.1,9896.25,9916.05,NIFTY SMALLCAP 100
NIFTY SMALLCAP 100,28 Nov 2022,9853.5,9977.05,9847.4,9971.2,NIFTY SMALLCAP 100
NIFTY SMALLCAP 100,25 Nov 2022,9769.75,9864.3,9768.35,9849.7,NIFTY SMALLCAP 100
NIFTY SMALLCAP 100,24 Nov 2022,9724.55,9755.1,9711.15,9740.65,NIFTY SMALLCAP 100
NIFTY SMALLCAP 100,23 Nov 2022,9675.3,9707.15,9662.7,9691.3,NIFTY SMALLCAP 100
NIFTY SMALLCAP 100,22 Nov 2022,9658.05,9669.8,9619.1,9639.7,NIFTY SMALLCAP 100
NIFTY SMALLCAP 100,21 Nov 2022,9628.4,9667.5,9591.05,9636.9,NIFTY SMALLCAP 100
NIFTY SMALLCAP 100,18 Nov 2022,9680.75,9702.6,9570.7,9613.6,NIFTY SMALLCAP 100
NIFTY SMALLCAP 100,17 Nov 2022,9690.7,9705.55,9649.25,9663.5,NIFTY SMALLCAP 100
NIFTY SMALLCAP 100,16 Nov 2022,9786.6,9796.75,9666.75,9696.55,NIFTY SMALLCAP 100
NIFTY SMALLCAP 100,15 Nov 2022,9785.8,9786.95,9735.65,9777.3,NIFTY SMALLCAP 100
NIFTY SMALLCAP 100,14 Nov 2022,9732.75,9769.85,9669.9,9752.25,NIFTY SMALLCAP 100
NIFTY SMALLCAP 100,11 Nov 2022,9775.0,9809.75,9691.45,9705.35,NIFTY SMALLCAP 100
NIFTY SMALLCAP 100,10 Nov 2022,9757.7,9798.45,9617.85,9668.6,NIFTY SMALLCAP 100
NIFTY SMALLCAP 100,09 Nov 2022,9864.55,9865.8,9762.25,9781.5,NIFTY SMALLCAP 100
NIFTY SMALLCAP 100,07 Nov 2022,9807.55,9846.3,9773.7,9836.3,NIFTY SMALLCAP 100
NIFTY SMALLCAP 100,04 Nov 2022,9753.25,9778.3,9726.9,9755.7,NIFTY SMALLCAP 100
NIFTY SMALLCAP 100,03 Nov 2022,9667.25,9751.15,9656.2,9719.65,NIFTY SMALLCAP 100
NIFTY SMALLCAP 100,02 Nov 2022,9723.25,9751.95,9679.05,9696.15,NIFTY SMALLCAP 100
NIFTY SMALLCAP 100,01 Nov 2022,9714.55,9745.85,9674.15,9707.85,NIFTY SMALLCAP 100
NIFTY SMALLCAP 100,31 Oct 2022,9710.0,9723.45,9656.8,9686.1,NIFTY SMALLCAP 100
NIFTY SMALLCAP 100,28 Oct 2022,9789.0,9801.75,9662.6,9673.05,NIFTY SMALLCAP 100
NIFTY SMALLCAP 100,27 Oct 2022,9787.6,9797.2,9726.75,9770.65,NIFTY SMALLCAP 100
NIFTY SMALLCAP 100,25 Oct 2022,9762.1,9775.5,9679.8,9730.3,NIFTY SMALLCAP 100
NIFTY SMALLCAP 100,24 Oct 2022,9770.6,9787.3,9726.8,9743.05,NIFTY SMALLCAP 100
NIFTY SMALLCAP 100,21 Oct 2022,9698.0,9731.65,9612.85,9653.5,NIFTY SMALLCAP 100
NIFTY SMALLCAP 100,20 Oct 2022,9618.4,9679.55,9578.75,9667.05,NIFTY SMALLCAP 100
NIFTY SMALLCAP 100,19 Oct 2022,9667.25,9687.45,9626.25,9656.05,NIFTY SMALLCAP 100
NIFTY SMALLCAP 100,18 Oct 2022,9614.35,9646.6,9595.2,9633.5,NIFTY SMALLCAP 100
NIFTY SMALLCAP 100,17 Oct 2022,9499.35,9587.8,9428.1,9561.15,NIFTY SMALLCAP 100
NIFTY SMALLCAP 100,14 Oct 2022,9654.45,9670.7,9503.5,9518.45,NIFTY SMALLCAP 100
NIFTY SMALLCAP 100,13 Oct 2022,9555.15,9581.05,9463.85,9506.35,NIFTY SMALLCAP 100
NIFTY SMALLCAP 100,12 Oct 2022,9508.3,9563.15,9425.6,9553.8,NIFTY SMALLCAP 100
NIFTY SMALLCAP 100,11 Oct 2022,9672.35,9702.3,9453.75,9477.85,NIFTY SMALLCAP 100
NIFTY SMALLCAP 100,10 Oct 2022,9596.65,9663.45,9557.65,9641.6,NIFTY SMALLCAP 100
NIFTY SMALLCAP 100,07 Oct 2022,9655.85,9693.8,9610.05,9686.1,NIFTY SMALLCAP 100
NIFTY SMALLCAP 100,06 Oct 2022,9614.5,9702.3,9612.25,9663.25,NIFTY SMALLCAP 100
NIFTY SMALLCAP 100,04 Oct 2022,9542.75,9559.4,9486.05,9544.45,NIFTY SMALLCAP 100
NIFTY SMALLCAP 100,03 Oct 2022,9438.8,9489.95,9318.4,9379.15,NIFTY SMALLCAP 100
NIFTY SMALLCAP 100,30 Sep 2022,9296.5,9455.8,9222.45,9441.8,NIFTY SMALLCAP 100
NIFTY SMALLCAP 100,29 Sep 2022,9345.1,9395.05,9229.4,9293.9,NIFTY SMALLCAP 100
NIFTY SMALLCAP 100,28 Sep 2022,9232.65,9324.7,9191.9,9235.55,NIFTY SMALLCAP 100
NIFTY SMALLCAP 100,27 Sep 2022,9320.55,9401.2,9222.45,9285.95,NIFTY SMALLCAP 100
NIFTY SMALLCAP 100,26 Sep 2022,9506.25,9508.15,9171.65,9262.55,NIFTY SMALLCAP 100
NIFTY SMALLCAP 100,23 Sep 2022,9815.7,9841.25,9577.6,9589.45,NIFTY SMALLCAP 100
NIFTY SMALLCAP 100,22 Sep 2022,9709.05,9814.8,9684.3,9789.5,NIFTY SMALLCAP 100
NIFTY SMALLCAP 100,21 Sep 2022,9850.5,9890.65,9698.75,9731.25,NIFTY SMALLCAP 100
NIFTY SMALLCAP 100,20 Sep 2022,9801.15,9880.9,9800.7,9832.25,NIFTY SMALLCAP 100
NIFTY SMALLCAP 100,19 Sep 2022,9834.8,9872.2,9692.05,9724.4,NIFTY SMALLCAP 100
NIFTY SMALLCAP 100,16 Sep 2022,10068.6,10084.1,9746.6,9817.0,NIFTY SMALLCAP 100
NIFTY SMALLCAP 100,15 Sep 2022,10133.8,10180.55,10043.65,10074.95,NIFTY SMALLCAP 100
NIFTY SMALLCAP 100,14 Sep 2022,9933.1,10104.35,9919.45,10076.7,NIFTY SMALLCAP 100
NIFTY SMALLCAP 100,13 Sep 2022,10124.55,10144.75,10068.75,10084.0,NIFTY SMALLCAP 100
NIFTY SMALLCAP 100,12 Sep 2022,10012.15,10080.05,9999.95,10068.35,NIFTY SMALLCAP 100
NIFTY SMALLCAP 100,09 Sep 2022,9995.15,10011.95,9894.75,9936.35,NIFTY SMALLCAP 100
NIFTY SMALLCAP 100,08 Sep 2022,9934.85,9959.75,9885.45,9930.3,NIFTY SMALLCAP 100
NIFTY SMALLCAP 100,07 Sep 2022,9723.55,9849.9,9707.75,9836.2,NIFTY SMALLCAP 100
NIFTY SMALLCAP 100,06 Sep 2022,9795.15,9824.75,9694.1,9759.85,NIFTY SMALLCAP 100
NIFTY SMALLCAP 100,05 Sep 2022,9659.55,9739.9,9646.3,9731.4,NIFTY SMALLCAP 100
NIFTY SMALLCAP 100,02 Sep 2022,9691.45,9711.1,9604.65,9617.05,NIFTY SMALLCAP 100
NIFTY SMALLCAP 100,01 Sep 2022,9581.7,9669.05,9572.0,9633.75,NIFTY SMALLCAP 100
NIFTY SMALLCAP 100,30 Aug 2022,9572.55,9632.55,9572.1,9621.95,NIFTY SMALLCAP 100
NIFTY SMALLCAP 100,29 Aug 2022,9303.75,9519.0,9303.4,9502.2,NIFTY SMALLCAP 100
NIFTY SMALLCAP 100,26 Aug 2022,9581.7,9625.2,9565.1,9596.7,NIFTY SMALLCAP 100
NIFTY SMALLCAP 100,25 Aug 2022,9541.35,9597.8,9514.95,9529.55,NIFTY SMALLCAP 100
NIFTY SMALLCAP 100,24 Aug 2022,9425.9,9498.7,9424.9,9487.15,NIFTY SMALLCAP 100
NIFTY SMALLCAP 100,23 Aug 2022,9245.75,9433.35,9231.75,9410.1,NIFTY SMALLCAP 100
NIFTY SMALLCAP 100,22 Aug 2022,9433.6,9433.65,9292.6,9303.95,NIFTY SMALLCAP 100
NIFTY SMALLCAP 100,19 Aug 2022,9597.6,9630.75,9437.3,9457.8,NIFTY SMALLCAP 100
NIFTY SMALLCAP 100,18 Aug 2022,9576.4,9605.25,9550.35,9573.8,NIFTY SMALLCAP 100
NIFTY SMALLCAP 100,17 Aug 2022,9550.5,9597.45,9544.25,9558.3,NIFTY SMALLCAP 100
NIFTY SMALLCAP 100,16 Aug 2022,9478.9,9526.4,9459.5,9511.55,NIFTY SMALLCAP 100
NIFTY SMALLCAP 100,12 Aug 2022,9417.6,9458.1,9404.5,9421.6,NIFTY SMALLCAP 100
NIFTY SMALLCAP 100,11 Aug 2022,9398.15,9410.7,9366.2,9397.95,NIFTY SMALLCAP 100
NIFTY SMALLCAP 100,10 Aug 2022,9386.55,9393.75,9294.6,9316.7,NIFTY SMALLCAP 100
NIFTY SMALLCAP 100,08 Aug 2022,9329.85,9358.7,9276.5,9349.65,NIFTY SMALLCAP 100
NIFTY SMALLCAP 100,05 Aug 2022,9358.7,9395.15,9304.0,9318.0,NIFTY SMALLCAP 100
NIFTY SMALLCAP 100,04 Aug 2022,9410.25,9452.2,9193.55,9323.4,NIFTY SMALLCAP 100
NIFTY SMALLCAP 100,03 Aug 2022,9424.55,9453.9,9302.8,9357.45,NIFTY SMALLCAP 100
NIFTY SMALLCAP 100,02 Aug 2022,9328.8,9422.55,9295.65,9402.8,NIFTY SMALLCAP 100
NIFTY SMALLCAP 100,01 Aug 2022,9230.5,9350.3,9173.15,9336.65,NIFTY SMALLCAP 100
NIFTY SMALLCAP 100,29 Jul 2022,9084.15,9184.35,9076.4,9171.2,NIFTY SMALLCAP 100
NIFTY SMALLCAP 100,28 Jul 2022,8999.6,9024.4,8964.6,9017.95,NIFTY SMALLCAP 100
NIFTY SMALLCAP 100,27 Jul 2022,8925.2,8949.35,8889.85,8941.55,NIFTY SMALLCAP 100
NIFTY SMALLCAP 100,26 Jul 2022,9074.3,9078.55,8929.55,8941.15,NIFTY SMALLCAP 100
NIFTY SMALLCAP 100,25 Jul 2022,9125.5,9142.25,9035.25,9075.9,NIFTY SMALLCAP 100
NIFTY SMALLCAP 100,22 Jul 2022,9136.15,9153.2,9082.95,9128.75,NIFTY SMALLCAP 100
NIFTY SMALLCAP 100,21 Jul 2022,9055.2,9104.15,9016.55,9094.9,NIFTY SMALLCAP 100
NIFTY SMALLCAP 100,20 Jul 2022,9047.25,9093.1,9006.1,9025.4,NIFTY SMALLCAP 100
NIFTY SMALLCAP 100,19 Jul 2022,8856.4,8963.95,8838.6,8953.25,NIFTY SMALLCAP 100
NIFTY SMALLCAP 100,18 Jul 2022,8788.1,8875.25,8787.0,8863.2,NIFTY SMALLCAP 100
NIFTY SMALLCAP 100,15 Jul 2022,8710.7,8732.85,8646.5,8724.35,NIFTY SMALLCAP 100
NIFTY SMALLCAP 100,14 Jul 2022,8808.4,8825.65,8652.65,8694.7,NIFTY SMALLCAP 100
NIFTY SMALLCAP 100,13 Jul 2022,8833.8,8855.75,8774.85,8795.15,NIFTY SMALLCAP 100
NIFTY SMALLCAP 100,12 Jul 2022,8800.2,8842.8,8761.45,8775.8,NIFTY SMALLCAP 100
NIFTY SMALLCAP 100,11 Jul 2022,8713.05,8817.3,8697.5,8812.65,NIFTY SMALLCAP 100
NIFTY SMALLCAP 100,08 Jul 2022,8767.35,8782.5,8710.05,8730.1,NIFTY SMALLCAP 100
NIFTY SMALLCAP 100,07 Jul 2022,8644.9,8713.65,8623.95,8703.55,NIFTY SMALLCAP 100
NIFTY SMALLCAP 100,06 Jul 2022,8546.05,8577.2,8451.25,8568.65,NIFTY SMALLCAP 100
NIFTY SMALLCAP 100,05 Jul 2022,8573.15,8639.0,8515.55,8526.5,NIFTY SMALLCAP 100
NIFTY SMALLCAP 100,04 Jul 2022,8495.35,8545.05,8490.0,8532.15,NIFTY SMALLCAP 100
NIFTY SMALLCAP 100,01 Jul 2022,8435.9,8490.95,8348.3,8477.55,NIFTY SMALLCAP 100
NIFTY SMALLCAP 100,30 Jun 2022,8504.3,8565.4,8419.2,8445.25,NIFTY SMALLCAP 100
NIFTY SMALLCAP 100,29 Jun 2022,8434.7,8522.0,8417.4,8484.3,NIFTY SMALLCAP 100
NIFTY SMALLCAP 100,28 Jun 2022,8535.55,8540.9,8457.25,8532.5,NIFTY SMALLCAP 100
NIFTY SMALLCAP 100,27 Jun 2022,8509.6,8584.45,8486.65,8561.7,NIFTY SMALLCAP 100
NIFTY SMALLCAP 100,24 Jun 2022,8319.6,8400.85,8312.95,8390.65,NIFTY SMALLCAP 100
NIFTY SMALLCAP 100,23 Jun 2022,8170.25,8261.05,8136.5,8245.7,NIFTY SMALLCAP 100
NIFTY SMALLCAP 100,22 Jun 2022,8229.45,8230.95,8123.65,8138.9,NIFTY SMALLCAP 100
NIFTY SMALLCAP 100,21 Jun 2022,8064.65,8275.95,8052.55,8255.5,NIFTY SMALLCAP 100
NIFTY SMALLCAP 100,20 Jun 2022,8259.75,8284.3,7904.9,7982.55,NIFTY SMALLCAP 100
NIFTY SMALLCAP 100,17 Jun 2022,8272.6,8341.4,8149.5,8246.5,NIFTY SMALLCAP 100
NIFTY SMALLCAP 100,16 Jun 2022,8714.5,8737.4,8296.45,8313.35,NIFTY SMALLCAP 100
NIFTY SMALLCAP 100,15 Jun 2022,8612.05,8645.35,8583.65,8607.85,NIFTY SMALLCAP 100
NIFTY SMALLCAP 100,14 Jun 2022,8548.75,8692.9,8531.85,8556.8,NIFTY SMALLCAP 100
NIFTY SMALLCAP 100,13 Jun 2022,8770.45,8775.0,8591.25,8607.6,NIFTY SMALLCAP 100
NIFTY SMALLCAP 100,10 Jun 2022,8959.85,9000.9,8934.95,8955.2,NIFTY SMALLCAP 100
NIFTY SMALLCAP 100,09 Jun 2022,8993.05,9065.05,8965.05,9054.6,NIFTY SMALLCAP 100
NIFTY SMALLCAP 100,08 Jun 2022,9107.85,9141.4,8995.8,9035.35,NIFTY SMALLCAP 100
NIFTY SMALLCAP 100,07 Jun 2022,9062.9,9102.8,9005.95,9062.15,NIFTY SMALLCAP 100
NIFTY SMALLCAP 100,06 Jun 2022,9193.1,9204.0,9028.7,9115.9,NIFTY SMALLCAP 100
NIFTY SMALLCAP 100,03 Jun 2022,9381.95,9408.0,9188.15,9210.25,NIFTY SMALLCAP 100
NIFTY SMALLCAP 100,02 Jun 2022,9230.65,9304.65,9213.95,9290.55,NIFTY SMALLCAP 100
NIFTY SMALLCAP 100,01 Jun 2022,9259.05,9336.45,9167.8,9233.85,NIFTY SMALLCAP 100
NIFTY SMALLCAP 100,31 May 2022,9093.0,9241.15,9057.2,9208.5,NIFTY SMALLCAP 100
NIFTY SMALLCAP 100,30 May 2022,8944.35,9105.15,8925.1,9095.95,NIFTY SMALLCAP 100
NIFTY SMALLCAP 100,27 May 2022,8807.5,8874.0,8752.05,8824.05,NIFTY SMALLCAP 100
NIFTY SMALLCAP 100,26 May 2022,8675.8,8719.95,8429.95,8705.25,NIFTY SMALLCAP 100
NIFTY SMALLCAP 100,25 May 2022,8988.05,9005.6,8627.7,8638.95,NIFTY SMALLCAP 100
NIFTY SMALLCAP 100,24 May 2022,9097.9,9118.45,8930.4,8948.85,NIFTY SMALLCAP 100
NIFTY SMALLCAP 100,23 May 2022,9172.9,9192.35,9049.35,9063.35,NIFTY SMALLCAP 100
NIFTY SMALLCAP 100,20 May 2022,9060.2,9148.15,9030.9,9136.1,NIFTY SMALLCAP 100
NIFTY SMALLCAP 100,19 May 2022,8915.35,8996.75,8859.05,8912.3,NIFTY SMALLCAP 100
NIFTY SMALLCAP 100,18 May 2022,9248.95,9305.7,9132.15,9158.0,NIFTY SMALLCAP 100
NIFTY SMALLCAP 100,17 May 2022,8980.25,9209.85,8933.35,9193.7,NIFTY SMALLCAP 100
NIFTY SMALLCAP 100,16 May 2022,8864.15,8916.0,8734.85,8895.25,NIFTY SMALLCAP 100
NIFTY SMALLCAP 100,13 May 2022,8865.95,8981.1,8771.0,8796.65,NIFTY SMALLCAP 100
NIFTY SMALLCAP 100,12 May 2022,8790.3,8813.2,8625.45,8714.35,NIFTY SMALLCAP 100
NIFTY SMALLCAP 100,11 May 2022,9205.7,9244.45,8688.75,8880.65,NIFTY SMALLCAP 100
NIFTY SMALLCAP 100,10 May 2022,9339.55,9481.0,9117.45,9146.8,NIFTY SMALLCAP 100
NIFTY SMALLCAP 100,09 May 2022,9495.6,9505.2,9315.7,9356.15,NIFTY SMALLCAP 100
NIFTY SMALLCAP 100,06 May 2022,9606.55,9621.45,9482.2,9559.15,NIFTY SMALLCAP 100
NIFTY SMALLCAP 100,05 May 2022,10000.9,10018.7,9792.8,9807.1,NIFTY SMALLCAP 100
NIFTY SMALLCAP 100,04 May 2022,10172.9,10206.2,9844.3,9881.45,NIFTY SMALLCAP 100
NIFTY SMALLCAP 100,02 May 2022,10162.75,10193.7,10082.4,10119.65,NIFTY SMALLCAP 100
NIFTY SMALLCAP 100,29 Apr 2022,10440.1,10458.75,10231.35,10256.95,NIFTY SMALLCAP 100
NIFTY SMALLCAP 100,28 Apr 2022,10432.55,10445.5,10271.4,10376.9,NIFTY SMALLCAP 100
NIFTY SMALLCAP 100,27 Apr 2022,10315.6,10362.65,10224.35,10339.25,NIFTY SMALLCAP 100
NIFTY SMALLCAP 100,26 Apr 2022,10399.05,10434.55,10350.85,10402.45,NIFTY SMALLCAP 100
NIFTY SMALLCAP 100,25 Apr 2022,10446.55,10448.1,10266.2,10282.6,NIFTY SMALLCAP 100
NIFTY SMALLCAP 100,22 Apr 2022,10530.5,10646.9,10509.2,10537.2,NIFTY SMALLCAP 100
NIFTY SMALLCAP 100,21 Apr 2022,10510.35,10596.2,10509.6,10571.05,NIFTY SMALLCAP 100
NIFTY SMALLCAP 100,20 Apr 2022,10491.3,10573.0,10388.35,10409.85,NIFTY SMALLCAP 100
NIFTY SMALLCAP 100,19 Apr 2022,10677.05,10730.7,10324.55,10428.15,NIFTY SMALLCAP 100
NIFTY SMALLCAP 100,18 Apr 2022,10679.15,10679.15,10533.2,10603.7,NIFTY SMALLCAP 100
NIFTY SMALLCAP 100,13 Apr 2022,10812.4,10850.65,10728.35,10738.0,NIFTY SMALLCAP 100
NIFTY SMALLCAP 100,12 Apr 2022,10887.95,10887.95,10615.45,10717.5,NIFTY SMALLCAP 100
NIFTY SMALLCAP 100,11 Apr 2022,10929.9,10989.55,10876.6,10890.1,NIFTY SMALLCAP 100
NIFTY SMALLCAP 100,08 Apr 2022,10925.95,10967.1,10876.5,10896.55,NIFTY SMALLCAP 100
NIFTY SMALLCAP 100,07 Apr 2022,10921.15,11001.5,10809.65,10854.5,NIFTY SMALLCAP 100
NIFTY SMALLCAP 100,06 Apr 2022,10871.95,10943.85,10829.75,10888.35,NIFTY SMALLCAP 100
NIFTY SMALLCAP 100,05 Apr 2022,10866.1,10920.4,10830.0,10875.35,NIFTY SMALLCAP 100
NIFTY SMALLCAP 100,04 Apr 2022,10693.35,10789.4,10689.6,10783.55,NIFTY SMALLCAP 100
NIFTY SMALLCAP 100,01 Apr 2022,10458.8,10619.65,10446.15,10611.25,NIFTY SMALLCAP 100
NIFTY SMALLCAP 100,31 Mar 2022,10413.0,10478.95,10403.7,10436.25,NIFTY SMALLCAP 100
NIFTY SMALLCAP 100,30 Mar 2022,10361.2,10405.5,10341.2,10364.3,NIFTY SMALLCAP 100
NIFTY SMALLCAP 100,29 Mar 2022,10285.65,10318.0,10227.55,10264.55,NIFTY SMALLCAP 100
NIFTY SMALLCAP 100,28 Mar 2022,10355.45,10368.4,10173.65,10229.6,NIFTY SMALLCAP 100
NIFTY SMALLCAP 100,25 Mar 2022,10420.6,10436.4,10289.65,10304.45,NIFTY SMALLCAP 100
NIFTY SMALLCAP 100,24 Mar 2022,10280.25,10370.8,10265.1,10355.65,NIFTY SMALLCAP 100
NIFTY SMALLCAP 100,23 Mar 2022,10403.05,10431.05,10291.45,10311.0,NIFTY SMALLCAP 100
NIFTY SMALLCAP 100,22 Mar 2022,10333.35,10341.05,10233.5,10332.2,NIFTY SMALLCAP 100
NIFTY SMALLCAP 100,21 Mar 2022,10351.35,10381.5,10267.2,10303.1,NIFTY SMALLCAP 100
NIFTY SMALLCAP 100,17 Mar 2022,10284.9,10303.8,10243.25,10279.05,NIFTY SMALLCAP 100
NIFTY SMALLCAP 100,16 Mar 2022,10175.0,10201.25,10110.8,10154.2,NIFTY SMALLCAP 100
NIFTY SMALLCAP 100,15 Mar 2022,10240.4,10270.8,9995.35,10036.6,NIFTY SMALLCAP 100
NIFTY SMALLCAP 100,14 Mar 2022,10197.7,10224.45,10092.35,10180.35,NIFTY SMALLCAP 100
NIFTY SMALLCAP 100,11 Mar 2022,10055.15,10198.65,10018.4,10158.4,NIFTY SMALLCAP 100
NIFTY SMALLCAP 100,10 Mar 2022,10168.15,10175.45,10010.1,10066.5,NIFTY SMALLCAP 100
NIFTY SMALLCAP 100,09 Mar 2022,9817.65,9950.65,9773.8,9927.65,NIFTY SMALLCAP 100
NIFTY SMALLCAP 100,08 Mar 2022,9579.9,9727.9,9523.7,9696.8,NIFTY SMALLCAP 100
NIFTY SMALLCAP 100,07 Mar 2022,9544.1,9598.2,9436.15,9552.6,NIFTY SMALLCAP 100
NIFTY SMALLCAP 100,04 Mar 2022,9873.75,9888.0,9733.1,9751.95,NIFTY SMALLCAP 100
NIFTY SMALLCAP 100,03 Mar 2022,10034.15,10091.05,9908.85,9928.55,NIFTY SMALLCAP 100
NIFTY SMALLCAP 100,02 Mar 2022,9771.15,9955.75,9753.05,9893.7,NIFTY SMALLCAP 100
NIFTY SMALLCAP 100,28 Feb 2022,9692.35,9854.15,9550.3,9844.65,NIFTY SMALLCAP 100
NIFTY SMALLCAP 100,25 Feb 2022,9576.85,9815.85,9574.0,9786.65,NIFTY SMALLCAP 100
NIFTY SMALLCAP 100,24 Feb 2022,9565.9,9680.55,9286.4,9334.8,NIFTY SMALLCAP 100
NIFTY SMALLCAP 100,23 Feb 2022,9937.7,10055.05,9935.75,9956.85,NIFTY SMALLCAP 100
NIFTY SMALLCAP 100,22 Feb 2022,9727.1,9887.25,9715.55,9842.55,NIFTY SMALLCAP 100
NIFTY SMALLCAP 100,21 Feb 2022,10253.0,10268.3,10030.2,10048.7,NIFTY SMALLCAP 100
NIFTY SMALLCAP 100,18 Feb 2022,10387.75,10451.4,10317.2,10331.05,NIFTY SMALLCAP 100
NIFTY SMALLCAP 100,17 Feb 2022,10610.4,10636.45,10425.45,10441.8,NIFTY SMALLCAP 100
NIFTY SMALLCAP 100,16 Feb 2022,10607.2,10656.85,10527.4,10551.2,NIFTY SMALLCAP 100
NIFTY SMALLCAP 100,15 Feb 2022,10266.95,10487.7,10088.15,10475.15,NIFTY SMALLCAP 100
NIFTY SMALLCAP 100,14 Feb 2022,10412.2,10483.85,10188.85,10218.8,NIFTY SMALLCAP 100
NIFTY SMALLCAP 100,11 Feb 2022,10864.05,10905.0,10672.55,10693.3,NIFTY SMALLCAP 100
NIFTY SMALLCAP 100,10 Feb 2022,10945.55,10964.5,10836.0,10952.8,NIFTY SMALLCAP 100
NIFTY SMALLCAP 100,09 Feb 2022,10924.7,10973.8,10856.65,10902.0,NIFTY SMALLCAP 100
NIFTY SMALLCAP 100,08 Feb 2022,11087.35,11130.95,10754.15,10857.4,NIFTY SMALLCAP 100
NIFTY SMALLCAP 100,07 Feb 2022,11235.45,11244.35,11019.85,11047.8,NIFTY SMALLCAP 100
NIFTY SMALLCAP 100,04 Feb 2022,11305.45,11338.5,11177.7,11197.4,NIFTY SMALLCAP 100
NIFTY SMALLCAP 100,03 Feb 2022,11378.95,11388.65,11282.5,11301.25,NIFTY SMALLCAP 100
NIFTY SMALLCAP 100,02 Feb 2022,11278.95,11377.15,11276.3,11340.0,NIFTY SMALLCAP 100
NIFTY SMALLCAP 100,01 Feb 2022,11231.85,11248.9,11027.0,11179.3,NIFTY SMALLCAP 100
NIFTY SMALLCAP 100,31 Jan 2022,11153.35,11195.8,11043.6,11116.45,NIFTY SMALLCAP 100
NIFTY SMALLCAP 100,28 Jan 2022,10988.45,11187.25,10973.4,10991.9,NIFTY SMALLCAP 100
NIFTY SMALLCAP 100,27 Jan 2022,10889.7,10980.1,10793.05,10888.8,NIFTY SMALLCAP 100
NIFTY SMALLCAP 100,25 Jan 2022,10730.55,11037.8,10541.1,10969.05,NIFTY SMALLCAP 100
NIFTY SMALLCAP 100,24 Jan 2022,11388.1,11403.05,10780.1,10870.9,NIFTY SMALLCAP 100
NIFTY SMALLCAP 100,21 Jan 2022,11629.15,11669.7,11342.7,11416.95,NIFTY SMALLCAP 100
NIFTY SMALLCAP 100,20 Jan 2022,11697.3,11790.75,11656.5,11683.65,NIFTY SMALLCAP 100
NIFTY SMALLCAP 100,19 Jan 2022,11666.55,11710.65,11526.8,11688.95,NIFTY SMALLCAP 100
NIFTY SMALLCAP 100,18 Jan 2022,12040.95,12047.45,11658.7,11687.45,NIFTY SMALLCAP 100
NIFTY SMALLCAP 100,17 Jan 2022,11966.1,12025.35,11912.7,11980.75,NIFTY SMALLCAP 100
NIFTY SMALLCAP 100,14 Jan 2022,11820.45,11926.5,11781.45,11909.5,NIFTY SMALLCAP 100
NIFTY SMALLCAP 100,13 Jan 2022,11799.1,11844.35,11731.75,11821.15,NIFTY SMALLCAP 100
NIFTY SMALLCAP 100,12 Jan 2022,11746.45,11783.6,11688.25,11749.1,NIFTY SMALLCAP 100
NIFTY SMALLCAP 100,11 Jan 2022,11680.0,11714.0,11605.4,11646.7,NIFTY SMALLCAP 100
NIFTY SMALLCAP 100,10 Jan 2022,11573.85,11655.8,11561.8,11640.15,NIFTY SMALLCAP 100
NIFTY SMALLCAP 100,07 Jan 2022,11519.05,11589.1,11418.9,11492.9,NIFTY SMALLCAP 100
NIFTY SMALLCAP 100,06 Jan 2022,11339.55,11461.0,11296.15,11450.1,NIFTY SMALLCAP 100
NIFTY SMALLCAP 100,05 Jan 2022,11449.6,11466.95,11356.1,11426.45,NIFTY SMALLCAP 100
NIFTY SMALLCAP 100,04 Jan 2022,11473.7,11495.55,11349.65,11455.0,NIFTY SMALLCAP 100
NIFTY SMALLCAP 100,03 Jan 2022,11336.75,11451.6,11332.1,11418.45,NIFTY SMALLCAP 100
NIFTY SMALLCAP 250,30 Dec 2022,9463.85,9533.2,9463.5,9481.25,NIFTY SMALLCAP 250
NIFTY SMALLCAP 250,29 Dec 2022,9367.4,9417.25,9329.35,9408.35,NIFTY SMALLCAP 250
NIFTY SMALLCAP 250,28 Dec 2022,9381.15,9415.2,9321.75,9397.05,NIFTY SMALLCAP 250
NIFTY SMALLCAP 250,27 Dec 2022,9338.25,9419.35,9279.1,9377.05,NIFTY SMALLCAP 250
NIFTY SMALLCAP 250,26 Dec 2022,8958.15,9276.55,8894.75,9262.7,NIFTY SMALLCAP 250
NIFTY SMALLCAP 250,23 Dec 2022,9283.5,9303.7,8945.35,8962.5,NIFTY SMALLCAP 250
NIFTY SMALLCAP 250,22 Dec 2022,9585.5,9625.0,9299.35,9373.85,NIFTY SMALLCAP 250
NIFTY SMALLCAP 250,21 Dec 2022,9782.85,9816.6,9507.5,9540.0,NIFTY SMALLCAP 250
NIFTY SMALLCAP 250,20 Dec 2022,9758.45,9791.5,9677.55,9741.25,NIFTY SMALLCAP 250
NIFTY SMALLCAP 250,19 Dec 2022,9771.5,9791.3,9715.55,9761.45,NIFTY SMALLCAP 250
NIFTY SMALLCAP 250,16 Dec 2022,9783.8,9849.1,9695.75,9732.3,NIFTY SMALLCAP 250
NIFTY SMALLCAP 250,15 Dec 2022,9861.9,9894.0,9795.9,9810.2,NIFTY SMALLCAP 250
NIFTY SMALLCAP 250,14 Dec 2022,9830.8,9875.9,9804.1,9852.65,NIFTY SMALLCAP 250
NIFTY SMALLCAP 250,13 Dec 2022,9781.15,9799.95,9761.45,9788.7,NIFTY SMALLCAP 250
NIFTY SMALLCAP 250,12 Dec 2022,9687.05,9740.25,9618.9,9733.25,NIFTY SMALLCAP 250
NIFTY SMALLCAP 250,09 Dec 2022,9824.75,9837.65,9624.8,9681.8,NIFTY SMALLCAP 250
NIFTY SMALLCAP 250,08 Dec 2022,9751.4,9792.8,9745.65,9783.2,NIFTY SMALLCAP 250
NIFTY SMALLCAP 250,07 Dec 2022,9788.05,9807.1,9707.7,9729.65,NIFTY SMALLCAP 250
NIFTY SMALLCAP 250,06 Dec 2022,9787.9,9813.8,9754.05,9767.5,NIFTY SMALLCAP 250
NIFTY SMALLCAP 250,05 Dec 2022,9801.05,9819.75,9771.65,9790.5,NIFTY SMALLCAP 250
NIFTY SMALLCAP 250,02 Dec 2022,9710.8,9766.05,9702.25,9758.15,NIFTY SMALLCAP 250
NIFTY SMALLCAP 250,01 Dec 2022,9709.05,9738.15,9677.95,9693.85,NIFTY SMALLCAP 250
NIFTY SMALLCAP 250,30 Nov 2022,9630.85,9661.15,9617.0,9651.05,NIFTY SMALLCAP 250
NIFTY SMALLCAP 250,29 Nov 2022,9658.95,9686.2,9587.75,9602.2,NIFTY SMALLCAP 250
NIFTY SMALLCAP 250,28 Nov 2022,9543.55,9643.15,9540.3,9636.6,NIFTY SMALLCAP 250
NIFTY SMALLCAP 250,25 Nov 2022,9485.95,9549.55,9483.35,9534.55,NIFTY SMALLCAP 250
NIFTY SMALLCAP 250,24 Nov 2022,9441.25,9471.7,9438.85,9461.3,NIFTY SMALLCAP 250
NIFTY SMALLCAP 250,23 Nov 2022,9387.7,9425.6,9386.15,9410.0,NIFTY SMALLCAP 250
NIFTY SMALLCAP 250,22 Nov 2022,9380.5,9390.45,9343.35,9355.35,NIFTY SMALLCAP 250
NIFTY SMALLCAP 250,21 Nov 2022,9365.85,9397.3,9339.6,9363.65,NIFTY SMALLCAP 250
NIFTY SMALLCAP 250,18 Nov 2022,9414.85,9429.35,9322.65,9353.5,NIFTY SMALLCAP 250
NIFTY SMALLCAP 250,17 Nov 2022,9403.7,9423.65,9382.35,9395.75,NIFTY SMALLCAP 250
NIFTY SMALLCAP 250,16 Nov 2022,9451.25,9468.65,9374.2,9407.6,NIFTY SMALLCAP 250
NIFTY SMALLCAP 250,15 Nov 2022,9459.2,9463.05,9422.2,9439.0,NIFTY SMALLCAP 250
NIFTY SMALLCAP 250,14 Nov 2022,9415.65,9446.1,9369.05,9433.7,NIFTY SMALLCAP 250
NIFTY SMALLCAP 250,11 Nov 2022,9455.95,9482.15,9376.05,9391.1,NIFTY SMALLCAP 250
NIFTY SMALLCAP 250,10 Nov 2022,9454.4,9481.95,9318.75,9359.5,NIFTY SMALLCAP 250
NIFTY SMALLCAP 250,09 Nov 2022,9544.7,9545.0,9456.1,9475.85,NIFTY SMALLCAP 250
NIFTY SMALLCAP 250,07 Nov 2022,9491.4,9523.75,9465.45,9512.8,NIFTY SMALLCAP 250
NIFTY SMALLCAP 250,04 Nov 2022,9433.25,9452.45,9422.1,9442.1,NIFTY SMALLCAP 250
NIFTY SMALLCAP 250,03 Nov 2022,9356.55,9422.5,9349.9,9398.75,NIFTY SMALLCAP 250
NIFTY SMALLCAP 250,02 Nov 2022,9401.65,9435.5,9374.75,9386.9,NIFTY SMALLCAP 250
NIFTY SMALLCAP 250,01 Nov 2022,9398.8,9419.6,9360.6,9385.3,NIFTY SMALLCAP 250
NIFTY SMALLCAP 250,31 Oct 2022,9377.5,9391.75,9354.35,9372.0,NIFTY SMALLCAP 250
NIFTY SMALLCAP 250,28 Oct 2022,9413.95,9427.85,9325.6,9337.0,NIFTY SMALLCAP 250
NIFTY SMALLCAP 250,27 Oct 2022,9401.9,9417.5,9363.8,9394.45,NIFTY SMALLCAP 250
NIFTY SMALLCAP 250,25 Oct 2022,9390.9,9390.9,9313.6,9357.25,NIFTY SMALLCAP 250
NIFTY SMALLCAP 250,24 Oct 2022,9384.25,9403.3,9361.95,9374.3,NIFTY SMALLCAP 250
NIFTY SMALLCAP 250,21 Oct 2022,9358.3,9383.0,9266.3,9287.35,NIFTY SMALLCAP 250
NIFTY SMALLCAP 250,20 Oct 2022,9286.45,9335.8,9262.55,9327.0,NIFTY SMALLCAP 250
NIFTY SMALLCAP 250,19 Oct 2022,9343.6,9367.4,9301.3,9316.4,NIFTY SMALLCAP 250
NIFTY SMALLCAP 250,18 Oct 2022,9287.7,9323.75,9282.35,9313.65,NIFTY SMALLCAP 250
NIFTY SMALLCAP 250,17 Oct 2022,9202.15,9254.85,9131.65,9239.25,NIFTY SMALLCAP 250
NIFTY SMALLCAP 250,14 Oct 2022,9335.75,9361.25,9200.2,9215.7,NIFTY SMALLCAP 250
NIFTY SMALLCAP 250,13 Oct 2022,9264.1,9286.2,9186.1,9212.05,NIFTY SMALLCAP 250
NIFTY SMALLCAP 250,12 Oct 2022,9247.15,9279.95,9152.55,9261.45,NIFTY SMALLCAP 250
NIFTY SMALLCAP 250,11 Oct 2022,9392.95,9415.8,9200.75,9221.15,NIFTY SMALLCAP 250
NIFTY SMALLCAP 250,10 Oct 2022,9340.5,9394.05,9305.1,9365.75,NIFTY SMALLCAP 250
NIFTY SMALLCAP 250,07 Oct 2022,9389.55,9424.15,9354.3,9417.4,NIFTY SMALLCAP 250
NIFTY SMALLCAP 250,06 Oct 2022,9351.1,9417.15,9345.7,9387.2,NIFTY SMALLCAP 250
NIFTY SMALLCAP 250,04 Oct 2022,9298.3,9319.6,9250.5,9285.3,NIFTY SMALLCAP 250
NIFTY SMALLCAP 250,03 Oct 2022,9200.5,9245.4,9099.45,9163.95,NIFTY SMALLCAP 250
NIFTY SMALLCAP 250,30 Sep 2022,9060.6,9208.3,8999.5,9198.75,NIFTY SMALLCAP 250
NIFTY SMALLCAP 250,29 Sep 2022,9108.25,9153.55,9010.1,9060.15,NIFTY SMALLCAP 250
NIFTY SMALLCAP 250,28 Sep 2022,8996.1,9093.5,8960.35,9009.05,NIFTY SMALLCAP 250
NIFTY SMALLCAP 250,27 Sep 2022,9053.7,9135.7,8982.65,9048.95,NIFTY SMALLCAP 250
NIFTY SMALLCAP 250,26 Sep 2022,9231.55,9234.9,8927.55,9001.0,NIFTY SMALLCAP 250
NIFTY SMALLCAP 250,23 Sep 2022,9523.25,9545.85,9296.05,9312.45,NIFTY SMALLCAP 250
NIFTY SMALLCAP 250,22 Sep 2022,9429.75,9523.9,9415.55,9500.4,NIFTY SMALLCAP 250
NIFTY SMALLCAP 250,21 Sep 2022,9535.9,9572.45,9412.5,9446.7,NIFTY SMALLCAP 250
NIFTY SMALLCAP 250,20 Sep 2022,9479.1,9550.45,9478.2,9506.25,NIFTY SMALLCAP 250
NIFTY SMALLCAP 250,19 Sep 2022,9491.7,9530.35,9357.75,9398.3,NIFTY SMALLCAP 250
NIFTY SMALLCAP 250,16 Sep 2022,9692.7,9705.0,9411.65,9467.85,NIFTY SMALLCAP 250
NIFTY SMALLCAP 250,15 Sep 2022,9753.6,9787.2,9667.2,9690.05,NIFTY SMALLCAP 250
NIFTY SMALLCAP 250,14 Sep 2022,9553.25,9710.9,9541.5,9692.1,NIFTY SMALLCAP 250
NIFTY SMALLCAP 250,13 Sep 2022,9724.8,9742.15,9673.2,9683.0,NIFTY SMALLCAP 250
NIFTY SMALLCAP 250,12 Sep 2022,9644.15,9686.3,9638.2,9672.35,NIFTY SMALLCAP 250
NIFTY SMALLCAP 250,09 Sep 2022,9658.85,9667.65,9557.1,9581.65,NIFTY SMALLCAP 250
NIFTY SMALLCAP 250,08 Sep 2022,9618.7,9632.9,9568.35,9600.7,NIFTY SMALLCAP 250
NIFTY SMALLCAP 250,07 Sep 2022,9428.85,9541.05,9416.45,9533.55,NIFTY SMALLCAP 250
NIFTY SMALLCAP 250,06 Sep 2022,9490.1,9513.4,9401.5,9457.25,NIFTY SMALLCAP 250
NIFTY SMALLCAP 250,05 Sep 2022,9374.3,9434.65,9369.4,9427.45,NIFTY SMALLCAP 250
NIFTY SMALLCAP 250,02 Sep 2022,9369.3,9384.85,9312.8,9333.95,NIFTY SMALLCAP 250
NIFTY SMALLCAP 250,01 Sep 2022,9254.0,9341.55,9244.2,9313.85,NIFTY SMALLCAP 250
NIFTY SMALLCAP 250,30 Aug 2022,9247.2,9300.85,9246.85,9285.8,NIFTY SMALLCAP 250
NIFTY SMALLCAP 250,29 Aug 2022,8980.25,9187.3,8979.45,9172.2,NIFTY SMALLCAP 250
NIFTY SMALLCAP 250,26 Aug 2022,9217.75,9253.0,9200.85,9227.05,NIFTY SMALLCAP 250
NIFTY SMALLCAP 250,25 Aug 2022,9183.35,9227.5,9143.2,9160.6,NIFTY SMALLCAP 250
NIFTY SMALLCAP 250,24 Aug 2022,9072.1,9136.7,9071.65,9129.9,NIFTY SMALLCAP 250
NIFTY SMALLCAP 250,23 Aug 2022,8912.85,9068.9,8901.25,9050.85,NIFTY SMALLCAP 250
NIFTY SMALLCAP 250,22 Aug 2022,9027.85,9027.85,8946.5,8960.3,NIFTY SMALLCAP 250
NIFTY SMALLCAP 250,19 Aug 2022,9164.15,9184.55,9024.5,9041.75,NIFTY SMALLCAP 250
NIFTY SMALLCAP 250,18 Aug 2022,9131.1,9167.75,9116.0,9139.55,NIFTY SMALLCAP 250
NIFTY SMALLCAP 250,17 Aug 2022,9112.8,9138.4,9104.05,9115.05,NIFTY SMALLCAP 250
NIFTY SMALLCAP 250,16 Aug 2022,9039.3,9080.95,9028.55,9071.45,NIFTY SMALLCAP 250
NIFTY SMALLCAP 250,12 Aug 2022,8985.45,9019.8,8973.3,8992.65,NIFTY SMALLCAP 250
NIFTY SMALLCAP 250,11 Aug 2022,8988.1,8994.8,8957.15,8973.05,NIFTY SMALLCAP 250
NIFTY SMALLCAP 250,10 Aug 2022,8967.35,8978.45,8901.5,8919.05,NIFTY SMALLCAP 250
NIFTY SMALLCAP 250,08 Aug 2022,8940.45,8951.1,8892.35,8944.25,NIFTY SMALLCAP 250
NIFTY SMALLCAP 250,05 Aug 2022,8962.2,8990.6,8912.0,8922.2,NIFTY SMALLCAP 250
NIFTY SMALLCAP 250,04 Aug 2022,9001.4,9035.55,8816.05,8930.45,NIFTY SMALLCAP 250
NIFTY SMALLCAP 250,03 Aug 2022,9011.8,9029.65,8895.9,8954.55,NIFTY SMALLCAP 250
NIFTY SMALLCAP 250,02 Aug 2022,8933.6,9006.65,8910.55,8990.15,NIFTY SMALLCAP 250
NIFTY SMALLCAP 250,01 Aug 2022,8846.05,8944.7,8806.7,8935.05,NIFTY SMALLCAP 250
NIFTY SMALLCAP 250,29 Jul 2022,8726.25,8802.95,8721.05,8790.55,NIFTY SMALLCAP 250
NIFTY SMALLCAP 250,28 Jul 2022,8656.55,8676.9,8633.15,8667.5,NIFTY SMALLCAP 250
NIFTY SMALLCAP 250,27 Jul 2022,8590.6,8612.05,8558.5,8602.25,NIFTY SMALLCAP 250
NIFTY SMALLCAP 250,26 Jul 2022,8696.65,8701.5,8588.35,8602.75,NIFTY SMALLCAP 250
NIFTY SMALLCAP 250,25 Jul 2022,8732.9,8742.8,8656.45,8691.85,NIFTY SMALLCAP 250
NIFTY SMALLCAP 250,22 Jul 2022,8744.3,8753.2,8698.35,8727.65,NIFTY SMALLCAP 250
NIFTY SMALLCAP 250,21 Jul 2022,8662.45,8710.45,8636.45,8703.65,NIFTY SMALLCAP 250
NIFTY SMALLCAP 250,20 Jul 2022,8661.9,8692.7,8619.55,8635.05,NIFTY SMALLCAP 250
NIFTY SMALLCAP 250,19 Jul 2022,8506.9,8590.8,8495.3,8583.3,NIFTY SMALLCAP 250
NIFTY SMALLCAP 250,18 Jul 2022,8453.3,8520.9,8451.55,8511.7,NIFTY SMALLCAP 250
NIFTY SMALLCAP 250,15 Jul 2022,8369.55,8395.15,8317.75,8389.35,NIFTY SMALLCAP 250
NIFTY SMALLCAP 250,14 Jul 2022,8425.2,8434.5,8313.25,8349.6,NIFTY SMALLCAP 250
NIFTY SMALLCAP 250,13 Jul 2022,8438.65,8461.65,8396.35,8410.35,NIFTY SMALLCAP 250
NIFTY SMALLCAP 250,12 Jul 2022,8410.0,8452.85,8381.0,8392.4,NIFTY SMALLCAP 250
NIFTY SMALLCAP 250,11 Jul 2022,8328.15,8427.7,8315.6,8423.3,NIFTY SMALLCAP 250
NIFTY SMALLCAP 250,08 Jul 2022,8372.2,8382.25,8321.9,8336.8,NIFTY SMALLCAP 250
NIFTY SMALLCAP 250,07 Jul 2022,8277.65,8325.0,8258.5,8317.45,NIFTY SMALLCAP 250
NIFTY SMALLCAP 250,06 Jul 2022,8184.75,8216.05,8102.5,8210.1,NIFTY SMALLCAP 250
NIFTY SMALLCAP 250,05 Jul 2022,8184.5,8255.05,8155.05,8166.8,NIFTY SMALLCAP 250
NIFTY SMALLCAP 250,04 Jul 2022,8127.55,8166.1,8113.65,8145.7,NIFTY SMALLCAP 250
NIFTY SMALLCAP 250,01 Jul 2022,8080.4,8115.15,7998.15,8105.5,NIFTY SMALLCAP 250
NIFTY SMALLCAP 250,30 Jun 2022,8131.45,8182.5,8073.2,8088.6,NIFTY SMALLCAP 250
NIFTY SMALLCAP 250,29 Jun 2022,8085.3,8157.9,8072.65,8114.6,NIFTY SMALLCAP 250
NIFTY SMALLCAP 250,28 Jun 2022,8148.5,8165.8,8090.2,8159.2,NIFTY SMALLCAP 250
NIFTY SMALLCAP 250,27 Jun 2022,8142.0,8181.15,8119.35,8165.6,NIFTY SMALLCAP 250
NIFTY SMALLCAP 250,24 Jun 2022,7964.5,8047.85,7963.6,8036.8,NIFTY SMALLCAP 250
NIFTY SMALLCAP 250,23 Jun 2022,7833.95,7915.3,7811.4,7899.9,NIFTY SMALLCAP 250
NIFTY SMALLCAP 250,22 Jun 2022,7876.15,7881.1,7794.95,7810.9,NIFTY SMALLCAP 250
NIFTY SMALLCAP 250,21 Jun 2022,7720.65,7911.0,7720.3,7893.4,NIFTY SMALLCAP 250
NIFTY SMALLCAP 250,20 Jun 2022,7910.2,7928.7,7598.05,7657.25,NIFTY SMALLCAP 250
NIFTY SMALLCAP 250,17 Jun 2022,7928.75,7977.85,7813.2,7902.75,NIFTY SMALLCAP 250
NIFTY SMALLCAP 250,16 Jun 2022,8309.5,8332.7,7953.65,7965.9,NIFTY SMALLCAP 250
NIFTY SMALLCAP 250,15 Jun 2022,8218.3,8253.4,8199.9,8217.8,NIFTY SMALLCAP 250
NIFTY SMALLCAP 250,14 Jun 2022,8152.45,8283.85,8151.9,8172.05,NIFTY SMALLCAP 250
NIFTY SMALLCAP 250,13 Jun 2022,8351.05,8353.8,8195.0,8205.65,NIFTY SMALLCAP 250
NIFTY SMALLCAP 250,10 Jun 2022,8508.55,8544.95,8493.95,8506.9,NIFTY SMALLCAP 250
NIFTY SMALLCAP 250,09 Jun 2022,8541.7,8589.85,8521.05,8582.15,NIFTY SMALLCAP 250
NIFTY SMALLCAP 250,08 Jun 2022,8626.1,8659.35,8538.2,8577.6,NIFTY SMALLCAP 250
NIFTY SMALLCAP 250,07 Jun 2022,8609.1,8636.75,8553.1,8592.5,NIFTY SMALLCAP 250
NIFTY SMALLCAP 250,06 Jun 2022,8688.05,8695.9,8553.35,8640.9,NIFTY SMALLCAP 250
NIFTY SMALLCAP 250,03 Jun 2022,8855.2,8874.3,8683.05,8696.35,NIFTY SMALLCAP 250
NIFTY SMALLCAP 250,02 Jun 2022,8729.4,8781.55,8713.8,8772.9,NIFTY SMALLCAP 250
NIFTY SMALLCAP 250,01 Jun 2022,8714.3,8778.6,8671.9,8730.65,NIFTY SMALLCAP 250
NIFTY SMALLCAP 250,31 May 2022,8596.7,8705.6,8565.25,8673.1,NIFTY SMALLCAP 250
NIFTY SMALLCAP 250,30 May 2022,8503.35,8592.75,8483.7,8585.5,NIFTY SMALLCAP 250
NIFTY SMALLCAP 250,27 May 2022,8399.9,8439.65,8344.35,8397.35,NIFTY SMALLCAP 250
NIFTY SMALLCAP 250,26 May 2022,8267.85,8323.55,8065.95,8311.8,NIFTY SMALLCAP 250
NIFTY SMALLCAP 250,25 May 2022,8523.2,8541.5,8227.1,8233.7,NIFTY SMALLCAP 250
NIFTY SMALLCAP 250,24 May 2022,8627.95,8646.25,8473.05,8488.6,NIFTY SMALLCAP 250
NIFTY SMALLCAP 250,23 May 2022,8697.65,8711.6,8581.6,8594.1,NIFTY SMALLCAP 250
NIFTY SMALLCAP 250,20 May 2022,8598.8,8666.15,8574.6,8654.55,NIFTY SMALLCAP 250
NIFTY SMALLCAP 250,19 May 2022,8457.95,8547.6,8416.3,8473.6,NIFTY SMALLCAP 250
NIFTY SMALLCAP 250,18 May 2022,8693.3,8758.7,8623.4,8667.2,NIFTY SMALLCAP 250
NIFTY SMALLCAP 250,17 May 2022,8470.7,8649.35,8435.4,8638.1,NIFTY SMALLCAP 250
NIFTY SMALLCAP 250,16 May 2022,8356.75,8416.1,8250.3,8396.8,NIFTY SMALLCAP 250
NIFTY SMALLCAP 250,13 May 2022,8329.1,8428.2,8266.9,8286.2,NIFTY SMALLCAP 250
NIFTY SMALLCAP 250,12 May 2022,8255.9,8262.5,8128.3,8202.15,NIFTY SMALLCAP 250
NIFTY SMALLCAP 250,11 May 2022,8603.95,8639.85,8188.3,8340.65,NIFTY SMALLCAP 250
NIFTY SMALLCAP 250,10 May 2022,8732.9,8858.3,8546.9,8569.1,NIFTY SMALLCAP 250
NIFTY SMALLCAP 250,09 May 2022,8858.3,8868.75,8700.3,8748.95,NIFTY SMALLCAP 250
NIFTY SMALLCAP 250,06 May 2022,8957.9,8966.6,8852.4,8919.45,NIFTY SMALLCAP 250
NIFTY SMALLCAP 250,05 May 2022,9287.7,9302.35,9114.55,9126.7,NIFTY SMALLCAP 250
NIFTY SMALLCAP 250,04 May 2022,9442.4,9477.85,9150.55,9183.4,NIFTY SMALLCAP 250
NIFTY SMALLCAP 250,02 May 2022,9413.15,9436.5,9337.05,9397.75,NIFTY SMALLCAP 250
NIFTY SMALLCAP 250,29 Apr 2022,9645.65,9667.4,9471.55,9493.3,NIFTY SMALLCAP 250
NIFTY SMALLCAP 250,28 Apr 2022,9643.05,9658.95,9514.95,9593.75,NIFTY SMALLCAP 250
NIFTY SMALLCAP 250,27 Apr 2022,9559.85,9600.1,9477.35,9568.55,NIFTY SMALLCAP 250
NIFTY SMALLCAP 250,26 Apr 2022,9623.75,9660.85,9583.95,9623.75,NIFTY SMALLCAP 250
NIFTY SMALLCAP 250,25 Apr 2022,9649.45,9653.1,9511.4,9526.05,NIFTY SMALLCAP 250
NIFTY SMALLCAP 250,22 Apr 2022,9710.1,9810.4,9691.85,9720.3,NIFTY SMALLCAP 250
NIFTY SMALLCAP 250,21 Apr 2022,9709.95,9765.35,9709.4,9744.85,NIFTY SMALLCAP 250
NIFTY SMALLCAP 250,20 Apr 2022,9678.5,9755.85,9608.2,9622.75,NIFTY SMALLCAP 250
NIFTY SMALLCAP 250,19 Apr 2022,9834.9,9883.85,9533.65,9620.7,NIFTY SMALLCAP 250
NIFTY SMALLCAP 250,18 Apr 2022,9812.6,9812.6,9712.4,9770.8,NIFTY SMALLCAP 250
NIFTY SMALLCAP 250,13 Apr 2022,9901.75,9934.75,9849.25,9857.95,NIFTY SMALLCAP 250
NIFTY SMALLCAP 250,12 Apr 2022,9972.5,9972.5,9747.15,9825.2,NIFTY SMALLCAP 250
NIFTY SMALLCAP 250,11 Apr 2022,9972.75,10017.25,9952.0,9966.55,NIFTY SMALLCAP 250
NIFTY SMALLCAP 250,08 Apr 2022,9927.25,9966.95,9891.3,9934.75,NIFTY SMALLCAP 250
NIFTY SMALLCAP 250,07 Apr 2022,9937.85,9995.85,9831.05,9859.2,NIFTY SMALLCAP 250
NIFTY SMALLCAP 250,06 Apr 2022,9849.2,9945.45,9825.0,9902.0,NIFTY SMALLCAP 250
NIFTY SMALLCAP 250,05 Apr 2022,9836.2,9905.15,9806.25,9860.05,NIFTY SMALLCAP 250
NIFTY SMALLCAP 250,04 Apr 2022,9689.0,9772.4,9686.95,9766.85,NIFTY SMALLCAP 250
NIFTY SMALLCAP 250,01 Apr 2022,9468.75,9626.4,9462.0,9620.15,NIFTY SMALLCAP 250
NIFTY SMALLCAP 250,31 Mar 2022,9439.2,9485.95,9424.85,9441.45,NIFTY SMALLCAP 250
NIFTY SMALLCAP 250,30 Mar 2022,9391.4,9439.75,9377.6,9396.5,NIFTY SMALLCAP 250
NIFTY SMALLCAP 250,29 Mar 2022,9304.1,9335.05,9277.7,9312.05,NIFTY SMALLCAP 250
NIFTY SMALLCAP 250,28 Mar 2022,9362.2,9371.6,9212.95,9256.45,NIFTY SMALLCAP 250
NIFTY SMALLCAP 250,25 Mar 2022,9408.75,9425.4,9299.6,9311.1,NIFTY SMALLCAP 250
NIFTY SMALLCAP 250,24 Mar 2022,9306.55,9365.55,9298.15,9347.7,NIFTY SMALLCAP 250
NIFTY SMALLCAP 250,23 Mar 2022,9401.75,9426.2,9300.65,9316.45,NIFTY SMALLCAP 250
NIFTY SMALLCAP 250,22 Mar 2022,9339.75,9344.0,9265.35,9330.35,NIFTY SMALLCAP 250
NIFTY SMALLCAP 250,21 Mar 2022,9340.8,9372.55,9283.4,9301.5,NIFTY SMALLCAP 250
NIFTY SMALLCAP 250,17 Mar 2022,9282.8,9300.4,9262.0,9276.95,NIFTY SMALLCAP 250
NIFTY SMALLCAP 250,16 Mar 2022,9182.3,9206.85,9139.25,9168.55,NIFTY SMALLCAP 250
NIFTY SMALLCAP 250,15 Mar 2022,9197.45,9220.3,9034.95,9067.95,NIFTY SMALLCAP 250
NIFTY SMALLCAP 250,14 Mar 2022,9142.25,9165.65,9062.0,9143.55,NIFTY SMALLCAP 250
NIFTY SMALLCAP 250,11 Mar 2022,9033.95,9142.65,9005.0,9105.9,NIFTY SMALLCAP 250
NIFTY SMALLCAP 250,10 Mar 2022,9104.75,9121.05,8982.0,9025.4,NIFTY SMALLCAP 250
NIFTY SMALLCAP 250,09 Mar 2022,8812.4,8921.05,8786.3,8899.85,NIFTY SMALLCAP 250
NIFTY SMALLCAP 250,08 Mar 2022,8621.45,8745.15,8566.1,8717.05,NIFTY SMALLCAP 250
NIFTY SMALLCAP 250,07 Mar 2022,8634.15,8651.35,8526.3,8599.35,NIFTY SMALLCAP 250
NIFTY SMALLCAP 250,04 Mar 2022,8892.25,8921.5,8785.25,8804.1,NIFTY SMALLCAP 250
NIFTY SMALLCAP 250,03 Mar 2022,9026.05,9078.05,8929.3,8945.3,NIFTY SMALLCAP 250
NIFTY SMALLCAP 250,02 Mar 2022,8823.95,8964.75,8811.55,8911.1,NIFTY SMALLCAP 250
NIFTY SMALLCAP 250,28 Feb 2022,8744.0,8898.75,8620.25,8887.65,NIFTY SMALLCAP 250
NIFTY SMALLCAP 250,25 Feb 2022,8645.25,8839.1,8643.85,8815.2,NIFTY SMALLCAP 250
NIFTY SMALLCAP 250,24 Feb 2022,8659.45,8747.85,8428.3,8454.95,NIFTY SMALLCAP 250
NIFTY SMALLCAP 250,23 Feb 2022,8961.55,9066.4,8960.1,8982.9,NIFTY SMALLCAP 250
NIFTY SMALLCAP 250,22 Feb 2022,8784.4,8917.0,8773.4,8877.55,NIFTY SMALLCAP 250
NIFTY SMALLCAP 250,21 Feb 2022,9234.3,9244.4,9037.9,9052.95,NIFTY SMALLCAP 250
NIFTY SMALLCAP 250,18 Feb 2022,9336.55,9390.5,9279.2,9293.55,NIFTY SMALLCAP 250
NIFTY SMALLCAP 250,17 Feb 2022,9490.0,9507.5,9358.4,9370.3,NIFTY SMALLCAP 250
NIFTY SMALLCAP 250,16 Feb 2022,9470.4,9523.35,9417.35,9440.8,NIFTY SMALLCAP 250
NIFTY SMALLCAP 250,15 Feb 2022,9211.35,9384.8,9057.55,9370.05,NIFTY SMALLCAP 250
NIFTY SMALLCAP 250,14 Feb 2022,9361.4,9412.65,9166.3,9187.6,NIFTY SMALLCAP 250
NIFTY SMALLCAP 250,11 Feb 2022,9702.35,9739.2,9582.7,9596.15,NIFTY SMALLCAP 250
NIFTY SMALLCAP 250,10 Feb 2022,9799.0,9804.1,9707.1,9781.05,NIFTY SMALLCAP 250
NIFTY SMALLCAP 250,09 Feb 2022,9796.4,9823.8,9718.15,9766.05,NIFTY SMALLCAP 250
NIFTY SMALLCAP 250,08 Feb 2022,9920.75,9957.25,9648.55,9732.9,NIFTY SMALLCAP 250
NIFTY SMALLCAP 250,07 Feb 2022,10026.15,10044.65,9862.6,9882.3,NIFTY SMALLCAP 250
NIFTY SMALLCAP 250,04 Feb 2022,10073.05,10094.8,9978.05,9991.3,NIFTY SMALLCAP 250
NIFTY SMALLCAP 250,03 Feb 2022,10096.05,10104.7,10033.85,10050.15,NIFTY SMALLCAP 250
NIFTY SMALLCAP 250,02 Feb 2022,9967.25,10062.6,9966.05,10051.3,NIFTY SMALLCAP 250
NIFTY SMALLCAP 250,01 Feb 2022,9900.7,9922.35,9753.45,9886.6,NIFTY SMALLCAP 250
NIFTY SMALLCAP 250,31 Jan 2022,9838.65,9879.0,9769.8,9813.1,NIFTY SMALLCAP 250
NIFTY SMALLCAP 250,28 Jan 2022,9752.9,9878.25,9708.3,9719.7,NIFTY SMALLCAP 250
NIFTY SMALLCAP 250,27 Jan 2022,9632.15,9735.9,9577.75,9668.55,NIFTY SMALLCAP 250
NIFTY SMALLCAP 250,25 Jan 2022,9505.65,9756.8,9332.8,9713.45,NIFTY SMALLCAP 250
NIFTY SMALLCAP 250,24 Jan 2022,10058.0,10071.0,9522.1,9611.5,NIFTY SMALLCAP 250
NIFTY SMALLCAP 250,21 Jan 2022,10217.75,10266.6,10007.35,10076.85,NIFTY SMALLCAP 250
NIFTY SMALLCAP 250,20 Jan 2022,10283.4,10358.1,10241.45,10269.25,NIFTY SMALLCAP 250
NIFTY SMALLCAP 250,19 Jan 2022,10240.05,10290.75,10142.85,10281.15,NIFTY SMALLCAP 250
NIFTY SMALLCAP 250,18 Jan 2022,10513.75,10524.55,10234.45,10257.8,NIFTY SMALLCAP 250
NIFTY SMALLCAP 250,17 Jan 2022,10465.05,10499.65,10428.2,10471.85,NIFTY SMALLCAP 250
NIFTY SMALLCAP 250,14 Jan 2022,10348.85,10436.3,10311.05,10424.0,NIFTY SMALLCAP 250
NIFTY SMALLCAP 250,13 Jan 2022,10327.05,10364.6,10265.5,10352.6,NIFTY SMALLCAP 250
NIFTY SMALLCAP 250,12 Jan 2022,10298.8,10325.6,10250.5,10292.35,NIFTY SMALLCAP 250
NIFTY SMALLCAP 250,11 Jan 2022,10255.5,10295.95,10199.65,10228.8,NIFTY SMALLCAP 250
NIFTY SMALLCAP 250,10 Jan 2022,10155.7,10228.9,10148.75,10218.3,NIFTY SMALLCAP 250
NIFTY SMALLCAP 250,07 Jan 2022,10079.4,10137.9,10013.4,10076.6,NIFTY SMALLCAP 250
NIFTY SMALLCAP 250,06 Jan 2022,9964.5,10045.6,9919.25,10034.95,NIFTY SMALLCAP 250
NIFTY SMALLCAP 250,05 Jan 2022,10020.1,10048.25,9960.75,10024.3,NIFTY SMALLCAP 250
NIFTY SMALLCAP 250,04 Jan 2022,10033.15,10048.85,9947.65,10018.45,NIFTY SMALLCAP 250
NIFTY SMALLCAP 250,03 Jan 2022,9894.5,9982.3,9893.55,9966.35,NIFTY SMALLCAP 250
NIFTY LARGEMIDCAP 250,30 Dec 2022,10195.7,10217.65,10126.7,10143.55,NIFTY LARGEMIDCAP 250
NIFTY LARGEMIDCAP 250,29 Dec 2022,10076.95,10160.65,10025.3,10142.8,NIFTY LARGEMIDCAP 250
NIFTY LARGEMIDCAP 250,28 Dec 2022,10085.5,10137.15,10055.45,10115.25,NIFTY LARGEMIDCAP 250
NIFTY LARGEMIDCAP 250,27 Dec 2022,10069.5,10111.85,10009.2,10097.05,NIFTY LARGEMIDCAP 250
NIFTY LARGEMIDCAP 250,26 Dec 2022,9833.55,10043.85,9772.7,10014.85,NIFTY LARGEMIDCAP 250
NIFTY LARGEMIDCAP 250,23 Dec 2022,10021.85,10049.55,9808.55,9826.35,NIFTY LARGEMIDCAP 250
NIFTY LARGEMIDCAP 250,22 Dec 2022,10227.1,10253.0,10059.7,10110.75,NIFTY LARGEMIDCAP 250
NIFTY LARGEMIDCAP 250,21 Dec 2022,10352.6,10381.2,10161.0,10181.1,NIFTY LARGEMIDCAP 250
NIFTY LARGEMIDCAP 250,20 Dec 2022,10310.5,10328.4,10226.4,10320.25,NIFTY LARGEMIDCAP 250
NIFTY LARGEMIDCAP 250,19 Dec 2022,10285.0,10344.05,10237.65,10338.45,NIFTY LARGEMIDCAP 250
NIFTY LARGEMIDCAP 250,16 Dec 2022,10343.25,10389.25,10255.55,10269.75,NIFTY LARGEMIDCAP 250
NIFTY LARGEMIDCAP 250,15 Dec 2022,10490.85,10511.4,10370.45,10388.8,NIFTY LARGEMIDCAP 250
NIFTY LARGEMIDCAP 250,14 Dec 2022,10487.5,10513.1,10479.75,10501.3,NIFTY LARGEMIDCAP 250
NIFTY LARGEMIDCAP 250,13 Dec 2022,10430.8,10457.95,10404.3,10452.2,NIFTY LARGEMIDCAP 250
NIFTY LARGEMIDCAP 250,12 Dec 2022,10366.7,10411.0,10306.95,10404.95,NIFTY LARGEMIDCAP 250
NIFTY LARGEMIDCAP 250,09 Dec 2022,10484.1,10487.75,10323.6,10388.25,NIFTY LARGEMIDCAP 250
NIFTY LARGEMIDCAP 250,08 Dec 2022,10423.8,10449.6,10406.6,10443.75,NIFTY LARGEMIDCAP 250
NIFTY LARGEMIDCAP 250,07 Dec 2022,10459.95,10470.35,10390.8,10405.65,NIFTY LARGEMIDCAP 250
NIFTY LARGEMIDCAP 250,06 Dec 2022,10455.45,10473.25,10426.3,10450.15,NIFTY LARGEMIDCAP 250
NIFTY LARGEMIDCAP 250,05 Dec 2022,10510.6,10512.15,10435.35,10488.15,NIFTY LARGEMIDCAP 250
NIFTY LARGEMIDCAP 250,02 Dec 2022,10462.35,10489.3,10443.0,10485.1,NIFTY LARGEMIDCAP 250
NIFTY LARGEMIDCAP 250,01 Dec 2022,10475.45,10489.75,10442.85,10469.7,NIFTY LARGEMIDCAP 250
NIFTY LARGEMIDCAP 250,30 Nov 2022,10334.15,10443.9,10332.4,10415.9,NIFTY LARGEMIDCAP 250
NIFTY LARGEMIDCAP 250,29 Nov 2022,10325.55,10351.5,10312.85,10324.0,NIFTY LARGEMIDCAP 250
NIFTY LARGEMIDCAP 250,28 Nov 2022,10260.85,10337.25,10242.45,10324.9,NIFTY LARGEMIDCAP 250
NIFTY LARGEMIDCAP 250,25 Nov 2022,10250.6,10285.35,10230.9,10277.55,NIFTY LARGEMIDCAP 250
NIFTY LARGEMIDCAP 250,24 Nov 2022,10185.6,10237.7,10171.25,10225.75,NIFTY LARGEMIDCAP 250
NIFTY LARGEMIDCAP 250,23 Nov 2022,10170.4,10175.6,10139.55,10151.5,NIFTY LARGEMIDCAP 250
NIFTY LARGEMIDCAP 250,22 Nov 2022,10109.2,10138.6,10090.8,10132.45,NIFTY LARGEMIDCAP 250
NIFTY LARGEMIDCAP 250,21 Nov 2022,10119.2,10123.55,10075.85,10093.85,NIFTY LARGEMIDCAP 250
NIFTY LARGEMIDCAP 250,18 Nov 2022,10195.05,10202.75,10082.15,10135.6,NIFTY LARGEMIDCAP 250
NIFTY LARGEMIDCAP 250,17 Nov 2022,10196.7,10210.2,10156.45,10169.3,NIFTY LARGEMIDCAP 250
NIFTY LARGEMIDCAP 250,16 Nov 2022,10255.3,10269.15,10178.5,10213.55,NIFTY LARGEMIDCAP 250
NIFTY LARGEMIDCAP 250,15 Nov 2022,10247.3,10258.1,10206.25,10249.45,NIFTY LARGEMIDCAP 250
NIFTY LARGEMIDCAP 250,14 Nov 2022,10245.45,10259.7,10212.35,10232.95,NIFTY LARGEMIDCAP 250
NIFTY LARGEMIDCAP 250,11 Nov 2022,10264.3,10283.0,10218.55,10236.45,NIFTY LARGEMIDCAP 250
NIFTY LARGEMIDCAP 250,10 Nov 2022,10188.2,10199.5,10106.4,10143.7,NIFTY LARGEMIDCAP 250
NIFTY LARGEMIDCAP 250,09 Nov 2022,10317.65,10318.6,10211.0,10228.95,NIFTY LARGEMIDCAP 250
NIFTY LARGEMIDCAP 250,07 Nov 2022,10262.95,10289.2,10208.3,10272.9,NIFTY LARGEMIDCAP 250
NIFTY LARGEMIDCAP 250,04 Nov 2022,10205.6,10231.1,10169.65,10210.85,NIFTY LARGEMIDCAP 250
NIFTY LARGEMIDCAP 250,03 Nov 2022,10140.55,10211.2,10137.1,10195.7,NIFTY LARGEMIDCAP 250
NIFTY LARGEMIDCAP 250,02 Nov 2022,10224.0,10232.75,10176.15,10194.6,NIFTY LARGEMIDCAP 250
NIFTY LARGEMIDCAP 250,01 Nov 2022,10178.2,10220.0,10158.75,10212.6,NIFTY LARGEMIDCAP 250
NIFTY LARGEMIDCAP 250,31 Oct 2022,10057.8,10135.8,10055.6,10131.25,NIFTY LARGEMIDCAP 250
NIFTY LARGEMIDCAP 250,28 Oct 2022,10043.1,10052.55,9973.85,10003.3,NIFTY LARGEMIDCAP 250
NIFTY LARGEMIDCAP 250,27 Oct 2022,10017.1,10044.4,9981.75,10027.7,NIFTY LARGEMIDCAP 250
NIFTY LARGEMIDCAP 250,25 Oct 2022,10006.35,10007.3,9945.55,9968.4,NIFTY LARGEMIDCAP 250
NIFTY LARGEMIDCAP 250,24 Oct 2022,10010.75,10016.75,9967.9,9979.55,NIFTY LARGEMIDCAP 250
NIFTY LARGEMIDCAP 250,21 Oct 2022,9974.65,9994.1,9884.9,9911.95,NIFTY LARGEMIDCAP 250
NIFTY LARGEMIDCAP 250,20 Oct 2022,9893.45,9956.75,9863.15,9946.8,NIFTY LARGEMIDCAP 250
NIFTY LARGEMIDCAP 250,19 Oct 2022,9968.45,9988.3,9920.7,9939.75,NIFTY LARGEMIDCAP 250
NIFTY LARGEMIDCAP 250,18 Oct 2022,9899.25,9938.15,9889.8,9931.2,NIFTY LARGEMIDCAP 250
NIFTY LARGEMIDCAP 250,17 Oct 2022,9764.15,9840.05,9709.9,9831.45,NIFTY LARGEMIDCAP 250
NIFTY LARGEMIDCAP 250,14 Oct 2022,9905.5,9916.85,9779.15,9787.2,NIFTY LARGEMIDCAP 250
NIFTY LARGEMIDCAP 250,13 Oct 2022,9812.55,9826.55,9721.6,9754.15,NIFTY LARGEMIDCAP 250
NIFTY LARGEMIDCAP 250,12 Oct 2022,9780.3,9829.9,9711.45,9818.85,NIFTY LARGEMIDCAP 250
NIFTY LARGEMIDCAP 250,11 Oct 2022,9929.9,9931.3,9733.1,9752.65,NIFTY LARGEMIDCAP 250
NIFTY LARGEMIDCAP 250,10 Oct 2022,9862.55,9932.7,9831.0,9907.5,NIFTY LARGEMIDCAP 250
NIFTY LARGEMIDCAP 250,07 Oct 2022,9990.35,10002.9,9914.95,9977.55,NIFTY LARGEMIDCAP 250
NIFTY LARGEMIDCAP 250,06 Oct 2022,9983.9,10033.25,9980.2,9996.35,NIFTY LARGEMIDCAP 250
NIFTY LARGEMIDCAP 250,04 Oct 2022,9840.45,9923.55,9824.5,9916.9,NIFTY LARGEMIDCAP 250
NIFTY LARGEMIDCAP 250,03 Oct 2022,9820.25,9836.9,9658.3,9694.9,NIFTY LARGEMIDCAP 250
NIFTY LARGEMIDCAP 250,30 Sep 2022,9659.45,9837.15,9596.9,9815.5,NIFTY LARGEMIDCAP 250
NIFTY LARGEMIDCAP 250,29 Sep 2022,9750.25,9776.2,9633.7,9669.45,NIFTY LARGEMIDCAP 250
NIFTY LARGEMIDCAP 250,28 Sep 2022,9648.8,9753.15,9626.05,9662.65,NIFTY LARGEMIDCAP 250
NIFTY LARGEMIDCAP 250,27 Sep 2022,9766.15,9810.0,9655.7,9716.2,NIFTY LARGEMIDCAP 250
NIFTY LARGEMIDCAP 250,26 Sep 2022,9870.2,9877.15,9667.05,9715.05,NIFTY LARGEMIDCAP 250
NIFTY LARGEMIDCAP 250,23 Sep 2022,10155.25,10176.35,9946.75,9960.25,NIFTY LARGEMIDCAP 250
NIFTY LARGEMIDCAP 250,22 Sep 2022,10112.4,10185.45,10065.7,10156.0,NIFTY LARGEMIDCAP 250
NIFTY LARGEMIDCAP 250,21 Sep 2022,10222.05,10272.45,10131.15,10155.85,NIFTY LARGEMIDCAP 250
NIFTY LARGEMIDCAP 250,20 Sep 2022,10181.25,10283.8,10174.8,10227.75,NIFTY LARGEMIDCAP 250
NIFTY LARGEMIDCAP 250,19 Sep 2022,10087.65,10130.4,9990.65,10098.4,NIFTY LARGEMIDCAP 250
NIFTY LARGEMIDCAP 250,16 Sep 2022,10287.95,10298.55,10032.8,10072.95,NIFTY LARGEMIDCAP 250
NIFTY LARGEMIDCAP 250,15 Sep 2022,10359.85,10388.15,10275.45,10310.35,NIFTY LARGEMIDCAP 250
NIFTY LARGEMIDCAP 250,14 Sep 2022,10199.65,10348.8,10198.8,10318.0,NIFTY LARGEMIDCAP 250
NIFTY LARGEMIDCAP 250,13 Sep 2022,10361.25,10372.95,10340.45,10349.35,NIFTY LARGEMIDCAP 250
NIFTY LARGEMIDCAP 250,12 Sep 2022,10268.8,10316.5,10264.4,10304.8,NIFTY LARGEMIDCAP 250
NIFTY LARGEMIDCAP 250,09 Sep 2022,10267.75,10282.4,10202.45,10228.9,NIFTY LARGEMIDCAP 250
NIFTY LARGEMIDCAP 250,08 Sep 2022,10209.75,10221.75,10160.85,10199.95,NIFTY LARGEMIDCAP 250
NIFTY LARGEMIDCAP 250,07 Sep 2022,10069.55,10145.6,10057.6,10137.6,NIFTY LARGEMIDCAP 250
NIFTY LARGEMIDCAP 250,06 Sep 2022,10130.25,10155.0,10074.45,10116.55,NIFTY LARGEMIDCAP 250
NIFTY LARGEMIDCAP 250,05 Sep 2022,10056.4,10109.15,10054.4,10094.75,NIFTY LARGEMIDCAP 250
NIFTY LARGEMIDCAP 250,02 Sep 2022,10097.35,10118.4,10027.45,10037.75,NIFTY LARGEMIDCAP 250
NIFTY LARGEMIDCAP 250,01 Sep 2022,9996.0,10100.95,9994.25,10053.55,NIFTY LARGEMIDCAP 250
NIFTY LARGEMIDCAP 250,30 Aug 2022,9937.75,10101.35,9934.85,10092.6,NIFTY LARGEMIDCAP 250
NIFTY LARGEMIDCAP 250,29 Aug 2022,9730.9,9887.85,9729.0,9869.45,NIFTY LARGEMIDCAP 250
NIFTY LARGEMIDCAP 250,26 Aug 2022,9998.35,10033.35,9954.6,9973.75,NIFTY LARGEMIDCAP 250
NIFTY LARGEMIDCAP 250,25 Aug 2022,10004.5,10030.9,9925.65,9941.8,NIFTY LARGEMIDCAP 250
NIFTY LARGEMIDCAP 250,24 Aug 2022,9898.9,9963.75,9886.4,9956.4,NIFTY LARGEMIDCAP 250
NIFTY LARGEMIDCAP 250,23 Aug 2022,9764.3,9935.2,9760.95,9912.95,NIFTY LARGEMIDCAP 250
NIFTY LARGEMIDCAP 250,22 Aug 2022,9977.55,9978.7,9826.25,9842.45,NIFTY LARGEMIDCAP 250
NIFTY LARGEMIDCAP 250,19 Aug 2022,10147.75,10160.25,9990.4,10010.15,NIFTY LARGEMIDCAP 250
NIFTY LARGEMIDCAP 250,18 Aug 2022,10101.9,10139.5,10082.75,10127.1,NIFTY LARGEMIDCAP 250
NIFTY LARGEMIDCAP 250,17 Aug 2022,10087.7,10123.7,10079.85,10111.0,NIFTY LARGEMIDCAP 250
NIFTY LARGEMIDCAP 250,16 Aug 2022,9998.4,10059.15,9985.7,10054.85,NIFTY LARGEMIDCAP 250
NIFTY LARGEMIDCAP 250,12 Aug 2022,9911.85,9958.85,9889.85,9945.65,NIFTY LARGEMIDCAP 250
NIFTY LARGEMIDCAP 250,11 Aug 2022,9911.95,9918.4,9884.95,9901.75,NIFTY LARGEMIDCAP 250
NIFTY LARGEMIDCAP 250,10 Aug 2022,9866.55,9869.75,9789.05,9826.75,NIFTY LARGEMIDCAP 250
NIFTY LARGEMIDCAP 250,08 Aug 2022,9796.6,9856.4,9763.75,9837.1,NIFTY LARGEMIDCAP 250
NIFTY LARGEMIDCAP 250,05 Aug 2022,9800.15,9825.6,9768.4,9789.15,NIFTY LARGEMIDCAP 250
NIFTY LARGEMIDCAP 250,04 Aug 2022,9788.8,9814.2,9626.05,9772.95,NIFTY LARGEMIDCAP 250
NIFTY LARGEMIDCAP 250,03 Aug 2022,9763.1,9776.65,9664.55,9744.6,NIFTY LARGEMIDCAP 250
NIFTY LARGEMIDCAP 250,02 Aug 2022,9728.6,9780.35,9681.55,9762.9,NIFTY LARGEMIDCAP 250
NIFTY LARGEMIDCAP 250,01 Aug 2022,9657.8,9741.1,9609.45,9734.85,NIFTY LARGEMIDCAP 250
NIFTY LARGEMIDCAP 250,29 Jul 2022,9551.35,9616.0,9535.75,9607.3,NIFTY LARGEMIDCAP 250
NIFTY LARGEMIDCAP 250,28 Jul 2022,9429.85,9484.6,9396.6,9477.35,NIFTY LARGEMIDCAP 250
NIFTY LARGEMIDCAP 250,27 Jul 2022,9275.4,9373.1,9256.5,9365.7,NIFTY LARGEMIDCAP 250
NIFTY LARGEMIDCAP 250,26 Jul 2022,9381.8,9382.55,9271.0,9282.5,NIFTY LARGEMIDCAP 250
NIFTY LARGEMIDCAP 250,25 Jul 2022,9390.8,9406.35,9343.2,9376.8,NIFTY LARGEMIDCAP 250
NIFTY LARGEMIDCAP 250,22 Jul 2022,9406.75,9423.0,9364.15,9401.7,NIFTY LARGEMIDCAP 250
NIFTY LARGEMIDCAP 250,21 Jul 2022,9285.4,9379.05,9267.6,9368.9,NIFTY LARGEMIDCAP 250
NIFTY LARGEMIDCAP 250,20 Jul 2022,9327.95,9328.05,9262.45,9278.3,NIFTY LARGEMIDCAP 250
NIFTY LARGEMIDCAP 250,19 Jul 2022,9143.0,9238.85,9141.65,9228.6,NIFTY LARGEMIDCAP 250
NIFTY LARGEMIDCAP 250,18 Jul 2022,9114.7,9182.7,9110.8,9176.05,NIFTY LARGEMIDCAP 250
NIFTY LARGEMIDCAP 250,15 Jul 2022,9027.35,9060.0,8991.05,9050.65,NIFTY LARGEMIDCAP 250
NIFTY LARGEMIDCAP 250,14 Jul 2022,9027.95,9044.45,8926.4,8991.55,NIFTY LARGEMIDCAP 250
NIFTY LARGEMIDCAP 250,13 Jul 2022,9063.0,9080.7,8991.4,9001.65,NIFTY LARGEMIDCAP 250
NIFTY LARGEMIDCAP 250,12 Jul 2022,9047.8,9083.8,9008.1,9020.6,NIFTY LARGEMIDCAP 250
NIFTY LARGEMIDCAP 250,11 Jul 2022,8994.7,9096.4,8982.0,9084.15,NIFTY LARGEMIDCAP 250
NIFTY LARGEMIDCAP 250,08 Jul 2022,9058.3,9058.6,8987.45,9027.3,NIFTY LARGEMIDCAP 250
NIFTY LARGEMIDCAP 250,07 Jul 2022,8963.4,9001.35,8941.15,8994.5,NIFTY LARGEMIDCAP 250
NIFTY LARGEMIDCAP 250,06 Jul 2022,8774.2,8905.85,8752.85,8895.85,NIFTY LARGEMIDCAP 250
NIFTY LARGEMIDCAP 250,05 Jul 2022,8809.9,8866.15,8750.45,8764.05,NIFTY LARGEMIDCAP 250
NIFTY LARGEMIDCAP 250,04 Jul 2022,8715.45,8780.7,8687.0,8773.8,NIFTY LARGEMIDCAP 250
NIFTY LARGEMIDCAP 250,01 Jul 2022,8672.35,8735.7,8593.1,8720.15,NIFTY LARGEMIDCAP 250
NIFTY LARGEMIDCAP 250,30 Jun 2022,8739.1,8780.85,8684.65,8705.95,NIFTY LARGEMIDCAP 250
NIFTY LARGEMIDCAP 250,29 Jun 2022,8680.9,8758.5,8672.05,8737.4,NIFTY LARGEMIDCAP 250
NIFTY LARGEMIDCAP 250,28 Jun 2022,8707.7,8772.55,8665.5,8762.5,NIFTY LARGEMIDCAP 250
NIFTY LARGEMIDCAP 250,27 Jun 2022,8774.9,8780.55,8732.2,8740.45,NIFTY LARGEMIDCAP 250
NIFTY LARGEMIDCAP 250,24 Jun 2022,8618.7,8667.45,8610.5,8659.85,NIFTY LARGEMIDCAP 250
NIFTY LARGEMIDCAP 250,23 Jun 2022,8492.3,8589.75,8456.9,8559.2,NIFTY LARGEMIDCAP 250
NIFTY LARGEMIDCAP 250,22 Jun 2022,8562.25,8563.95,8459.45,8469.8,NIFTY LARGEMIDCAP 250
NIFTY LARGEMIDCAP 250,21 Jun 2022,8439.55,8612.85,8428.05,8596.95,NIFTY LARGEMIDCAP 250
NIFTY LARGEMIDCAP 250,20 Jun 2022,8472.55,8486.75,8318.55,8383.95,NIFTY LARGEMIDCAP 250
NIFTY LARGEMIDCAP 250,17 Jun 2022,8476.85,8541.6,8397.7,8456.55,NIFTY LARGEMIDCAP 250
NIFTY LARGEMIDCAP 250,16 Jun 2022,8805.25,8817.5,8508.1,8531.7,NIFTY LARGEMIDCAP 250
NIFTY LARGEMIDCAP 250,15 Jun 2022,8738.65,8761.05,8706.05,8719.85,NIFTY LARGEMIDCAP 250
NIFTY LARGEMIDCAP 250,14 Jun 2022,8683.45,8796.55,8673.65,8713.7,NIFTY LARGEMIDCAP 250
NIFTY LARGEMIDCAP 250,13 Jun 2022,8809.35,8812.85,8700.25,8732.6,NIFTY LARGEMIDCAP 250
NIFTY LARGEMIDCAP 250,10 Jun 2022,8979.3,9009.1,8954.4,8968.35,NIFTY LARGEMIDCAP 250
NIFTY LARGEMIDCAP 250,09 Jun 2022,8979.4,9080.65,8958.35,9072.6,NIFTY LARGEMIDCAP 250
NIFTY LARGEMIDCAP 250,08 Jun 2022,9077.4,9108.15,8987.6,9019.9,NIFTY LARGEMIDCAP 250
NIFTY LARGEMIDCAP 250,07 Jun 2022,9084.95,9089.95,9020.1,9054.65,NIFTY LARGEMIDCAP 250
NIFTY LARGEMIDCAP 250,06 Jun 2022,9124.35,9139.8,9040.0,9127.25,NIFTY LARGEMIDCAP 250
NIFTY LARGEMIDCAP 250,03 Jun 2022,9301.35,9312.55,9134.65,9141.85,NIFTY LARGEMIDCAP 250
NIFTY LARGEMIDCAP 250,02 Jun 2022,9171.6,9239.45,9152.8,9231.7,NIFTY LARGEMIDCAP 250
NIFTY LARGEMIDCAP 250,01 Jun 2022,9194.8,9239.15,9131.15,9178.65,NIFTY LARGEMIDCAP 250
NIFTY LARGEMIDCAP 250,31 May 2022,9179.65,9251.05,9164.5,9183.55,NIFTY LARGEMIDCAP 250
NIFTY LARGEMIDCAP 250,30 May 2022,9103.35,9205.75,9097.7,9201.05,NIFTY LARGEMIDCAP 250
NIFTY LARGEMIDCAP 250,27 May 2022,8983.8,9013.15,8940.1,9007.35,NIFTY LARGEMIDCAP 250
NIFTY LARGEMIDCAP 250,26 May 2022,8847.05,8929.2,8700.2,8903.95,NIFTY LARGEMIDCAP 250
NIFTY LARGEMIDCAP 250,25 May 2022,8979.75,8991.05,8799.3,8809.65,NIFTY LARGEMIDCAP 250
NIFTY LARGEMIDCAP 250,24 May 2022,9017.65,9033.85,8922.25,8945.5,NIFTY LARGEMIDCAP 250
NIFTY LARGEMIDCAP 250,23 May 2022,9067.9,9112.7,8986.0,9000.1,NIFTY LARGEMIDCAP 250
NIFTY LARGEMIDCAP 250,20 May 2022,8960.7,9043.8,8951.65,9036.5,NIFTY LARGEMIDCAP 250
NIFTY LARGEMIDCAP 250,19 May 2022,8880.5,8913.35,8805.3,8828.45,NIFTY LARGEMIDCAP 250
NIFTY LARGEMIDCAP 250,18 May 2022,9126.25,9171.1,9058.45,9072.4,NIFTY LARGEMIDCAP 250
NIFTY LARGEMIDCAP 250,17 May 2022,8903.3,9093.2,8891.3,9081.4,NIFTY LARGEMIDCAP 250
NIFTY LARGEMIDCAP 250,16 May 2022,8816.75,8885.45,8747.15,8854.2,NIFTY LARGEMIDCAP 250
NIFTY LARGEMIDCAP 250,13 May 2022,8843.15,8941.0,8750.5,8773.0,NIFTY LARGEMIDCAP 250
NIFTY LARGEMIDCAP 250,12 May 2022,8867.75,8877.85,8684.7,8740.55,NIFTY LARGEMIDCAP 250
NIFTY LARGEMIDCAP 250,11 May 2022,9007.2,9055.0,8805.55,8938.95,NIFTY LARGEMIDCAP 250
NIFTY LARGEMIDCAP 250,10 May 2022,9080.1,9162.4,8966.6,8987.7,NIFTY LARGEMIDCAP 250
NIFTY LARGEMIDCAP 250,09 May 2022,9134.55,9165.5,9031.35,9102.3,NIFTY LARGEMIDCAP 250
NIFTY LARGEMIDCAP 250,06 May 2022,9229.55,9258.15,9168.85,9222.6,NIFTY LARGEMIDCAP 250
NIFTY LARGEMIDCAP 250,05 May 2022,9465.3,9511.1,9361.8,9382.35,NIFTY LARGEMIDCAP 250
NIFTY LARGEMIDCAP 250,04 May 2022,9618.85,9635.95,9346.05,9377.8,NIFTY LARGEMIDCAP 250
NIFTY LARGEMIDCAP 250,02 May 2022,9545.75,9599.5,9520.2,9590.45,NIFTY LARGEMIDCAP 250
NIFTY LARGEMIDCAP 250,29 Apr 2022,9756.55,9773.15,9603.5,9625.55,NIFTY LARGEMIDCAP 250
NIFTY LARGEMIDCAP 250,28 Apr 2022,9696.35,9728.0,9612.8,9702.35,NIFTY LARGEMIDCAP 250
NIFTY LARGEMIDCAP 250,27 Apr 2022,9643.55,9664.5,9557.3,9614.5,NIFTY LARGEMIDCAP 250
NIFTY LARGEMIDCAP 250,26 Apr 2022,9652.75,9714.25,9639.15,9704.15,NIFTY LARGEMIDCAP 250
NIFTY LARGEMIDCAP 250,25 Apr 2022,9628.8,9628.8,9527.2,9558.55,NIFTY LARGEMIDCAP 250
NIFTY LARGEMIDCAP 250,22 Apr 2022,9751.6,9794.9,9700.15,9713.6,NIFTY LARGEMIDCAP 250
NIFTY LARGEMIDCAP 250,21 Apr 2022,9756.25,9821.8,9745.1,9811.85,NIFTY LARGEMIDCAP 250
NIFTY LARGEMIDCAP 250,20 Apr 2022,9666.55,9734.1,9628.95,9691.8,NIFTY LARGEMIDCAP 250
NIFTY LARGEMIDCAP 250,19 Apr 2022,9800.05,9823.4,9543.05,9615.3,NIFTY LARGEMIDCAP 250
NIFTY LARGEMIDCAP 250,18 Apr 2022,9764.3,9775.65,9671.1,9739.35,NIFTY LARGEMIDCAP 250
NIFTY LARGEMIDCAP 250,13 Apr 2022,9938.7,9960.9,9863.05,9869.9,NIFTY LARGEMIDCAP 250
NIFTY LARGEMIDCAP 250,12 Apr 2022,10000.05,10000.05,9822.05,9885.95,NIFTY LARGEMIDCAP 250
NIFTY LARGEMIDCAP 250,11 Apr 2022,10009.7,10051.05,9997.35,10019.45,NIFTY LARGEMIDCAP 250
NIFTY LARGEMIDCAP 250,08 Apr 2022,9957.65,10025.5,9915.2,9999.8,NIFTY LARGEMIDCAP 250
NIFTY LARGEMIDCAP 250,07 Apr 2022,9984.85,10021.95,9893.35,9906.55,NIFTY LARGEMIDCAP 250
NIFTY LARGEMIDCAP 250,06 Apr 2022,9970.2,10022.1,9950.35,9993.25,NIFTY LARGEMIDCAP 250
NIFTY LARGEMIDCAP 250,05 Apr 2022,9990.95,10036.35,9954.9,10003.55,NIFTY LARGEMIDCAP 250
NIFTY LARGEMIDCAP 250,04 Apr 2022,9833.15,9951.9,9830.45,9946.85,NIFTY LARGEMIDCAP 250
NIFTY LARGEMIDCAP 250,01 Apr 2022,9652.55,9785.1,9646.4,9771.5,NIFTY LARGEMIDCAP 250
NIFTY LARGEMIDCAP 250,31 Mar 2022,9660.4,9686.25,9635.15,9650.2,NIFTY LARGEMIDCAP 250
NIFTY LARGEMIDCAP 250,30 Mar 2022,9627.25,9656.6,9591.0,9639.7,NIFTY LARGEMIDCAP 250
NIFTY LARGEMIDCAP 250,29 Mar 2022,9542.15,9562.9,9502.0,9552.7,NIFTY LARGEMIDCAP 250
NIFTY LARGEMIDCAP 250,28 Mar 2022,9512.25,9517.85,9398.1,9496.2,NIFTY LARGEMIDCAP 250
NIFTY LARGEMIDCAP 250,25 Mar 2022,9558.8,9561.45,9451.0,9489.4,NIFTY LARGEMIDCAP 250
NIFTY LARGEMIDCAP 250,24 Mar 2022,9449.95,9536.1,9443.7,9515.55,NIFTY LARGEMIDCAP 250
NIFTY LARGEMIDCAP 250,23 Mar 2022,9547.4,9567.95,9471.55,9495.75,NIFTY LARGEMIDCAP 250
NIFTY LARGEMIDCAP 250,22 Mar 2022,9446.55,9501.2,9355.5,9494.35,NIFTY LARGEMIDCAP 250
NIFTY LARGEMIDCAP 250,21 Mar 2022,9539.1,9544.65,9431.4,9439.4,NIFTY LARGEMIDCAP 250
NIFTY LARGEMIDCAP 250,17 Mar 2022,9470.55,9509.8,9457.95,9495.65,NIFTY LARGEMIDCAP 250
NIFTY LARGEMIDCAP 250,16 Mar 2022,9286.7,9358.8,9273.75,9354.55,NIFTY LARGEMIDCAP 250
NIFTY LARGEMIDCAP 250,15 Mar 2022,9294.6,9316.5,9126.1,9176.8,NIFTY LARGEMIDCAP 250
NIFTY LARGEMIDCAP 250,14 Mar 2022,9219.05,9280.1,9166.4,9269.55,NIFTY LARGEMIDCAP 250
NIFTY LARGEMIDCAP 250,11 Mar 2022,9147.0,9219.9,9115.4,9208.0,NIFTY LARGEMIDCAP 250
NIFTY LARGEMIDCAP 250,10 Mar 2022,9255.0,9260.7,9113.25,9171.95,NIFTY LARGEMIDCAP 250
NIFTY LARGEMIDCAP 250,09 Mar 2022,8935.65,9085.85,8896.8,9052.5,NIFTY LARGEMIDCAP 250
NIFTY LARGEMIDCAP 250,08 Mar 2022,8758.45,8885.35,8699.3,8875.1,NIFTY LARGEMIDCAP 250
NIFTY LARGEMIDCAP 250,07 Mar 2022,8807.25,8829.0,8697.55,8783.5,NIFTY LARGEMIDCAP 250
NIFTY LARGEMIDCAP 250,04 Mar 2022,9095.3,9108.05,8964.9,8990.4,NIFTY LARGEMIDCAP 250
NIFTY LARGEMIDCAP 250,03 Mar 2022,9290.95,9311.0,9134.8,9160.05,NIFTY LARGEMIDCAP 250
NIFTY LARGEMIDCAP 250,02 Mar 2022,9170.45,9242.05,9139.6,9198.15,NIFTY LARGEMIDCAP 250
NIFTY LARGEMIDCAP 250,28 Feb 2022,9086.85,9261.75,9009.35,9253.5,NIFTY LARGEMIDCAP 250
NIFTY LARGEMIDCAP 250,25 Feb 2022,9045.85,9205.5,9042.75,9175.3,NIFTY LARGEMIDCAP 250
NIFTY LARGEMIDCAP 250,24 Feb 2022,9077.9,9155.7,8871.4,8884.3,NIFTY LARGEMIDCAP 250
NIFTY LARGEMIDCAP 250,23 Feb 2022,9410.1,9449.4,9351.65,9365.75,NIFTY LARGEMIDCAP 250
NIFTY LARGEMIDCAP 250,22 Feb 2022,9199.0,9371.5,9198.0,9349.35,NIFTY LARGEMIDCAP 250
NIFTY LARGEMIDCAP 250,21 Feb 2022,9454.35,9508.4,9356.0,9421.3,NIFTY LARGEMIDCAP 250
NIFTY LARGEMIDCAP 250,18 Feb 2022,9509.8,9576.9,9490.95,9500.6,NIFTY LARGEMIDCAP 250
NIFTY LARGEMIDCAP 250,17 Feb 2022,9613.35,9637.25,9527.6,9554.95,NIFTY LARGEMIDCAP 250
NIFTY LARGEMIDCAP 250,16 Feb 2022,9639.4,9664.3,9546.65,9569.55,NIFTY LARGEMIDCAP 250
NIFTY LARGEMIDCAP 250,15 Feb 2022,9370.95,9596.0,9274.25,9585.55,NIFTY LARGEMIDCAP 250
NIFTY LARGEMIDCAP 250,14 Feb 2022,9464.8,9492.7,9307.15,9328.7,NIFTY LARGEMIDCAP 250
NIFTY LARGEMIDCAP 250,11 Feb 2022,9746.65,9747.4,9643.45,9663.05,NIFTY LARGEMIDCAP 250
NIFTY LARGEMIDCAP 250,10 Feb 2022,9815.4,9838.2,9741.85,9823.65,NIFTY LARGEMIDCAP 250
NIFTY LARGEMIDCAP 250,09 Feb 2022,9718.45,9782.3,9709.45,9775.1,NIFTY LARGEMIDCAP 250
NIFTY LARGEMIDCAP 250,08 Feb 2022,9731.8,9751.55,9563.6,9666.45,NIFTY LARGEMIDCAP 250
NIFTY LARGEMIDCAP 250,07 Feb 2022,9814.95,9852.05,9647.95,9695.65,NIFTY LARGEMIDCAP 250
NIFTY LARGEMIDCAP 250,04 Feb 2022,9874.25,9895.25,9795.95,9816.15,NIFTY LARGEMIDCAP 250
NIFTY LARGEMIDCAP 250,03 Feb 2022,9965.6,9967.85,9843.1,9864.7,NIFTY LARGEMIDCAP 250
NIFTY LARGEMIDCAP 250,02 Feb 2022,9917.45,9978.45,9911.0,9970.05,NIFTY LARGEMIDCAP 250
NIFTY LARGEMIDCAP 250,01 Feb 2022,9835.3,9869.55,9695.7,9858.2,NIFTY LARGEMIDCAP 250
NIFTY LARGEMIDCAP 250,31 Jan 2022,9711.15,9768.05,9688.95,9738.95,NIFTY LARGEMIDCAP 250
NIFTY LARGEMIDCAP 250,28 Jan 2022,9597.9,9747.6,9586.3,9601.3,NIFTY LARGEMIDCAP 250
NIFTY LARGEMIDCAP 250,27 Jan 2022,9551.4,9561.7,9413.7,9535.1,NIFTY LARGEMIDCAP 250
NIFTY LARGEMIDCAP 250,25 Jan 2022,9472.75,9651.35,9349.0,9640.7,NIFTY LARGEMIDCAP 250
NIFTY LARGEMIDCAP 250,24 Jan 2022,9872.2,9874.85,9470.8,9562.05,NIFTY LARGEMIDCAP 250
NIFTY LARGEMIDCAP 250,21 Jan 2022,9973.35,9995.65,9813.3,9883.55,NIFTY LARGEMIDCAP 250
NIFTY LARGEMIDCAP 250,20 Jan 2022,10087.55,10107.1,9988.6,10035.75,NIFTY LARGEMIDCAP 250
NIFTY LARGEMIDCAP 250,19 Jan 2022,10142.1,10142.1,10029.95,10092.3,NIFTY LARGEMIDCAP 250
NIFTY LARGEMIDCAP 250,18 Jan 2022,10328.9,10338.6,10120.6,10142.2,NIFTY LARGEMIDCAP 250
NIFTY LARGEMIDCAP 250,17 Jan 2022,10272.75,10308.55,10260.1,10296.65,NIFTY LARGEMIDCAP 250
NIFTY LARGEMIDCAP 250,14 Jan 2022,10233.4,10280.45,10200.45,10264.9,NIFTY LARGEMIDCAP 250
NIFTY LARGEMIDCAP 250,13 Jan 2022,10253.5,10272.1,10196.9,10265.6,NIFTY LARGEMIDCAP 250
NIFTY LARGEMIDCAP 250,12 Jan 2022,10181.45,10232.6,10163.0,10225.6,NIFTY LARGEMIDCAP 250
NIFTY LARGEMIDCAP 250,11 Jan 2022,10100.9,10146.45,10081.9,10122.5,NIFTY LARGEMIDCAP 250
NIFTY LARGEMIDCAP 250,10 Jan 2022,10065.8,10107.35,10050.65,10101.65,NIFTY LARGEMIDCAP 250
NIFTY LARGEMIDCAP 250,07 Jan 2022,10007.7,10058.05,9959.55,10019.6,NIFTY LARGEMIDCAP 250
NIFTY LARGEMIDCAP 250,06 Jan 2022,9955.3,9990.8,9906.1,9982.15,NIFTY LARGEMIDCAP 250
NIFTY LARGEMIDCAP 250,05 Jan 2022,10004.4,10038.5,9958.3,10029.8,NIFTY LARGEMIDCAP 250
NIFTY LARGEMIDCAP 250,04 Jan 2022,9976.6,10005.3,9915.3,9996.2,NIFTY LARGEMIDCAP 250
NIFTY LARGEMIDCAP 250,03 Jan 2022,9833.65,9948.0,9832.75,9940.4,NIFTY LARGEMIDCAP 250
