Index Name,Date,Open,High,Low,Close,index_name
NIFTY 50,31 Dec 2018,10913.2,10923.55,10853.2,10862.55,NIFTY 50
NIFTY 50,28 Dec 2018,10820.95,10893.6,10817.15,10859.9,NIFTY 50
NIFTY 50,27 Dec 2018,10817.9,10834.2,10764.45,10779.8,NIFTY 50
NIFTY 50,26 Dec 2018,10635.45,10747.5,10534.55,10729.85,NIFTY 50
NIFTY 50,24 Dec 2018,10780.9,10782.3,10649.25,10663.5,NIFTY 50
NIFTY 50,21 Dec 2018,10944.25,10963.65,10738.65,10754.0,NIFTY 50
NIFTY 50,20 Dec 2018,10885.2,10962.55,10880.05,10951.7,NIFTY 50
NIFTY 50,19 Dec 2018,10930.55,10985.15,10928.0,10967.3,NIFTY 50
NIFTY 50,18 Dec 2018,10850.9,10915.4,10819.1,10908.7,NIFTY 50
NIFTY 50,17 Dec 2018,10853.2,10900.35,10844.85,10888.35,NIFTY 50
NIFTY 50,14 Dec 2018,10784.5,10815.75,10752.1,10805.45,NIFTY 50
NIFTY 50,13 Dec 2018,10810.75,10838.6,10749.5,10791.55,NIFTY 50
NIFTY 50,12 Dec 2018,10591.0,10752.2,10560.8,10737.6,NIFTY 50
NIFTY 50,11 Dec 2018,10350.05,10567.15,10333.85,10549.15,NIFTY 50
NIFTY 50,10 Dec 2018,10508.7,10558.85,10474.95,10488.45,NIFTY 50
NIFTY 50,07 Dec 2018,10644.8,10704.55,10599.35,10693.7,NIFTY 50
NIFTY 50,06 Dec 2018,10718.15,10722.65,10588.25,10601.15,NIFTY 50
NIFTY 50,05 Dec 2018,10820.45,10821.05,10747.95,10782.9,NIFTY 50
NIFTY 50,04 Dec 2018,10877.1,10890.95,10833.35,10869.5,NIFTY 50
NIFTY 50,03 Dec 2018,10930.7,10941.2,10845.35,10883.75,NIFTY 50
NIFTY 50,30 Nov 2018,10892.1,10922.45,10835.1,10876.75,NIFTY 50
NIFTY 50,29 Nov 2018,10808.7,10883.05,10782.35,10858.7,NIFTY 50
NIFTY 50,28 Nov 2018,10708.75,10757.8,10699.85,10728.85,NIFTY 50
NIFTY 50,27 Nov 2018,10621.45,10695.15,10596.35,10685.6,NIFTY 50
NIFTY 50,26 Nov 2018,10568.3,10637.8,10489.75,10628.6,NIFTY 50
NIFTY 50,22 Nov 2018,10612.65,10646.25,10512.0,10526.75,NIFTY 50
NIFTY 50,21 Nov 2018,10670.95,10671.3,10562.35,10600.05,NIFTY 50
NIFTY 50,20 Nov 2018,10740.1,10740.85,10640.85,10656.2,NIFTY 50
NIFTY 50,19 Nov 2018,10731.25,10774.7,10688.8,10763.4,NIFTY 50
NIFTY 50,16 Nov 2018,10644.0,10695.15,10631.15,10682.2,NIFTY 50
NIFTY 50,15 Nov 2018,10580.6,10646.5,10557.5,10616.7,NIFTY 50
NIFTY 50,14 Nov 2018,10634.9,10651.6,10532.7,10576.3,NIFTY 50
NIFTY 50,13 Nov 2018,10451.9,10596.25,10440.55,10582.5,NIFTY 50
NIFTY 50,12 Nov 2018,10607.8,10645.5,10464.05,10482.2,NIFTY 50
NIFTY 50,09 Nov 2018,10614.7,10619.55,10544.85,10585.2,NIFTY 50
NIFTY 50,07 Nov 2018,10614.45,10616.45,10582.3,10598.4,NIFTY 50
NIFTY 50,06 Nov 2018,10552.0,10600.25,10491.45,10530.0,NIFTY 50
NIFTY 50,05 Nov 2018,10558.75,10558.8,10477.0,10524.0,NIFTY 50
NIFTY 50,02 Nov 2018,10462.3,10606.95,10457.7,10553.0,NIFTY 50
NIFTY 50,01 Nov 2018,10441.7,10441.9,10341.9,10380.45,NIFTY 50
NIFTY 50,31 Oct 2018,10209.55,10396.0,10105.1,10386.6,NIFTY 50
NIFTY 50,30 Oct 2018,10239.4,10285.1,10175.35,10198.4,NIFTY 50
NIFTY 50,29 Oct 2018,10078.1,10275.3,10020.35,10250.85,NIFTY 50
NIFTY 50,26 Oct 2018,10122.35,10128.85,10004.55,10030.0,NIFTY 50
NIFTY 50,25 Oct 2018,10135.05,10166.6,10079.3,10124.9,NIFTY 50
NIFTY 50,24 Oct 2018,10278.15,10290.65,10126.7,10224.75,NIFTY 50
NIFTY 50,23 Oct 2018,10152.6,10222.1,10102.35,10146.8,NIFTY 50
NIFTY 50,22 Oct 2018,10405.85,10408.55,10224.0,10245.25,NIFTY 50
NIFTY 50,19 Oct 2018,10339.7,10380.1,10249.6,10303.55,NIFTY 50
NIFTY 50,17 Oct 2018,10688.7,10710.15,10436.45,10453.05,NIFTY 50
NIFTY 50,16 Oct 2018,10550.15,10604.9,10525.3,10584.75,NIFTY 50
NIFTY 50,15 Oct 2018,10524.2,10526.3,10410.15,10512.5,NIFTY 50
NIFTY 50,12 Oct 2018,10331.55,10492.45,10322.15,10472.5,NIFTY 50
NIFTY 50,11 Oct 2018,10169.8,10335.95,10138.6,10234.65,NIFTY 50
NIFTY 50,10 Oct 2018,10331.85,10482.35,10318.25,10460.1,NIFTY 50
NIFTY 50,09 Oct 2018,10390.3,10397.6,10279.35,10301.05,NIFTY 50
NIFTY 50,08 Oct 2018,10310.15,10398.35,10198.4,10348.05,NIFTY 50
NIFTY 50,05 Oct 2018,10514.1,10540.65,10261.9,10316.45,NIFTY 50
NIFTY 50,04 Oct 2018,10754.7,10754.7,10547.25,10599.25,NIFTY 50
NIFTY 50,03 Oct 2018,10982.7,10989.05,10843.75,10858.25,NIFTY 50
NIFTY 50,01 Oct 2018,10930.9,11035.65,10821.55,11008.3,NIFTY 50
NIFTY 50,28 Sep 2018,11008.1,11034.1,10850.3,10930.45,NIFTY 50
NIFTY 50,27 Sep 2018,11079.8,11089.45,10953.35,10977.55,NIFTY 50
NIFTY 50,26 Sep 2018,11145.55,11145.55,10993.05,11053.8,NIFTY 50
NIFTY 50,25 Sep 2018,10969.95,11080.6,10882.85,11067.45,NIFTY 50
NIFTY 50,24 Sep 2018,11164.4,11170.15,10943.6,10967.4,NIFTY 50
NIFTY 50,21 Sep 2018,11271.3,11346.8,10866.45,11143.1,NIFTY 50
NIFTY 50,19 Sep 2018,11326.65,11332.05,11210.9,11234.35,NIFTY 50
NIFTY 50,18 Sep 2018,11381.55,11411.45,11268.95,11278.9,NIFTY 50
NIFTY 50,17 Sep 2018,11464.95,11464.95,11366.9,11377.75,NIFTY 50
NIFTY 50,14 Sep 2018,11443.5,11523.25,11430.55,11515.2,NIFTY 50
NIFTY 50,12 Sep 2018,11340.1,11380.75,11250.2,11369.9,NIFTY 50
NIFTY 50,11 Sep 2018,11476.85,11479.4,11274.0,11287.5,NIFTY 50
NIFTY 50,10 Sep 2018,11570.25,11573.0,11427.3,11438.1,NIFTY 50
NIFTY 50,07 Sep 2018,11558.25,11603.0,11484.4,11589.1,NIFTY 50
NIFTY 50,06 Sep 2018,11514.15,11562.25,11436.05,11536.9,NIFTY 50
NIFTY 50,05 Sep 2018,11514.85,11542.65,11393.85,11476.95,NIFTY 50
NIFTY 50,04 Sep 2018,11598.75,11602.55,11496.85,11520.3,NIFTY 50
NIFTY 50,03 Sep 2018,11751.8,11751.8,11567.4,11582.35,NIFTY 50
NIFTY 50,31 Aug 2018,11675.85,11727.65,11640.1,11680.5,NIFTY 50
NIFTY 50,30 Aug 2018,11694.75,11698.8,11639.7,11676.8,NIFTY 50
NIFTY 50,29 Aug 2018,11744.95,11753.2,11678.85,11691.9,NIFTY 50
NIFTY 50,28 Aug 2018,11731.95,11760.2,11710.5,11738.5,NIFTY 50
NIFTY 50,27 Aug 2018,11605.85,11700.95,11595.6,11691.95,NIFTY 50
NIFTY 50,24 Aug 2018,11566.6,11604.6,11532.0,11557.1,NIFTY 50
NIFTY 50,23 Aug 2018,11620.7,11620.7,11546.7,11582.75,NIFTY 50
NIFTY 50,21 Aug 2018,11576.2,11581.75,11539.6,11570.9,NIFTY 50
NIFTY 50,20 Aug 2018,11502.1,11565.3,11499.65,11551.75,NIFTY 50
NIFTY 50,17 Aug 2018,11437.15,11486.45,11431.8,11470.75,NIFTY 50
NIFTY 50,16 Aug 2018,11397.15,11449.85,11366.25,11385.05,NIFTY 50
NIFTY 50,14 Aug 2018,11381.7,11452.45,11370.8,11435.1,NIFTY 50
NIFTY 50,13 Aug 2018,11369.6,11406.3,11340.3,11355.75,NIFTY 50
NIFTY 50,10 Aug 2018,11474.95,11478.75,11419.65,11429.5,NIFTY 50
NIFTY 50,09 Aug 2018,11493.25,11495.2,11454.1,11470.7,NIFTY 50
NIFTY 50,08 Aug 2018,11412.5,11459.95,11379.3,11450.0,NIFTY 50
NIFTY 50,07 Aug 2018,11423.15,11428.95,11359.7,11389.45,NIFTY 50
NIFTY 50,06 Aug 2018,11401.5,11427.65,11370.6,11387.1,NIFTY 50
NIFTY 50,03 Aug 2018,11297.8,11368.0,11294.55,11360.8,NIFTY 50
NIFTY 50,02 Aug 2018,11328.9,11328.9,11234.95,11244.7,NIFTY 50
NIFTY 50,01 Aug 2018,11359.8,11390.55,11313.55,11346.2,NIFTY 50
NIFTY 50,31 Jul 2018,11311.05,11366.0,11267.75,11356.5,NIFTY 50
NIFTY 50,30 Jul 2018,11296.65,11328.1,11261.45,11319.55,NIFTY 50
NIFTY 50,27 Jul 2018,11232.75,11283.4,11210.25,11278.35,NIFTY 50
NIFTY 50,26 Jul 2018,11132.95,11185.85,11125.7,11167.3,NIFTY 50
NIFTY 50,25 Jul 2018,11148.4,11157.15,11113.25,11132.0,NIFTY 50
NIFTY 50,24 Jul 2018,11109.0,11143.4,11092.5,11134.3,NIFTY 50
NIFTY 50,23 Jul 2018,11019.85,11093.4,11010.95,11084.75,NIFTY 50
NIFTY 50,20 Jul 2018,10963.5,11030.25,10946.2,11010.2,NIFTY 50
NIFTY 50,19 Jul 2018,10999.5,11006.5,10935.45,10957.1,NIFTY 50
NIFTY 50,18 Jul 2018,11060.2,11076.2,10956.3,10980.45,NIFTY 50
NIFTY 50,17 Jul 2018,10939.65,11018.5,10925.6,11008.05,NIFTY 50
NIFTY 50,16 Jul 2018,11018.95,11019.5,10926.25,10936.85,NIFTY 50
NIFTY 50,13 Jul 2018,11056.9,11071.35,10999.75,11018.9,NIFTY 50
NIFTY 50,12 Jul 2018,11006.95,11078.3,10999.65,11023.2,NIFTY 50
NIFTY 50,11 Jul 2018,10956.4,10976.65,10923.0,10948.3,NIFTY 50
NIFTY 50,10 Jul 2018,10902.75,10956.9,10876.65,10947.25,NIFTY 50
NIFTY 50,09 Jul 2018,10838.3,10860.35,10807.15,10852.9,NIFTY 50
NIFTY 50,06 Jul 2018,10744.15,10816.35,10735.05,10772.65,NIFTY 50
NIFTY 50,05 Jul 2018,10786.05,10786.05,10726.25,10749.75,NIFTY 50
NIFTY 50,04 Jul 2018,10715.0,10777.15,10677.75,10769.9,NIFTY 50
NIFTY 50,03 Jul 2018,10668.6,10713.3,10630.25,10699.9,NIFTY 50
NIFTY 50,02 Jul 2018,10732.35,10736.15,10604.65,10657.3,NIFTY 50
NIFTY 50,29 Jun 2018,10612.85,10723.05,10612.35,10714.3,NIFTY 50
NIFTY 50,28 Jun 2018,10660.8,10674.2,10557.7,10589.1,NIFTY 50
NIFTY 50,27 Jun 2018,10785.5,10785.5,10652.4,10671.4,NIFTY 50
NIFTY 50,26 Jun 2018,10742.7,10805.25,10732.55,10769.15,NIFTY 50
NIFTY 50,25 Jun 2018,10822.9,10831.05,10753.05,10762.45,NIFTY 50
NIFTY 50,22 Jun 2018,10742.7,10837.0,10710.45,10821.85,NIFTY 50
NIFTY 50,21 Jun 2018,10808.45,10809.6,10725.9,10741.1,NIFTY 50
NIFTY 50,20 Jun 2018,10734.65,10781.8,10724.05,10772.05,NIFTY 50
NIFTY 50,19 Jun 2018,10789.45,10789.45,10701.2,10710.45,NIFTY 50
NIFTY 50,18 Jun 2018,10830.2,10830.2,10787.35,10799.85,NIFTY 50
NIFTY 50,15 Jun 2018,10808.65,10834.0,10755.4,10817.7,NIFTY 50
NIFTY 50,14 Jun 2018,10832.9,10833.7,10773.55,10808.05,NIFTY 50
NIFTY 50,13 Jun 2018,10887.5,10893.25,10842.65,10856.7,NIFTY 50
NIFTY 50,12 Jun 2018,10816.15,10856.55,10789.4,10842.85,NIFTY 50
NIFTY 50,11 Jun 2018,10781.85,10850.55,10777.05,10786.95,NIFTY 50
NIFTY 50,08 Jun 2018,10736.4,10779.45,10709.05,10767.65,NIFTY 50
NIFTY 50,07 Jun 2018,10722.6,10818.0,10722.6,10768.35,NIFTY 50
NIFTY 50,06 Jun 2018,10603.45,10698.35,10587.5,10684.65,NIFTY 50
NIFTY 50,05 Jun 2018,10630.7,10633.15,10550.9,10593.15,NIFTY 50
NIFTY 50,04 Jun 2018,10765.95,10770.3,10618.35,10628.5,NIFTY 50
NIFTY 50,01 Jun 2018,10738.45,10764.75,10681.5,10696.2,NIFTY 50
NIFTY 50,31 May 2018,10670.1,10763.8,10620.4,10736.15,NIFTY 50
NIFTY 50,30 May 2018,10579.0,10648.7,10558.45,10614.35,NIFTY 50
NIFTY 50,29 May 2018,10689.4,10717.25,10616.1,10633.3,NIFTY 50
NIFTY 50,28 May 2018,10648.35,10709.8,10640.55,10688.65,NIFTY 50
NIFTY 50,25 May 2018,10533.05,10628.05,10524.0,10605.15,NIFTY 50
NIFTY 50,24 May 2018,10464.85,10535.15,10419.8,10513.85,NIFTY 50
NIFTY 50,23 May 2018,10521.1,10533.55,10417.8,10430.35,NIFTY 50
NIFTY 50,22 May 2018,10518.45,10558.6,10490.55,10536.7,NIFTY 50
NIFTY 50,21 May 2018,10616.7,10621.7,10505.8,10516.7,NIFTY 50
NIFTY 50,18 May 2018,10671.85,10674.95,10589.1,10596.4,NIFTY 50
NIFTY 50,17 May 2018,10775.6,10777.25,10664.5,10682.7,NIFTY 50
NIFTY 50,16 May 2018,10751.95,10790.45,10699.7,10741.1,NIFTY 50
NIFTY 50,15 May 2018,10812.6,10929.2,10781.4,10801.85,NIFTY 50
NIFTY 50,14 May 2018,10815.15,10834.85,10774.75,10806.6,NIFTY 50
NIFTY 50,11 May 2018,10741.95,10812.05,10724.45,10806.5,NIFTY 50
NIFTY 50,10 May 2018,10779.65,10785.55,10705.0,10716.55,NIFTY 50
NIFTY 50,09 May 2018,10693.35,10766.25,10689.85,10741.7,NIFTY 50
NIFTY 50,08 May 2018,10757.9,10758.55,10689.4,10717.8,NIFTY 50
NIFTY 50,07 May 2018,10653.15,10725.65,10635.65,10715.5,NIFTY 50
NIFTY 50,04 May 2018,10700.45,10700.45,10601.6,10618.25,NIFTY 50
NIFTY 50,03 May 2018,10720.15,10720.6,10647.45,10679.65,NIFTY 50
NIFTY 50,02 May 2018,10783.85,10784.65,10689.8,10718.05,NIFTY 50
NIFTY 50,30 Apr 2018,10705.75,10759.0,10704.6,10739.35,NIFTY 50
NIFTY 50,27 Apr 2018,10651.65,10719.8,10647.55,10692.3,NIFTY 50
NIFTY 50,26 Apr 2018,10586.5,10628.4,10559.65,10617.8,NIFTY 50
NIFTY 50,25 Apr 2018,10612.4,10612.6,10536.45,10570.55,NIFTY 50
NIFTY 50,24 Apr 2018,10578.1,10636.8,10569.0,10614.35,NIFTY 50
NIFTY 50,23 Apr 2018,10592.8,10638.35,10514.95,10584.7,NIFTY 50
NIFTY 50,20 Apr 2018,10560.35,10582.35,10527.45,10564.05,NIFTY 50
NIFTY 50,19 Apr 2018,10563.65,10572.2,10546.2,10565.3,NIFTY 50
NIFTY 50,18 Apr 2018,10578.9,10594.2,10509.7,10526.2,NIFTY 50
NIFTY 50,17 Apr 2018,10557.3,10560.45,10495.65,10548.7,NIFTY 50
NIFTY 50,16 Apr 2018,10398.3,10540.15,10396.35,10528.35,NIFTY 50
NIFTY 50,13 Apr 2018,10495.3,10519.9,10451.45,10480.6,NIFTY 50
NIFTY 50,12 Apr 2018,10410.65,10469.9,10395.25,10458.65,NIFTY 50
NIFTY 50,11 Apr 2018,10428.15,10428.15,10355.6,10417.15,NIFTY 50
NIFTY 50,10 Apr 2018,10412.9,10424.85,10381.5,10402.25,NIFTY 50
NIFTY 50,09 Apr 2018,10333.7,10397.7,10328.5,10379.35,NIFTY 50
NIFTY 50,06 Apr 2018,10322.75,10350.45,10290.85,10331.6,NIFTY 50
NIFTY 50,05 Apr 2018,10228.45,10331.8,10227.45,10325.15,NIFTY 50
NIFTY 50,04 Apr 2018,10274.6,10279.85,10111.3,10128.4,NIFTY 50
NIFTY 50,03 Apr 2018,10186.85,10255.35,10171.05,10245.0,NIFTY 50
NIFTY 50,02 Apr 2018,10151.65,10220.1,10127.75,10211.8,NIFTY 50
NIFTY 50,28 Mar 2018,10143.6,10158.35,10096.9,10113.7,NIFTY 50
NIFTY 50,27 Mar 2018,10188.0,10207.9,10139.65,10184.15,NIFTY 50
NIFTY 50,26 Mar 2018,9989.15,10143.5,9958.55,10130.65,NIFTY 50
NIFTY 50,23 Mar 2018,9968.8,10027.7,9951.9,9998.05,NIFTY 50
NIFTY 50,22 Mar 2018,10167.5,10207.85,10105.4,10114.75,NIFTY 50
NIFTY 50,21 Mar 2018,10181.95,10227.3,10132.95,10155.25,NIFTY 50
NIFTY 50,20 Mar 2018,10051.55,10155.65,10049.1,10124.35,NIFTY 50
NIFTY 50,19 Mar 2018,10215.35,10224.55,10075.3,10094.25,NIFTY 50
NIFTY 50,16 Mar 2018,10345.15,10346.3,10180.25,10195.15,NIFTY 50
NIFTY 50,15 Mar 2018,10405.45,10420.0,10346.2,10360.15,NIFTY 50
NIFTY 50,14 Mar 2018,10393.05,10420.35,10336.3,10410.9,NIFTY 50
NIFTY 50,13 Mar 2018,10389.5,10478.6,10377.85,10426.85,NIFTY 50
NIFTY 50,12 Mar 2018,10301.6,10433.65,10295.45,10421.4,NIFTY 50
NIFTY 50,09 Mar 2018,10271.3,10296.7,10211.9,10226.85,NIFTY 50
NIFTY 50,08 Mar 2018,10216.25,10270.35,10146.4,10242.65,NIFTY 50
NIFTY 50,07 Mar 2018,10232.95,10243.35,10141.55,10154.2,NIFTY 50
NIFTY 50,06 Mar 2018,10420.5,10441.35,10215.9,10249.25,NIFTY 50
NIFTY 50,05 Mar 2018,10428.3,10428.7,10323.9,10358.85,NIFTY 50
NIFTY 50,01 Mar 2018,10479.95,10525.5,10447.15,10458.35,NIFTY 50
NIFTY 50,28 Feb 2018,10488.95,10535.5,10461.55,10492.85,NIFTY 50
NIFTY 50,27 Feb 2018,10615.2,10631.65,10537.25,10554.3,NIFTY 50
NIFTY 50,26 Feb 2018,10526.55,10592.95,10520.2,10582.6,NIFTY 50
NIFTY 50,23 Feb 2018,10408.1,10499.1,10396.65,10491.05,NIFTY 50
NIFTY 50,22 Feb 2018,10354.35,10397.55,10340.65,10382.7,NIFTY 50
NIFTY 50,21 Feb 2018,10426.0,10426.1,10349.6,10397.45,NIFTY 50
NIFTY 50,20 Feb 2018,10391.0,10429.35,10347.65,10360.4,NIFTY 50
NIFTY 50,19 Feb 2018,10488.9,10489.35,10302.75,10378.4,NIFTY 50
NIFTY 50,16 Feb 2018,10596.2,10612.9,10434.05,10452.3,NIFTY 50
NIFTY 50,15 Feb 2018,10537.9,10618.1,10511.05,10545.5,NIFTY 50
NIFTY 50,14 Feb 2018,10585.75,10590.55,10456.65,10500.9,NIFTY 50
NIFTY 50,12 Feb 2018,10518.2,10555.5,10485.4,10539.75,NIFTY 50
NIFTY 50,09 Feb 2018,10416.5,10480.2,10398.2,10454.95,NIFTY 50
NIFTY 50,08 Feb 2018,10518.5,10637.8,10479.55,10576.85,NIFTY 50
NIFTY 50,07 Feb 2018,10607.2,10614.0,10446.4,10476.7,NIFTY 50
NIFTY 50,06 Feb 2018,10295.15,10594.15,10276.3,10498.25,NIFTY 50
NIFTY 50,05 Feb 2018,10604.3,10702.75,10586.8,10666.55,NIFTY 50
NIFTY 50,02 Feb 2018,10938.2,10954.95,10736.1,10760.6,NIFTY 50
NIFTY 50,01 Feb 2018,11044.55,11117.35,10878.8,11016.9,NIFTY 50
NIFTY 50,31 Jan 2018,11018.8,11058.5,10979.3,11027.7,NIFTY 50
NIFTY 50,30 Jan 2018,11120.85,11121.1,11033.9,11049.65,NIFTY 50
NIFTY 50,29 Jan 2018,11079.35,11171.55,11075.95,11130.4,NIFTY 50
NIFTY 50,25 Jan 2018,11095.6,11095.6,11009.2,11069.65,NIFTY 50
NIFTY 50,24 Jan 2018,11069.35,11110.1,11046.15,11086.0,NIFTY 50
NIFTY 50,23 Jan 2018,10997.4,11092.9,10994.55,11083.7,NIFTY 50
NIFTY 50,22 Jan 2018,10883.2,10975.1,10881.4,10966.2,NIFTY 50
NIFTY 50,19 Jan 2018,10829.2,10906.85,10793.9,10894.7,NIFTY 50
NIFTY 50,18 Jan 2018,10873.4,10887.5,10782.4,10817.0,NIFTY 50
NIFTY 50,17 Jan 2018,10702.45,10803.0,10666.75,10788.55,NIFTY 50
NIFTY 50,16 Jan 2018,10761.5,10762.35,10687.85,10700.45,NIFTY 50
NIFTY 50,15 Jan 2018,10718.5,10782.65,10713.8,10741.55,NIFTY 50
NIFTY 50,12 Jan 2018,10682.55,10690.4,10597.1,10681.25,NIFTY 50
NIFTY 50,11 Jan 2018,10637.05,10664.6,10612.35,10651.2,NIFTY 50
NIFTY 50,10 Jan 2018,10652.05,10655.5,10592.7,10632.2,NIFTY 50
NIFTY 50,09 Jan 2018,10645.1,10659.15,10603.6,10637.0,NIFTY 50
NIFTY 50,08 Jan 2018,10591.7,10631.2,10588.55,10623.6,NIFTY 50
NIFTY 50,05 Jan 2018,10534.25,10566.1,10520.1,10558.85,NIFTY 50
NIFTY 50,04 Jan 2018,10469.4,10513.0,10441.45,10504.8,NIFTY 50
NIFTY 50,03 Jan 2018,10482.65,10503.6,10429.55,10443.2,NIFTY 50
NIFTY 50,02 Jan 2018,10477.55,10495.2,10404.65,10442.2,NIFTY 50
NIFTY 50,01 Jan 2018,10531.7,10537.85,10423.1,10435.55,NIFTY 50
NIFTY NEXT 50,31 Dec 2018,28161.3,28261.0,28110.5,28178.8,NIFTY NEXT 50
NIFTY NEXT 50,28 Dec 2018,27863.4,28123.65,27860.9,28063.2,NIFTY NEXT 50
NIFTY NEXT 50,27 Dec 2018,27885.75,27959.85,27739.9,27780.95,NIFTY NEXT 50
NIFTY NEXT 50,26 Dec 2018,27531.95,27799.15,27137.9,27725.65,NIFTY NEXT 50
NIFTY NEXT 50,24 Dec 2018,28001.05,28098.5,27590.7,27620.6,NIFTY NEXT 50
NIFTY NEXT 50,21 Dec 2018,28479.15,28559.65,27955.0,28017.35,NIFTY NEXT 50
NIFTY NEXT 50,20 Dec 2018,28438.65,28639.3,28320.75,28405.5,NIFTY NEXT 50
NIFTY NEXT 50,19 Dec 2018,28314.75,28636.55,28301.5,28564.25,NIFTY NEXT 50
NIFTY NEXT 50,18 Dec 2018,27978.2,28244.05,27896.65,28169.8,NIFTY NEXT 50
NIFTY NEXT 50,17 Dec 2018,27900.45,28052.85,27837.7,28034.35,NIFTY NEXT 50
NIFTY NEXT 50,14 Dec 2018,27747.05,27940.25,27667.75,27814.05,NIFTY NEXT 50
NIFTY NEXT 50,13 Dec 2018,27562.65,27877.15,27551.4,27720.5,NIFTY NEXT 50
NIFTY NEXT 50,12 Dec 2018,26967.1,27471.65,26950.45,27440.85,NIFTY NEXT 50
NIFTY NEXT 50,11 Dec 2018,26099.55,26929.4,26083.55,26842.65,NIFTY NEXT 50
NIFTY NEXT 50,10 Dec 2018,26473.3,26563.5,26329.8,26426.05,NIFTY NEXT 50
NIFTY NEXT 50,07 Dec 2018,26884.85,26970.15,26724.8,26915.65,NIFTY NEXT 50
NIFTY NEXT 50,06 Dec 2018,27042.45,27042.45,26766.75,26798.3,NIFTY NEXT 50
NIFTY NEXT 50,05 Dec 2018,27472.9,27490.5,27124.7,27215.25,NIFTY NEXT 50
NIFTY NEXT 50,04 Dec 2018,27679.3,27773.4,27561.9,27599.15,NIFTY NEXT 50
NIFTY NEXT 50,03 Dec 2018,27720.15,27735.05,27517.85,27681.3,NIFTY NEXT 50
NIFTY NEXT 50,30 Nov 2018,27449.2,27604.8,27391.35,27593.7,NIFTY NEXT 50
NIFTY NEXT 50,29 Nov 2018,27316.55,27442.15,27241.4,27390.55,NIFTY NEXT 50
NIFTY NEXT 50,28 Nov 2018,27265.5,27356.85,27146.3,27188.95,NIFTY NEXT 50
NIFTY NEXT 50,27 Nov 2018,27250.9,27377.15,27193.3,27259.95,NIFTY NEXT 50
NIFTY NEXT 50,26 Nov 2018,27287.7,27350.15,27010.05,27287.25,NIFTY NEXT 50
NIFTY NEXT 50,22 Nov 2018,27378.45,27418.7,27148.35,27187.45,NIFTY NEXT 50
NIFTY NEXT 50,21 Nov 2018,27226.8,27411.75,27147.45,27375.1,NIFTY NEXT 50
NIFTY NEXT 50,20 Nov 2018,27440.25,27508.45,27120.75,27163.15,NIFTY NEXT 50
NIFTY NEXT 50,19 Nov 2018,27483.7,27539.3,27338.85,27508.3,NIFTY NEXT 50
NIFTY NEXT 50,16 Nov 2018,27307.8,27435.15,27207.2,27359.35,NIFTY NEXT 50
NIFTY NEXT 50,15 Nov 2018,27154.8,27298.7,26964.85,27254.65,NIFTY NEXT 50
NIFTY NEXT 50,14 Nov 2018,27199.95,27289.7,27019.15,27149.3,NIFTY NEXT 50
NIFTY NEXT 50,13 Nov 2018,27017.8,27153.7,26736.6,27121.8,NIFTY NEXT 50
NIFTY NEXT 50,12 Nov 2018,27443.05,27519.5,26996.75,27051.55,NIFTY NEXT 50
NIFTY NEXT 50,09 Nov 2018,27298.35,27410.9,27192.65,27367.45,NIFTY NEXT 50
NIFTY NEXT 50,07 Nov 2018,27247.2,27284.45,27205.35,27248.2,NIFTY NEXT 50
NIFTY NEXT 50,06 Nov 2018,27299.35,27369.25,26925.05,27064.3,NIFTY NEXT 50
NIFTY NEXT 50,05 Nov 2018,27120.55,27306.55,26987.75,27219.65,NIFTY NEXT 50
NIFTY NEXT 50,02 Nov 2018,26938.5,27370.0,26930.8,27134.9,NIFTY NEXT 50
NIFTY NEXT 50,01 Nov 2018,26697.5,26873.35,26596.15,26728.8,NIFTY NEXT 50
NIFTY NEXT 50,31 Oct 2018,26208.75,26610.7,25899.1,26566.35,NIFTY NEXT 50
NIFTY NEXT 50,30 Oct 2018,25992.25,26184.8,25932.5,26104.65,NIFTY NEXT 50
NIFTY NEXT 50,29 Oct 2018,25459.45,26005.45,25290.25,25967.0,NIFTY NEXT 50
NIFTY NEXT 50,26 Oct 2018,25400.1,25535.1,25040.45,25369.25,NIFTY NEXT 50
NIFTY NEXT 50,25 Oct 2018,25384.8,25587.1,25286.3,25335.8,NIFTY NEXT 50
NIFTY NEXT 50,24 Oct 2018,25796.7,25959.45,25409.35,25698.7,NIFTY NEXT 50
NIFTY NEXT 50,23 Oct 2018,25754.0,25906.9,25450.75,25605.0,NIFTY NEXT 50
NIFTY NEXT 50,22 Oct 2018,26270.35,26316.65,25882.1,25935.45,NIFTY NEXT 50
NIFTY NEXT 50,19 Oct 2018,26141.0,26333.85,25887.55,26053.9,NIFTY NEXT 50
NIFTY NEXT 50,17 Oct 2018,27097.0,27173.45,26237.55,26277.15,NIFTY NEXT 50
NIFTY NEXT 50,16 Oct 2018,26599.0,26890.15,26575.65,26861.65,NIFTY NEXT 50
NIFTY NEXT 50,15 Oct 2018,26476.9,26537.35,26169.85,26489.05,NIFTY NEXT 50
NIFTY NEXT 50,12 Oct 2018,26103.6,26471.7,26097.2,26378.4,NIFTY NEXT 50
NIFTY NEXT 50,11 Oct 2018,25570.05,26166.35,25346.45,25831.25,NIFTY NEXT 50
NIFTY NEXT 50,10 Oct 2018,25591.75,26356.7,25591.75,26324.35,NIFTY NEXT 50
NIFTY NEXT 50,09 Oct 2018,25747.2,25837.75,25102.8,25499.95,NIFTY NEXT 50
NIFTY NEXT 50,08 Oct 2018,25857.95,25996.15,25285.45,25634.25,NIFTY NEXT 50
NIFTY NEXT 50,05 Oct 2018,26396.3,26468.55,25767.95,25903.25,NIFTY NEXT 50
NIFTY NEXT 50,04 Oct 2018,26672.4,26819.2,26213.25,26539.15,NIFTY NEXT 50
NIFTY NEXT 50,03 Oct 2018,27266.9,27379.65,26881.25,26959.35,NIFTY NEXT 50
NIFTY NEXT 50,01 Oct 2018,27231.4,27376.2,26656.75,27307.9,NIFTY NEXT 50
NIFTY NEXT 50,28 Sep 2018,27783.35,27839.55,26982.8,27286.5,NIFTY NEXT 50
NIFTY NEXT 50,27 Sep 2018,28155.3,28166.35,27592.65,27636.45,NIFTY NEXT 50
NIFTY NEXT 50,26 Sep 2018,28278.05,28311.15,27880.7,28104.6,NIFTY NEXT 50
NIFTY NEXT 50,25 Sep 2018,27721.85,28135.1,27361.15,28021.05,NIFTY NEXT 50
NIFTY NEXT 50,24 Sep 2018,28742.7,28751.05,27719.5,27763.75,NIFTY NEXT 50
NIFTY NEXT 50,21 Sep 2018,29348.85,29496.5,27226.5,28632.0,NIFTY NEXT 50
NIFTY NEXT 50,19 Sep 2018,29468.35,29549.2,29072.4,29217.65,NIFTY NEXT 50
NIFTY NEXT 50,18 Sep 2018,29756.35,29867.5,29307.3,29344.15,NIFTY NEXT 50
NIFTY NEXT 50,17 Sep 2018,29901.9,29920.45,29641.25,29769.9,NIFTY NEXT 50
NIFTY NEXT 50,14 Sep 2018,29698.6,30050.55,29688.4,30022.25,NIFTY NEXT 50
NIFTY NEXT 50,12 Sep 2018,29414.9,29557.85,29094.45,29497.4,NIFTY NEXT 50
NIFTY NEXT 50,11 Sep 2018,30001.75,30062.75,29329.75,29360.75,NIFTY NEXT 50
NIFTY NEXT 50,10 Sep 2018,30403.7,30505.8,29863.95,29909.95,NIFTY NEXT 50
NIFTY NEXT 50,07 Sep 2018,30178.75,30474.3,30009.55,30442.7,NIFTY NEXT 50
NIFTY NEXT 50,06 Sep 2018,30045.45,30134.4,29824.35,30105.75,NIFTY NEXT 50
NIFTY NEXT 50,05 Sep 2018,29982.8,30064.65,29519.75,29895.1,NIFTY NEXT 50
NIFTY NEXT 50,04 Sep 2018,30989.7,31046.0,29950.8,30074.85,NIFTY NEXT 50
NIFTY NEXT 50,03 Sep 2018,31431.7,31436.75,30946.15,31022.25,NIFTY NEXT 50
NIFTY NEXT 50,31 Aug 2018,31147.7,31371.85,31063.6,31251.7,NIFTY NEXT 50
NIFTY NEXT 50,30 Aug 2018,31002.65,31175.2,30938.4,31097.35,NIFTY NEXT 50
NIFTY NEXT 50,29 Aug 2018,30819.15,31088.25,30745.5,30981.95,NIFTY NEXT 50
NIFTY NEXT 50,28 Aug 2018,30876.75,30953.5,30693.0,30768.1,NIFTY NEXT 50
NIFTY NEXT 50,27 Aug 2018,30662.35,30858.75,30650.8,30807.2,NIFTY NEXT 50
NIFTY NEXT 50,24 Aug 2018,30556.25,30642.45,30357.75,30547.15,NIFTY NEXT 50
NIFTY NEXT 50,23 Aug 2018,30502.65,30620.7,30380.6,30591.95,NIFTY NEXT 50
NIFTY NEXT 50,21 Aug 2018,30377.05,30507.95,30255.35,30417.4,NIFTY NEXT 50
NIFTY NEXT 50,20 Aug 2018,30072.65,30308.4,30062.75,30286.4,NIFTY NEXT 50
NIFTY NEXT 50,17 Aug 2018,29646.05,29959.25,29643.6,29940.7,NIFTY NEXT 50
NIFTY NEXT 50,16 Aug 2018,29619.8,29761.0,29454.25,29498.0,NIFTY NEXT 50
NIFTY NEXT 50,14 Aug 2018,29615.85,29740.4,29585.1,29710.5,NIFTY NEXT 50
NIFTY NEXT 50,13 Aug 2018,29711.35,29798.5,29526.1,29547.1,NIFTY NEXT 50
NIFTY NEXT 50,10 Aug 2018,30117.9,30128.4,29778.95,29867.75,NIFTY NEXT 50
NIFTY NEXT 50,09 Aug 2018,30040.9,30140.3,29986.0,30093.55,NIFTY NEXT 50
NIFTY NEXT 50,08 Aug 2018,29989.35,30038.95,29856.35,29981.5,NIFTY NEXT 50
NIFTY NEXT 50,07 Aug 2018,30027.65,30078.55,29784.9,29934.25,NIFTY NEXT 50
NIFTY NEXT 50,06 Aug 2018,29994.5,30056.5,29883.05,29948.55,NIFTY NEXT 50
NIFTY NEXT 50,03 Aug 2018,29807.55,30004.85,29795.1,29903.85,NIFTY NEXT 50
NIFTY NEXT 50,02 Aug 2018,29761.4,29877.2,29522.6,29702.0,NIFTY NEXT 50
NIFTY NEXT 50,01 Aug 2018,29783.35,29886.3,29617.8,29783.15,NIFTY NEXT 50
NIFTY NEXT 50,31 Jul 2018,29525.2,29716.65,29417.95,29690.55,NIFTY NEXT 50
NIFTY NEXT 50,30 Jul 2018,29367.35,29592.65,29243.7,29563.55,NIFTY NEXT 50
NIFTY NEXT 50,27 Jul 2018,29152.4,29326.9,29117.75,29258.45,NIFTY NEXT 50
NIFTY NEXT 50,26 Jul 2018,28835.8,29089.4,28827.6,29026.25,NIFTY NEXT 50
NIFTY NEXT 50,25 Jul 2018,28845.85,28948.85,28677.75,28758.3,NIFTY NEXT 50
NIFTY NEXT 50,24 Jul 2018,28149.95,28807.8,28149.35,28786.25,NIFTY NEXT 50
NIFTY NEXT 50,23 Jul 2018,27699.75,28085.2,27691.45,28065.85,NIFTY NEXT 50
NIFTY NEXT 50,20 Jul 2018,27443.5,27614.4,27340.8,27593.65,NIFTY NEXT 50
NIFTY NEXT 50,19 Jul 2018,27657.9,27715.8,27351.75,27438.95,NIFTY NEXT 50
NIFTY NEXT 50,18 Jul 2018,28023.3,28073.2,27519.9,27591.2,NIFTY NEXT 50
NIFTY NEXT 50,17 Jul 2018,27631.1,27947.75,27523.8,27904.35,NIFTY NEXT 50
NIFTY NEXT 50,16 Jul 2018,28274.2,28275.65,27552.85,27592.45,NIFTY NEXT 50
NIFTY NEXT 50,13 Jul 2018,28427.05,28491.75,28191.9,28234.85,NIFTY NEXT 50
NIFTY NEXT 50,12 Jul 2018,28562.4,28690.45,28311.8,28367.2,NIFTY NEXT 50
NIFTY NEXT 50,11 Jul 2018,28638.65,28682.45,28403.95,28424.0,NIFTY NEXT 50
NIFTY NEXT 50,10 Jul 2018,28493.0,28680.35,28478.65,28655.6,NIFTY NEXT 50
NIFTY NEXT 50,09 Jul 2018,28318.2,28389.55,28251.0,28361.45,NIFTY NEXT 50
NIFTY NEXT 50,06 Jul 2018,27961.65,28319.45,27913.3,28148.05,NIFTY NEXT 50
NIFTY NEXT 50,05 Jul 2018,28163.0,28176.0,27955.1,27999.05,NIFTY NEXT 50
NIFTY NEXT 50,04 Jul 2018,28142.8,28155.55,27958.8,28113.3,NIFTY NEXT 50
NIFTY NEXT 50,03 Jul 2018,28061.1,28212.35,27908.15,28170.5,NIFTY NEXT 50
NIFTY NEXT 50,02 Jul 2018,28355.15,28370.85,27885.5,28042.45,NIFTY NEXT 50
NIFTY NEXT 50,29 Jun 2018,27921.7,28334.25,27915.15,28291.7,NIFTY NEXT 50
NIFTY NEXT 50,28 Jun 2018,28073.45,28176.45,27726.15,27771.35,NIFTY NEXT 50
NIFTY NEXT 50,27 Jun 2018,28570.45,28576.25,28061.35,28119.0,NIFTY NEXT 50
NIFTY NEXT 50,26 Jun 2018,28406.55,28632.3,28389.75,28505.85,NIFTY NEXT 50
NIFTY NEXT 50,25 Jun 2018,28836.4,28880.5,28404.5,28447.7,NIFTY NEXT 50
NIFTY NEXT 50,22 Jun 2018,28675.5,28866.75,28450.8,28829.45,NIFTY NEXT 50
NIFTY NEXT 50,21 Jun 2018,28933.6,28961.35,28639.95,28675.85,NIFTY NEXT 50
NIFTY NEXT 50,20 Jun 2018,28933.4,28968.55,28774.15,28838.55,NIFTY NEXT 50
NIFTY NEXT 50,19 Jun 2018,29004.4,29095.4,28733.85,28847.9,NIFTY NEXT 50
NIFTY NEXT 50,18 Jun 2018,29237.5,29271.55,29008.7,29064.75,NIFTY NEXT 50
NIFTY NEXT 50,15 Jun 2018,29418.75,29485.95,29138.7,29215.65,NIFTY NEXT 50
NIFTY NEXT 50,14 Jun 2018,29501.1,29501.3,29277.2,29440.7,NIFTY NEXT 50
NIFTY NEXT 50,13 Jun 2018,29618.6,29671.7,29471.4,29491.4,NIFTY NEXT 50
NIFTY NEXT 50,12 Jun 2018,29383.3,29575.1,29353.1,29548.75,NIFTY NEXT 50
NIFTY NEXT 50,11 Jun 2018,29412.9,29497.0,29309.9,29339.15,NIFTY NEXT 50
NIFTY NEXT 50,08 Jun 2018,29120.5,29328.6,29036.85,29320.6,NIFTY NEXT 50
NIFTY NEXT 50,07 Jun 2018,28954.9,29232.45,28945.65,29204.65,NIFTY NEXT 50
NIFTY NEXT 50,06 Jun 2018,28409.0,28860.75,28382.35,28824.15,NIFTY NEXT 50
NIFTY NEXT 50,05 Jun 2018,28684.7,28696.85,28259.65,28390.7,NIFTY NEXT 50
NIFTY NEXT 50,04 Jun 2018,29091.85,29105.95,28624.1,28689.25,NIFTY NEXT 50
NIFTY NEXT 50,01 Jun 2018,29277.45,29380.75,28916.25,28948.0,NIFTY NEXT 50
NIFTY NEXT 50,31 May 2018,29443.65,29514.25,29184.3,29241.4,NIFTY NEXT 50
NIFTY NEXT 50,30 May 2018,29249.6,29468.75,29211.35,29343.35,NIFTY NEXT 50
NIFTY NEXT 50,29 May 2018,29453.25,29582.7,29321.4,29428.75,NIFTY NEXT 50
NIFTY NEXT 50,28 May 2018,29135.9,29474.65,29122.6,29447.1,NIFTY NEXT 50
NIFTY NEXT 50,25 May 2018,28576.85,29010.55,28521.8,28963.4,NIFTY NEXT 50
NIFTY NEXT 50,24 May 2018,28509.7,28569.95,28302.65,28481.2,NIFTY NEXT 50
NIFTY NEXT 50,23 May 2018,28565.6,28703.3,28364.8,28411.3,NIFTY NEXT 50
NIFTY NEXT 50,22 May 2018,28184.3,28593.75,28097.15,28562.5,NIFTY NEXT 50
NIFTY NEXT 50,21 May 2018,28633.95,28669.35,28113.75,28179.45,NIFTY NEXT 50
NIFTY NEXT 50,18 May 2018,29045.8,29048.75,28549.35,28600.7,NIFTY NEXT 50
NIFTY NEXT 50,17 May 2018,29115.6,29172.5,28965.75,29017.2,NIFTY NEXT 50
NIFTY NEXT 50,16 May 2018,28932.05,29126.85,28747.15,29022.1,NIFTY NEXT 50
NIFTY NEXT 50,15 May 2018,29141.3,29478.25,28897.25,29052.6,NIFTY NEXT 50
NIFTY NEXT 50,14 May 2018,29360.6,29362.6,29103.65,29148.45,NIFTY NEXT 50
NIFTY NEXT 50,11 May 2018,29370.85,29397.2,29151.3,29288.65,NIFTY NEXT 50
NIFTY NEXT 50,10 May 2018,29714.3,29761.3,29246.95,29284.8,NIFTY NEXT 50
NIFTY NEXT 50,09 May 2018,29792.05,29809.5,29661.2,29668.95,NIFTY NEXT 50
NIFTY NEXT 50,08 May 2018,30014.85,30026.05,29817.75,29842.5,NIFTY NEXT 50
NIFTY NEXT 50,07 May 2018,29821.85,29956.85,29743.55,29939.0,NIFTY NEXT 50
NIFTY NEXT 50,04 May 2018,29966.6,29967.45,29681.35,29703.95,NIFTY NEXT 50
NIFTY NEXT 50,03 May 2018,30257.45,30276.9,29797.5,29898.9,NIFTY NEXT 50
NIFTY NEXT 50,02 May 2018,30794.3,30817.4,30206.75,30287.9,NIFTY NEXT 50
NIFTY NEXT 50,30 Apr 2018,30610.1,30706.15,30584.3,30682.65,NIFTY NEXT 50
NIFTY NEXT 50,27 Apr 2018,30460.95,30592.65,30436.5,30513.4,NIFTY NEXT 50
NIFTY NEXT 50,26 Apr 2018,30475.6,30498.95,30300.75,30326.8,NIFTY NEXT 50
NIFTY NEXT 50,25 Apr 2018,30458.65,30514.2,30278.15,30393.05,NIFTY NEXT 50
NIFTY NEXT 50,24 Apr 2018,30412.4,30554.05,30332.5,30444.75,NIFTY NEXT 50
NIFTY NEXT 50,23 Apr 2018,30263.95,30460.65,30241.85,30391.4,NIFTY NEXT 50
NIFTY NEXT 50,20 Apr 2018,30297.45,30322.35,30120.95,30231.4,NIFTY NEXT 50
NIFTY NEXT 50,19 Apr 2018,30269.9,30378.35,30206.35,30358.75,NIFTY NEXT 50
NIFTY NEXT 50,18 Apr 2018,30257.7,30278.8,30078.9,30139.4,NIFTY NEXT 50
NIFTY NEXT 50,17 Apr 2018,30221.95,30224.8,30036.0,30165.55,NIFTY NEXT 50
NIFTY NEXT 50,16 Apr 2018,29843.2,30118.0,29797.3,30105.05,NIFTY NEXT 50
NIFTY NEXT 50,13 Apr 2018,30030.15,30146.75,29868.7,29946.45,NIFTY NEXT 50
NIFTY NEXT 50,12 Apr 2018,29987.55,30094.8,29894.1,29956.75,NIFTY NEXT 50
NIFTY NEXT 50,11 Apr 2018,30031.55,30057.05,29869.8,30005.95,NIFTY NEXT 50
NIFTY NEXT 50,10 Apr 2018,30128.15,30143.1,29869.4,29963.2,NIFTY NEXT 50
NIFTY NEXT 50,09 Apr 2018,29996.65,30106.9,29949.95,30002.1,NIFTY NEXT 50
NIFTY NEXT 50,06 Apr 2018,29686.25,30019.1,29551.85,29991.55,NIFTY NEXT 50
NIFTY NEXT 50,05 Apr 2018,29422.3,29685.4,29408.3,29645.2,NIFTY NEXT 50
NIFTY NEXT 50,04 Apr 2018,29535.4,29610.85,29075.5,29119.55,NIFTY NEXT 50
NIFTY NEXT 50,03 Apr 2018,29120.4,29482.6,29088.1,29455.55,NIFTY NEXT 50
NIFTY NEXT 50,02 Apr 2018,28718.9,29148.25,28635.05,29114.25,NIFTY NEXT 50
NIFTY NEXT 50,28 Mar 2018,28734.5,28848.65,28428.55,28545.25,NIFTY NEXT 50
NIFTY NEXT 50,27 Mar 2018,28801.8,28895.25,28683.95,28835.75,NIFTY NEXT 50
NIFTY NEXT 50,26 Mar 2018,28232.55,28662.9,28194.35,28616.95,NIFTY NEXT 50
NIFTY NEXT 50,23 Mar 2018,27949.05,28225.4,27892.35,28189.9,NIFTY NEXT 50
NIFTY NEXT 50,22 Mar 2018,28483.75,28598.35,28336.3,28369.65,NIFTY NEXT 50
NIFTY NEXT 50,21 Mar 2018,28492.8,28672.45,28418.8,28479.05,NIFTY NEXT 50
NIFTY NEXT 50,20 Mar 2018,28082.65,28405.25,28055.7,28358.85,NIFTY NEXT 50
NIFTY NEXT 50,19 Mar 2018,28729.05,28741.45,28124.9,28222.05,NIFTY NEXT 50
NIFTY NEXT 50,16 Mar 2018,28868.0,28945.1,28605.8,28647.6,NIFTY NEXT 50
NIFTY NEXT 50,15 Mar 2018,28887.65,29035.75,28850.2,28904.95,NIFTY NEXT 50
NIFTY NEXT 50,14 Mar 2018,28720.1,28927.7,28677.05,28892.3,NIFTY NEXT 50
NIFTY NEXT 50,13 Mar 2018,28492.8,28904.7,28447.0,28858.3,NIFTY NEXT 50
NIFTY NEXT 50,12 Mar 2018,28514.35,28560.4,28278.2,28503.05,NIFTY NEXT 50
NIFTY NEXT 50,09 Mar 2018,28412.6,28506.65,28234.3,28290.0,NIFTY NEXT 50
NIFTY NEXT 50,08 Mar 2018,28477.5,28536.4,27968.15,28278.4,NIFTY NEXT 50
NIFTY NEXT 50,07 Mar 2018,28579.15,28660.55,28249.95,28297.8,NIFTY NEXT 50
NIFTY NEXT 50,06 Mar 2018,29092.4,29166.35,28523.15,28623.3,NIFTY NEXT 50
NIFTY NEXT 50,05 Mar 2018,29107.1,29112.8,28743.9,28892.1,NIFTY NEXT 50
NIFTY NEXT 50,01 Mar 2018,29416.4,29577.3,29169.65,29202.2,NIFTY NEXT 50
NIFTY NEXT 50,28 Feb 2018,29349.8,29489.7,29229.2,29404.0,NIFTY NEXT 50
NIFTY NEXT 50,27 Feb 2018,29717.9,29776.35,29453.85,29534.9,NIFTY NEXT 50
NIFTY NEXT 50,26 Feb 2018,29554.9,29688.65,29500.0,29646.35,NIFTY NEXT 50
NIFTY NEXT 50,23 Feb 2018,29035.55,29414.9,29010.9,29375.65,NIFTY NEXT 50
NIFTY NEXT 50,22 Feb 2018,29150.35,29150.35,28871.3,28920.45,NIFTY NEXT 50
NIFTY NEXT 50,21 Feb 2018,29465.2,29467.9,29096.85,29190.45,NIFTY NEXT 50
NIFTY NEXT 50,20 Feb 2018,29211.9,29437.1,29081.1,29315.7,NIFTY NEXT 50
NIFTY NEXT 50,19 Feb 2018,29560.85,29560.85,28971.35,29182.55,NIFTY NEXT 50
NIFTY NEXT 50,16 Feb 2018,29967.6,30026.6,29381.55,29501.9,NIFTY NEXT 50
NIFTY NEXT 50,15 Feb 2018,30184.45,30235.35,29778.4,29833.75,NIFTY NEXT 50
NIFTY NEXT 50,14 Feb 2018,30337.45,30353.85,30005.25,30110.25,NIFTY NEXT 50
NIFTY NEXT 50,12 Feb 2018,29986.1,30222.1,29930.65,30171.85,NIFTY NEXT 50
NIFTY NEXT 50,09 Feb 2018,29285.45,29796.25,29280.35,29728.95,NIFTY NEXT 50
NIFTY NEXT 50,08 Feb 2018,29453.25,29919.0,29429.6,29827.35,NIFTY NEXT 50
NIFTY NEXT 50,07 Feb 2018,29527.15,29604.95,29251.4,29351.15,NIFTY NEXT 50
NIFTY NEXT 50,06 Feb 2018,28366.8,29288.45,28171.0,29138.85,NIFTY NEXT 50
NIFTY NEXT 50,05 Feb 2018,29250.2,29650.0,28954.4,29559.05,NIFTY NEXT 50
NIFTY NEXT 50,02 Feb 2018,30253.5,30299.85,29454.2,29656.45,NIFTY NEXT 50
NIFTY NEXT 50,01 Feb 2018,30605.4,30701.85,29950.8,30524.85,NIFTY NEXT 50
NIFTY NEXT 50,31 Jan 2018,30644.4,30709.8,30277.55,30500.3,NIFTY NEXT 50
NIFTY NEXT 50,30 Jan 2018,30852.75,30873.4,30664.3,30712.4,NIFTY NEXT 50
NIFTY NEXT 50,29 Jan 2018,31132.0,31239.5,30836.75,30891.2,NIFTY NEXT 50
NIFTY NEXT 50,25 Jan 2018,31511.35,31525.7,30949.05,31013.1,NIFTY NEXT 50
NIFTY NEXT 50,24 Jan 2018,31538.9,31607.9,31316.25,31440.65,NIFTY NEXT 50
NIFTY NEXT 50,23 Jan 2018,31483.85,31700.55,31470.2,31628.3,NIFTY NEXT 50
NIFTY NEXT 50,22 Jan 2018,31207.25,31458.25,31082.15,31404.6,NIFTY NEXT 50
NIFTY NEXT 50,19 Jan 2018,30953.4,31221.95,30786.35,31165.65,NIFTY NEXT 50
NIFTY NEXT 50,18 Jan 2018,31520.1,31546.45,30687.25,30931.85,NIFTY NEXT 50
NIFTY NEXT 50,17 Jan 2018,31126.5,31376.3,30653.35,31348.05,NIFTY NEXT 50
NIFTY NEXT 50,16 Jan 2018,31719.05,31738.65,31036.6,31122.2,NIFTY NEXT 50
NIFTY NEXT 50,15 Jan 2018,31783.15,31888.2,31604.0,31639.55,NIFTY NEXT 50
NIFTY NEXT 50,12 Jan 2018,31786.75,31825.0,31382.7,31704.85,NIFTY NEXT 50
NIFTY NEXT 50,11 Jan 2018,31731.95,31784.95,31584.05,31695.8,NIFTY NEXT 50
NIFTY NEXT 50,10 Jan 2018,31829.9,31914.3,31614.1,31727.95,NIFTY NEXT 50
NIFTY NEXT 50,09 Jan 2018,31968.0,31990.8,31651.75,31782.05,NIFTY NEXT 50
NIFTY NEXT 50,08 Jan 2018,31764.9,31936.05,31763.5,31919.7,NIFTY NEXT 50
NIFTY NEXT 50,05 Jan 2018,31428.65,31729.4,31423.75,31696.15,NIFTY NEXT 50
NIFTY NEXT 50,04 Jan 2018,31074.1,31341.75,30971.55,31300.65,NIFTY NEXT 50
NIFTY NEXT 50,03 Jan 2018,30932.35,31085.6,30900.9,30973.6,NIFTY NEXT 50
NIFTY NEXT 50,02 Jan 2018,31022.85,31060.1,30554.3,30798.3,NIFTY NEXT 50
NIFTY NEXT 50,01 Jan 2018,31043.8,31174.75,30855.6,30899.6,NIFTY NEXT 50
NIFTY 100,31 Dec 2018,11154.1,11167.4,11100.35,11110.15,NIFTY 100
NIFTY 100,28 Dec 2018,11056.6,11134.2,11053.35,11101.65,NIFTY 100
NIFTY 100,27 Dec 2018,11055.5,11068.75,11003.5,11015.8,NIFTY 100
NIFTY 100,26 Dec 2018,10875.1,10988.15,10766.5,10968.85,NIFTY 100
NIFTY 100,24 Dec 2018,11028.8,11030.6,10891.15,10904.7,NIFTY 100
NIFTY 100,21 Dec 2018,11198.65,11220.0,10991.5,11005.85,NIFTY 100
NIFTY 100,20 Dec 2018,11144.05,11212.1,11135.75,11201.35,NIFTY 100
NIFTY 100,19 Dec 2018,11177.95,11239.65,11176.35,11223.4,NIFTY 100
NIFTY 100,18 Dec 2018,11089.65,11160.25,11061.05,11150.9,NIFTY 100
NIFTY 100,17 Dec 2018,11087.2,11136.75,11077.4,11125.75,NIFTY 100
NIFTY 100,14 Dec 2018,11018.15,11055.3,10986.8,11040.3,NIFTY 100
NIFTY 100,13 Dec 2018,11031.75,11071.45,10979.4,11023.05,NIFTY 100
NIFTY 100,12 Dec 2018,10805.45,10974.55,10778.15,10960.45,NIFTY 100
NIFTY 100,11 Dec 2018,10546.4,10782.25,10532.65,10761.75,NIFTY 100
NIFTY 100,10 Dec 2018,10706.7,10752.1,10674.15,10686.25,NIFTY 100
NIFTY 100,07 Dec 2018,10849.1,10903.45,10804.25,10894.1,NIFTY 100
NIFTY 100,06 Dec 2018,10922.6,10924.35,10793.7,10805.85,NIFTY 100
NIFTY 100,05 Dec 2018,11036.1,11037.25,10953.75,10989.15,NIFTY 100
NIFTY 100,04 Dec 2018,11097.5,11112.65,11054.65,11086.4,NIFTY 100
NIFTY 100,03 Dec 2018,11146.8,11154.2,11065.55,11103.2,NIFTY 100
NIFTY 100,30 Nov 2018,11098.35,11130.0,11045.85,11092.25,NIFTY 100
NIFTY 100,29 Nov 2018,11017.75,11087.75,10990.65,11065.9,NIFTY 100
NIFTY 100,28 Nov 2018,10926.75,10972.85,10919.8,10940.25,NIFTY 100
NIFTY 100,27 Nov 2018,10848.55,10915.05,10825.3,10905.85,NIFTY 100
NIFTY 100,26 Nov 2018,10803.45,10866.7,10719.6,10856.85,NIFTY 100
NIFTY 100,22 Nov 2018,10847.75,10878.85,10746.75,10761.4,NIFTY 100
NIFTY 100,21 Nov 2018,10891.4,10897.6,10791.05,10836.3,NIFTY 100
NIFTY 100,20 Nov 2018,10963.95,10967.1,10860.1,10875.0,NIFTY 100
NIFTY 100,19 Nov 2018,10958.25,10999.35,10914.6,10988.15,NIFTY 100
NIFTY 100,16 Nov 2018,10871.6,10922.05,10855.05,10908.2,NIFTY 100
NIFTY 100,15 Nov 2018,10807.3,10867.1,10779.05,10844.6,NIFTY 100
NIFTY 100,14 Nov 2018,10857.95,10875.15,10759.1,10803.15,NIFTY 100
NIFTY 100,13 Nov 2018,10686.2,10820.35,10674.25,10807.3,NIFTY 100
NIFTY 100,12 Nov 2018,10847.3,10883.1,10696.4,10715.05,NIFTY 100
NIFTY 100,09 Nov 2018,10845.9,10855.4,10779.15,10823.3,NIFTY 100
NIFTY 100,07 Nov 2018,10842.95,10845.5,10812.8,10828.85,NIFTY 100
NIFTY 100,06 Nov 2018,10790.1,10836.4,10717.3,10758.45,NIFTY 100
NIFTY 100,05 Nov 2018,10786.65,10789.2,10708.85,10761.0,NIFTY 100
NIFTY 100,02 Nov 2018,10691.15,10841.7,10686.2,10782.3,NIFTY 100
NIFTY 100,01 Nov 2018,10660.5,10660.7,10567.45,10607.6,NIFTY 100
NIFTY 100,31 Oct 2018,10428.9,10615.1,10322.35,10604.6,NIFTY 100
NIFTY 100,30 Oct 2018,10444.05,10491.85,10387.15,10413.6,NIFTY 100
NIFTY 100,29 Oct 2018,10272.7,10473.75,10213.0,10452.8,NIFTY 100
NIFTY 100,26 Oct 2018,10308.8,10321.8,10186.0,10225.3,NIFTY 100
NIFTY 100,25 Oct 2018,10319.35,10351.5,10267.6,10307.7,NIFTY 100
NIFTY 100,24 Oct 2018,10468.15,10481.95,10313.5,10415.4,NIFTY 100
NIFTY 100,23 Oct 2018,10354.15,10423.65,10294.85,10341.55,NIFTY 100
NIFTY 100,22 Oct 2018,10606.1,10608.65,10424.35,10445.85,NIFTY 100
NIFTY 100,19 Oct 2018,10541.05,10586.75,10449.35,10504.05,NIFTY 100
NIFTY 100,17 Oct 2018,10900.6,10922.95,10632.9,10648.7,NIFTY 100
NIFTY 100,16 Oct 2018,10751.75,10813.65,10729.5,10796.1,NIFTY 100
NIFTY 100,15 Oct 2018,10722.4,10725.45,10607.35,10712.6,NIFTY 100
NIFTY 100,12 Oct 2018,10532.25,10692.1,10523.3,10671.3,NIFTY 100
NIFTY 100,11 Oct 2018,10360.8,10537.95,10329.05,10432.05,NIFTY 100
NIFTY 100,10 Oct 2018,10505.75,10678.85,10496.7,10657.8,NIFTY 100
NIFTY 100,09 Oct 2018,10566.7,10576.65,10433.2,10473.55,NIFTY 100
NIFTY 100,08 Oct 2018,10502.05,10587.4,10373.15,10523.8,NIFTY 100
NIFTY 100,05 Oct 2018,10711.3,10735.85,10454.95,10510.05,NIFTY 100
NIFTY 100,04 Oct 2018,10938.75,10938.75,10742.5,10794.3,NIFTY 100
NIFTY 100,03 Oct 2018,11172.1,11177.4,11029.35,11045.8,NIFTY 100
NIFTY 100,01 Oct 2018,11123.95,11224.1,11002.25,11197.05,NIFTY 100
NIFTY 100,28 Sep 2018,11221.55,11247.25,11039.35,11126.4,NIFTY 100
NIFTY 100,27 Sep 2018,11305.2,11313.85,11164.6,11186.7,NIFTY 100
NIFTY 100,26 Sep 2018,11370.35,11370.35,11218.15,11279.5,NIFTY 100
NIFTY 100,25 Sep 2018,11185.6,11304.7,11089.2,11287.6,NIFTY 100
NIFTY 100,24 Sep 2018,11412.35,11416.95,11163.7,11185.55,NIFTY 100
NIFTY 100,21 Sep 2018,11539.6,11610.05,11073.95,11387.55,NIFTY 100
NIFTY 100,19 Sep 2018,11595.0,11602.2,11471.6,11499.85,NIFTY 100
NIFTY 100,18 Sep 2018,11659.0,11690.95,11535.5,11546.15,NIFTY 100
NIFTY 100,17 Sep 2018,11740.8,11740.8,11645.6,11656.5,NIFTY 100
NIFTY 100,14 Sep 2018,11711.2,11800.2,11707.3,11791.7,NIFTY 100
NIFTY 100,12 Sep 2018,11604.55,11648.0,11508.5,11635.2,NIFTY 100
NIFTY 100,11 Sep 2018,11757.15,11759.45,11541.8,11555.2,NIFTY 100
NIFTY 100,10 Sep 2018,11860.9,11867.25,11706.7,11717.95,NIFTY 100
NIFTY 100,07 Sep 2018,11838.2,11893.75,11767.2,11879.9,NIFTY 100
NIFTY 100,06 Sep 2018,11792.25,11838.45,11710.95,11815.4,NIFTY 100
NIFTY 100,05 Sep 2018,11789.1,11816.85,11657.15,11751.05,NIFTY 100
NIFTY 100,04 Sep 2018,11917.6,11923.1,11771.8,11798.95,NIFTY 100
NIFTY 100,03 Sep 2018,12075.8,12075.8,11888.5,11904.35,NIFTY 100
NIFTY 100,31 Aug 2018,11993.05,12049.1,11959.7,12003.1,NIFTY 100
NIFTY 100,30 Aug 2018,12002.25,12007.55,11954.65,11991.15,NIFTY 100
NIFTY 100,29 Aug 2018,12036.75,12047.1,11986.95,11998.6,NIFTY 100
NIFTY 100,28 Aug 2018,12028.5,12056.85,12001.45,12028.3,NIFTY 100
NIFTY 100,27 Aug 2018,11905.5,11997.75,11895.95,11989.35,NIFTY 100
NIFTY 100,24 Aug 2018,11865.2,11901.95,11824.15,11856.2,NIFTY 100
NIFTY 100,23 Aug 2018,11910.75,11910.75,11839.3,11881.4,NIFTY 100
NIFTY 100,21 Aug 2018,11864.7,11870.65,11828.4,11862.1,NIFTY 100
NIFTY 100,20 Aug 2018,11782.05,11847.55,11779.75,11838.15,NIFTY 100
NIFTY 100,17 Aug 2018,11701.9,11758.9,11697.45,11747.2,NIFTY 100
NIFTY 100,16 Aug 2018,11665.0,11718.8,11628.9,11647.75,NIFTY 100
NIFTY 100,14 Aug 2018,11651.15,11717.8,11642.6,11703.4,NIFTY 100
NIFTY 100,13 Aug 2018,11645.95,11681.25,11612.5,11624.65,NIFTY 100
NIFTY 100,10 Aug 2018,11761.15,11763.45,11695.7,11707.35,NIFTY 100
NIFTY 100,09 Aug 2018,11773.2,11775.35,11735.9,11756.15,NIFTY 100
NIFTY 100,08 Aug 2018,11698.85,11741.1,11663.1,11731.75,NIFTY 100
NIFTY 100,07 Aug 2018,11710.35,11715.9,11643.1,11675.5,NIFTY 100
NIFTY 100,06 Aug 2018,11689.8,11714.8,11659.1,11674.25,NIFTY 100
NIFTY 100,03 Aug 2018,11588.15,11655.9,11585.8,11648.85,NIFTY 100
NIFTY 100,02 Aug 2018,11613.1,11613.1,11524.65,11535.6,NIFTY 100
NIFTY 100,01 Aug 2018,11640.9,11670.2,11592.0,11629.65,NIFTY 100
NIFTY 100,31 Jul 2018,11585.2,11643.1,11541.45,11633.85,NIFTY 100
NIFTY 100,30 Jul 2018,11564.4,11602.1,11527.85,11594.75,NIFTY 100
NIFTY 100,27 Jul 2018,11495.8,11547.3,11476.8,11542.35,NIFTY 100
NIFTY 100,26 Jul 2018,11390.45,11450.7,11388.0,11431.15,NIFTY 100
NIFTY 100,25 Jul 2018,11404.9,11413.15,11364.8,11385.5,NIFTY 100
NIFTY 100,24 Jul 2018,11332.85,11395.15,11329.1,11389.2,NIFTY 100
NIFTY 100,23 Jul 2018,11230.0,11314.9,11222.05,11306.95,NIFTY 100
NIFTY 100,20 Jul 2018,11166.45,11232.35,11145.95,11215.8,NIFTY 100
NIFTY 100,19 Jul 2018,11209.45,11214.5,11137.95,11160.5,NIFTY 100
NIFTY 100,18 Jul 2018,11283.25,11298.2,11163.95,11189.1,NIFTY 100
NIFTY 100,17 Jul 2018,11155.65,11240.9,11138.85,11230.7,NIFTY 100
NIFTY 100,16 Jul 2018,11260.75,11261.05,11140.25,11151.1,NIFTY 100
NIFTY 100,13 Jul 2018,11302.75,11313.95,11240.05,11258.7,NIFTY 100
NIFTY 100,12 Jul 2018,11266.05,11333.8,11258.95,11269.7,NIFTY 100
NIFTY 100,11 Jul 2018,11225.75,11244.25,11191.75,11206.85,NIFTY 100
NIFTY 100,10 Jul 2018,11170.7,11227.75,11147.65,11218.65,NIFTY 100
NIFTY 100,09 Jul 2018,11104.5,11126.35,11074.05,11119.55,NIFTY 100
NIFTY 100,06 Jul 2018,11001.65,11084.8,10991.8,11037.2,NIFTY 100
NIFTY 100,05 Jul 2018,11049.65,11049.65,10989.95,11008.6,NIFTY 100
NIFTY 100,04 Jul 2018,10986.0,11040.6,10944.2,11033.0,NIFTY 100
NIFTY 100,03 Jul 2018,10940.75,10985.65,10899.1,10974.2,NIFTY 100
NIFTY 100,02 Jul 2018,11013.1,11015.6,10874.95,10929.85,NIFTY 100
NIFTY 100,29 Jun 2018,10884.15,11000.2,10883.65,10993.45,NIFTY 100
NIFTY 100,28 Jun 2018,10934.8,10951.35,10827.15,10855.0,NIFTY 100
NIFTY 100,27 Jun 2018,11072.1,11072.1,10927.9,10946.7,NIFTY 100
NIFTY 100,26 Jun 2018,11025.6,11091.4,11016.1,11054.1,NIFTY 100
NIFTY 100,25 Jun 2018,11120.95,11127.6,11034.95,11045.45,NIFTY 100
NIFTY 100,22 Jun 2018,11041.15,11134.45,11001.05,11119.65,NIFTY 100
NIFTY 100,21 Jun 2018,11113.25,11115.0,11025.9,11039.95,NIFTY 100
NIFTY 100,20 Jun 2018,11047.85,11087.5,11030.95,11076.05,NIFTY 100
NIFTY 100,19 Jun 2018,11100.4,11100.4,11012.45,11021.95,NIFTY 100
NIFTY 100,18 Jun 2018,11148.4,11148.4,11102.75,11112.9,NIFTY 100
NIFTY 100,15 Jun 2018,11139.25,11162.15,11078.3,11136.3,NIFTY 100
NIFTY 100,14 Jun 2018,11165.35,11166.0,11101.4,11139.95,NIFTY 100
NIFTY 100,13 Jun 2018,11219.75,11226.0,11176.05,11185.9,NIFTY 100
NIFTY 100,12 Jun 2018,11144.4,11189.9,11119.35,11176.7,NIFTY 100
NIFTY 100,11 Jun 2018,11115.7,11179.6,11106.3,11116.2,NIFTY 100
NIFTY 100,08 Jun 2018,11059.3,11108.6,11035.95,11098.25,NIFTY 100
NIFTY 100,07 Jun 2018,11037.9,11134.5,11037.9,11091.95,NIFTY 100
NIFTY 100,06 Jun 2018,10903.2,11010.1,10889.65,10997.2,NIFTY 100
NIFTY 100,05 Jun 2018,10941.7,10944.25,10852.2,10892.85,NIFTY 100
NIFTY 100,04 Jun 2018,11083.35,11087.1,10931.45,10940.05,NIFTY 100
NIFTY 100,01 Jun 2018,11068.3,11096.95,11001.0,11013.85,NIFTY 100
NIFTY 100,31 May 2018,11016.35,11089.1,10961.4,11064.15,NIFTY 100
NIFTY 100,30 May 2018,10925.55,10996.7,10910.85,10961.6,NIFTY 100
NIFTY 100,29 May 2018,11034.35,11065.05,10962.55,10983.3,NIFTY 100
NIFTY 100,28 May 2018,10981.3,11051.65,10974.8,11033.55,NIFTY 100
NIFTY 100,25 May 2018,10849.4,10954.4,10838.95,10934.0,NIFTY 100
NIFTY 100,24 May 2018,10785.85,10849.45,10734.7,10827.25,NIFTY 100
NIFTY 100,23 May 2018,10839.35,10852.9,10737.55,10750.55,NIFTY 100
NIFTY 100,22 May 2018,10816.3,10863.05,10787.05,10852.8,NIFTY 100
NIFTY 100,21 May 2018,10927.75,10932.35,10803.8,10814.6,NIFTY 100
NIFTY 100,18 May 2018,10998.75,11000.2,10899.4,10908.05,NIFTY 100
NIFTY 100,17 May 2018,11094.15,11095.45,10988.65,11006.9,NIFTY 100
NIFTY 100,16 May 2018,11062.95,11107.75,11007.6,11058.7,NIFTY 100
NIFTY 100,15 May 2018,11128.9,11248.95,11088.35,11113.7,NIFTY 100
NIFTY 100,14 May 2018,11143.35,11158.0,11095.9,11124.1,NIFTY 100
NIFTY 100,11 May 2018,11079.75,11137.45,11052.85,11131.95,NIFTY 100
NIFTY 100,10 May 2018,11131.15,11138.0,11040.8,11052.5,NIFTY 100
NIFTY 100,09 May 2018,11057.8,11121.75,11055.1,11095.0,NIFTY 100
NIFTY 100,08 May 2018,11126.65,11127.6,11057.7,11082.2,NIFTY 100
NIFTY 100,07 May 2018,11023.9,11094.35,11005.2,11085.05,NIFTY 100
NIFTY 100,04 May 2018,11073.05,11073.05,10972.0,10986.5,NIFTY 100
NIFTY 100,03 May 2018,11106.05,11106.25,11017.3,11051.1,NIFTY 100
NIFTY 100,02 May 2018,11191.6,11191.95,11076.7,11105.9,NIFTY 100
NIFTY 100,30 Apr 2018,11112.2,11163.15,11110.55,11145.9,NIFTY 100
NIFTY 100,27 Apr 2018,11056.05,11122.25,11052.4,11095.0,NIFTY 100
NIFTY 100,26 Apr 2018,10999.05,11029.05,10967.2,11018.75,NIFTY 100
NIFTY 100,25 Apr 2018,11021.35,11023.3,10944.9,10980.55,NIFTY 100
NIFTY 100,24 Apr 2018,10988.3,11041.85,10976.4,11022.35,NIFTY 100
NIFTY 100,23 Apr 2018,10993.9,11043.9,10927.7,10993.3,NIFTY 100
NIFTY 100,20 Apr 2018,10967.0,10982.75,10928.95,10966.85,NIFTY 100
NIFTY 100,19 Apr 2018,10968.55,10981.05,10951.45,10974.75,NIFTY 100
NIFTY 100,18 Apr 2018,10981.65,10995.4,10910.7,10928.45,NIFTY 100
NIFTY 100,17 Apr 2018,10960.75,10961.4,10896.25,10950.05,NIFTY 100
NIFTY 100,16 Apr 2018,10800.5,10939.5,10798.75,10928.95,NIFTY 100
NIFTY 100,13 Apr 2018,10896.75,10923.6,10849.5,10879.35,NIFTY 100
NIFTY 100,12 Apr 2018,10819.45,10874.35,10802.2,10860.35,NIFTY 100
NIFTY 100,11 Apr 2018,10837.0,10837.0,10764.9,10826.15,NIFTY 100
NIFTY 100,10 Apr 2018,10829.15,10839.6,10788.55,10810.45,NIFTY 100
NIFTY 100,09 Apr 2018,10752.4,10811.4,10747.2,10792.6,NIFTY 100
NIFTY 100,06 Apr 2018,10726.3,10766.0,10690.85,10750.35,NIFTY 100
NIFTY 100,05 Apr 2018,10628.7,10732.9,10627.7,10726.25,NIFTY 100
NIFTY 100,04 Apr 2018,10674.6,10683.9,10506.9,10523.6,NIFTY 100
NIFTY 100,03 Apr 2018,10574.25,10654.4,10561.65,10643.9,NIFTY 100
NIFTY 100,02 Apr 2018,10521.45,10604.75,10497.2,10596.0,NIFTY 100
NIFTY 100,28 Mar 2018,10515.4,10530.6,10463.95,10478.4,NIFTY 100
NIFTY 100,27 Mar 2018,10558.3,10578.65,10510.05,10556.6,NIFTY 100
NIFTY 100,26 Mar 2018,10351.95,10511.05,10324.45,10497.55,NIFTY 100
NIFTY 100,23 Mar 2018,10318.55,10380.9,10301.95,10357.6,NIFTY 100
NIFTY 100,22 Mar 2018,10522.9,10564.55,10461.5,10470.4,NIFTY 100
NIFTY 100,21 Mar 2018,10536.2,10585.95,10488.8,10511.75,NIFTY 100
NIFTY 100,20 Mar 2018,10398.7,10507.45,10396.4,10478.15,NIFTY 100
NIFTY 100,19 Mar 2018,10578.45,10587.05,10425.1,10444.05,NIFTY 100
NIFTY 100,16 Mar 2018,10700.75,10701.75,10541.45,10556.2,NIFTY 100
NIFTY 100,15 Mar 2018,10754.95,10775.95,10701.35,10716.05,NIFTY 100
NIFTY 100,14 Mar 2018,10734.45,10769.05,10685.6,10760.0,NIFTY 100
NIFTY 100,13 Mar 2018,10719.05,10816.0,10710.75,10772.05,NIFTY 100
NIFTY 100,12 Mar 2018,10642.65,10759.3,10635.15,10747.65,NIFTY 100
NIFTY 100,09 Mar 2018,10610.6,10637.45,10548.4,10564.55,NIFTY 100
NIFTY 100,08 Mar 2018,10566.05,10605.7,10476.45,10578.0,NIFTY 100
NIFTY 100,07 Mar 2018,10586.05,10600.0,10487.85,10501.4,NIFTY 100
NIFTY 100,06 Mar 2018,10779.95,10802.3,10570.6,10603.1,NIFTY 100
NIFTY 100,05 Mar 2018,10788.25,10788.5,10676.15,10714.6,NIFTY 100
NIFTY 100,01 Mar 2018,10850.7,10899.6,10808.55,10820.0,NIFTY 100
NIFTY 100,28 Feb 2018,10855.1,10903.25,10826.9,10861.4,NIFTY 100
NIFTY 100,27 Feb 2018,10986.55,11004.25,10905.4,10922.75,NIFTY 100
NIFTY 100,26 Feb 2018,10899.05,10963.45,10893.5,10953.8,NIFTY 100
NIFTY 100,23 Feb 2018,10766.25,10866.7,10755.1,10857.85,NIFTY 100
NIFTY 100,22 Feb 2018,10725.3,10755.4,10705.05,10737.35,NIFTY 100
NIFTY 100,21 Feb 2018,10806.05,10806.35,10722.3,10765.5,NIFTY 100
NIFTY 100,20 Feb 2018,10761.05,10805.2,10725.5,10740.0,NIFTY 100
NIFTY 100,19 Feb 2018,10866.85,10867.25,10670.65,10748.35,NIFTY 100
NIFTY 100,16 Feb 2018,10984.05,11000.8,10809.35,10831.35,NIFTY 100
NIFTY 100,15 Feb 2018,10945.0,11013.8,10898.9,10932.05,NIFTY 100
NIFTY 100,14 Feb 2018,10994.85,10998.5,10864.0,10908.15,NIFTY 100
NIFTY 100,12 Feb 2018,10916.15,10960.35,10884.15,10945.15,NIFTY 100
NIFTY 100,09 Feb 2018,10787.95,10871.35,10771.85,10846.1,NIFTY 100
NIFTY 100,08 Feb 2018,10887.1,11017.75,10851.85,10958.95,NIFTY 100
NIFTY 100,07 Feb 2018,10969.2,10977.6,10814.35,10844.7,NIFTY 100
NIFTY 100,06 Feb 2018,10630.25,10944.15,10610.75,10851.65,NIFTY 100
NIFTY 100,05 Feb 2018,10951.25,11060.45,10929.4,11023.85,NIFTY 100
NIFTY 100,02 Feb 2018,11300.85,11316.3,11087.8,11111.2,NIFTY 100
NIFTY 100,01 Feb 2018,11414.3,11483.0,11232.05,11385.15,NIFTY 100
NIFTY 100,31 Jan 2018,11393.75,11430.85,11338.85,11393.55,NIFTY 100
NIFTY 100,30 Jan 2018,11494.95,11494.95,11408.5,11424.6,NIFTY 100
NIFTY 100,29 Jan 2018,11474.3,11552.8,11471.8,11505.45,NIFTY 100
NIFTY 100,25 Jan 2018,11509.7,11509.7,11414.75,11459.05,NIFTY 100
NIFTY 100,24 Jan 2018,11489.05,11528.4,11456.95,11497.45,NIFTY 100
NIFTY 100,23 Jan 2018,11422.95,11515.75,11420.0,11506.65,NIFTY 100
NIFTY 100,22 Jan 2018,11308.0,11399.6,11302.65,11391.2,NIFTY 100
NIFTY 100,19 Jan 2018,11246.2,11328.25,11208.8,11315.75,NIFTY 100
NIFTY 100,18 Jan 2018,11316.85,11329.4,11190.9,11234.5,NIFTY 100
NIFTY 100,17 Jan 2018,11144.75,11246.15,11086.8,11232.75,NIFTY 100
NIFTY 100,16 Jan 2018,11229.6,11229.95,11127.6,11142.8,NIFTY 100
NIFTY 100,15 Jan 2018,11196.15,11255.7,11192.1,11207.75,NIFTY 100
NIFTY 100,12 Jan 2018,11165.05,11173.4,11067.6,11159.1,NIFTY 100
NIFTY 100,11 Jan 2018,11121.9,11148.2,11092.2,11132.4,NIFTY 100
NIFTY 100,10 Jan 2018,11140.85,11143.85,11076.8,11117.45,NIFTY 100
NIFTY 100,09 Jan 2018,11142.35,11155.05,11088.55,11125.0,NIFTY 100
NIFTY 100,08 Jan 2018,11084.0,11127.8,11082.0,11120.55,NIFTY 100
NIFTY 100,05 Jan 2018,11015.05,11056.65,11004.8,11051.25,NIFTY 100
NIFTY 100,04 Jan 2018,10938.3,10990.5,10907.9,10982.15,NIFTY 100
NIFTY 100,03 Jan 2018,10942.45,10968.95,10894.4,10910.05,NIFTY 100
NIFTY 100,02 Jan 2018,10941.6,10959.0,10854.45,10899.3,NIFTY 100
NIFTY 100,01 Jan 2018,10990.45,10998.2,10884.85,10897.75,NIFTY 100
NIFTY 200,31 Dec 2018,5775.55,5783.05,5750.35,5755.35,NIFTY 200
NIFTY 200,28 Dec 2018,5724.35,5763.85,5722.8,5748.3,NIFTY 200
NIFTY 200,27 Dec 2018,5723.85,5729.05,5697.15,5702.95,NIFTY 200
NIFTY 200,26 Dec 2018,5634.85,5689.45,5574.7,5679.25,NIFTY 200
NIFTY 200,24 Dec 2018,5713.5,5714.3,5643.8,5650.6,NIFTY 200
NIFTY 200,21 Dec 2018,5801.9,5813.65,5693.8,5701.25,NIFTY 200
NIFTY 200,20 Dec 2018,5770.45,5806.4,5765.7,5801.35,NIFTY 200
NIFTY 200,19 Dec 2018,5784.1,5818.1,5783.15,5810.6,NIFTY 200
NIFTY 200,18 Dec 2018,5736.35,5772.85,5724.2,5768.7,NIFTY 200
NIFTY 200,17 Dec 2018,5736.25,5760.55,5731.1,5754.7,NIFTY 200
NIFTY 200,14 Dec 2018,5699.5,5720.5,5683.25,5712.6,NIFTY 200
NIFTY 200,13 Dec 2018,5706.05,5727.85,5678.0,5702.7,NIFTY 200
NIFTY 200,12 Dec 2018,5584.35,5676.35,5572.35,5669.55,NIFTY 200
NIFTY 200,11 Dec 2018,5443.05,5570.75,5437.55,5561.7,NIFTY 200
NIFTY 200,10 Dec 2018,5527.15,5548.55,5510.25,5516.55,NIFTY 200
NIFTY 200,07 Dec 2018,5607.05,5630.1,5582.35,5625.25,NIFTY 200
NIFTY 200,06 Dec 2018,5644.5,5645.25,5579.25,5584.85,NIFTY 200
NIFTY 200,05 Dec 2018,5706.95,5707.2,5659.95,5679.25,NIFTY 200
NIFTY 200,04 Dec 2018,5740.95,5748.75,5718.85,5733.5,NIFTY 200
NIFTY 200,03 Dec 2018,5761.2,5765.15,5724.25,5742.75,NIFTY 200
NIFTY 200,30 Nov 2018,5733.7,5750.45,5710.0,5732.9,NIFTY 200
NIFTY 200,29 Nov 2018,5694.55,5726.75,5680.45,5716.7,NIFTY 200
NIFTY 200,28 Nov 2018,5657.0,5676.4,5649.8,5655.95,NIFTY 200
NIFTY 200,27 Nov 2018,5617.15,5651.05,5606.95,5646.6,NIFTY 200
NIFTY 200,26 Nov 2018,5597.75,5625.7,5552.85,5620.8,NIFTY 200
NIFTY 200,22 Nov 2018,5623.25,5637.25,5568.7,5575.95,NIFTY 200
NIFTY 200,21 Nov 2018,5639.1,5644.1,5589.05,5616.3,NIFTY 200
NIFTY 200,20 Nov 2018,5676.2,5680.6,5623.1,5630.6,NIFTY 200
NIFTY 200,19 Nov 2018,5673.85,5694.1,5651.25,5688.8,NIFTY 200
NIFTY 200,16 Nov 2018,5635.8,5659.35,5621.7,5649.1,NIFTY 200
NIFTY 200,15 Nov 2018,5602.8,5633.35,5584.55,5622.45,NIFTY 200
NIFTY 200,14 Nov 2018,5630.05,5638.35,5577.75,5600.3,NIFTY 200
NIFTY 200,13 Nov 2018,5543.05,5608.75,5532.05,5602.4,NIFTY 200
NIFTY 200,12 Nov 2018,5626.9,5642.95,5549.75,5558.4,NIFTY 200
NIFTY 200,09 Nov 2018,5617.2,5628.45,5585.1,5614.15,NIFTY 200
NIFTY 200,07 Nov 2018,5615.35,5616.5,5600.2,5608.75,NIFTY 200
NIFTY 200,06 Nov 2018,5591.25,5613.4,5551.6,5571.5,NIFTY 200
NIFTY 200,05 Nov 2018,5590.0,5595.6,5550.65,5576.4,NIFTY 200
NIFTY 200,02 Nov 2018,5550.05,5622.5,5547.3,5588.75,NIFTY 200
NIFTY 200,01 Nov 2018,5526.5,5526.55,5486.0,5505.55,NIFTY 200
NIFTY 200,31 Oct 2018,5409.15,5503.25,5355.55,5498.4,NIFTY 200
NIFTY 200,30 Oct 2018,5409.3,5435.7,5383.3,5398.85,NIFTY 200
NIFTY 200,29 Oct 2018,5314.35,5421.9,5283.6,5412.25,NIFTY 200
NIFTY 200,26 Oct 2018,5327.8,5340.3,5262.8,5289.5,NIFTY 200
NIFTY 200,25 Oct 2018,5329.9,5347.3,5302.9,5327.8,NIFTY 200
NIFTY 200,24 Oct 2018,5402.05,5409.95,5327.6,5380.9,NIFTY 200
NIFTY 200,23 Oct 2018,5344.65,5382.55,5312.7,5339.05,NIFTY 200
NIFTY 200,22 Oct 2018,5476.9,5478.2,5381.1,5392.05,NIFTY 200
NIFTY 200,19 Oct 2018,5448.05,5474.1,5398.3,5426.55,NIFTY 200
NIFTY 200,17 Oct 2018,5640.15,5651.05,5494.45,5502.55,NIFTY 200
NIFTY 200,16 Oct 2018,5558.7,5590.6,5548.6,5584.75,NIFTY 200
NIFTY 200,15 Oct 2018,5540.2,5543.0,5484.95,5536.6,NIFTY 200
NIFTY 200,12 Oct 2018,5437.75,5523.35,5433.65,5511.75,NIFTY 200
NIFTY 200,11 Oct 2018,5344.9,5444.1,5330.05,5384.55,NIFTY 200
NIFTY 200,10 Oct 2018,5409.9,5512.5,5408.4,5502.5,NIFTY 200
NIFTY 200,09 Oct 2018,5438.8,5445.3,5366.9,5393.0,NIFTY 200
NIFTY 200,08 Oct 2018,5413.75,5457.3,5340.25,5417.9,NIFTY 200
NIFTY 200,05 Oct 2018,5525.9,5540.1,5392.9,5421.0,NIFTY 200
NIFTY 200,04 Oct 2018,5636.95,5637.5,5541.85,5567.45,NIFTY 200
NIFTY 200,03 Oct 2018,5758.85,5761.5,5686.75,5695.65,NIFTY 200
NIFTY 200,01 Oct 2018,5731.45,5785.45,5662.95,5772.3,NIFTY 200
NIFTY 200,28 Sep 2018,5794.7,5807.9,5688.4,5735.05,NIFTY 200
NIFTY 200,27 Sep 2018,5845.75,5849.2,5766.0,5776.2,NIFTY 200
NIFTY 200,26 Sep 2018,5877.65,5877.65,5802.65,5834.15,NIFTY 200
NIFTY 200,25 Sep 2018,5786.7,5844.7,5734.15,5835.75,NIFTY 200
NIFTY 200,24 Sep 2018,5911.65,5914.45,5776.5,5788.45,NIFTY 200
NIFTY 200,21 Sep 2018,5992.0,6024.7,5721.85,5899.7,NIFTY 200
NIFTY 200,19 Sep 2018,6022.15,6025.7,5952.05,5968.75,NIFTY 200
NIFTY 200,18 Sep 2018,6058.85,6076.55,5990.95,5996.55,NIFTY 200
NIFTY 200,17 Sep 2018,6097.8,6097.8,6051.75,6057.2,NIFTY 200
NIFTY 200,14 Sep 2018,6079.3,6127.7,6078.25,6123.8,NIFTY 200
NIFTY 200,12 Sep 2018,6023.8,6046.35,5971.4,6039.35,NIFTY 200
NIFTY 200,11 Sep 2018,6104.15,6106.3,5993.4,6000.35,NIFTY 200
NIFTY 200,10 Sep 2018,6162.35,6167.05,6078.2,6084.55,NIFTY 200
NIFTY 200,07 Sep 2018,6143.75,6178.05,6107.45,6171.3,NIFTY 200
NIFTY 200,06 Sep 2018,6123.0,6144.15,6078.15,6132.3,NIFTY 200
NIFTY 200,05 Sep 2018,6119.2,6133.8,6046.2,6099.8,NIFTY 200
NIFTY 200,04 Sep 2018,6200.25,6203.25,6110.7,6124.75,NIFTY 200
NIFTY 200,03 Sep 2018,6277.35,6277.35,6184.95,6193.35,NIFTY 200
NIFTY 200,31 Aug 2018,6233.6,6264.65,6216.2,6240.55,NIFTY 200
NIFTY 200,30 Aug 2018,6237.15,6240.3,6214.05,6232.5,NIFTY 200
NIFTY 200,29 Aug 2018,6249.75,6260.65,6228.8,6234.95,NIFTY 200
NIFTY 200,28 Aug 2018,6248.2,6262.7,6231.75,6244.4,NIFTY 200
NIFTY 200,27 Aug 2018,6186.1,6233.7,6181.75,6228.7,NIFTY 200
NIFTY 200,24 Aug 2018,6164.6,6184.0,6140.7,6159.1,NIFTY 200
NIFTY 200,23 Aug 2018,6189.5,6189.5,6150.0,6172.75,NIFTY 200
NIFTY 200,21 Aug 2018,6167.2,6169.65,6147.05,6165.25,NIFTY 200
NIFTY 200,20 Aug 2018,6124.5,6157.0,6123.05,6152.95,NIFTY 200
NIFTY 200,17 Aug 2018,6079.8,6110.25,6077.85,6105.5,NIFTY 200
NIFTY 200,16 Aug 2018,6057.75,6086.75,6039.65,6051.65,NIFTY 200
NIFTY 200,14 Aug 2018,6047.4,6080.65,6042.85,6077.75,NIFTY 200
NIFTY 200,13 Aug 2018,6043.5,6063.65,6025.05,6033.2,NIFTY 200
NIFTY 200,10 Aug 2018,6105.7,6106.7,6069.75,6075.7,NIFTY 200
NIFTY 200,09 Aug 2018,6109.2,6110.0,6090.1,6101.8,NIFTY 200
NIFTY 200,08 Aug 2018,6073.15,6091.45,6054.75,6087.1,NIFTY 200
NIFTY 200,07 Aug 2018,6082.0,6084.6,6043.3,6061.45,NIFTY 200
NIFTY 200,06 Aug 2018,6070.15,6083.2,6055.35,6062.95,NIFTY 200
NIFTY 200,03 Aug 2018,6016.4,6051.45,6015.35,6048.05,NIFTY 200
NIFTY 200,02 Aug 2018,6023.95,6023.95,5983.65,5989.25,NIFTY 200
NIFTY 200,01 Aug 2018,6037.75,6052.45,6011.75,6031.45,NIFTY 200
NIFTY 200,31 Jul 2018,6008.3,6036.9,5987.55,6032.3,NIFTY 200
NIFTY 200,30 Jul 2018,5998.25,6015.3,5977.35,6011.6,NIFTY 200
NIFTY 200,27 Jul 2018,5962.2,5989.6,5954.4,5986.85,NIFTY 200
NIFTY 200,26 Jul 2018,5908.1,5939.75,5906.85,5929.7,NIFTY 200
NIFTY 200,25 Jul 2018,5915.25,5920.45,5894.4,5904.7,NIFTY 200
NIFTY 200,24 Jul 2018,5872.75,5908.85,5871.0,5906.1,NIFTY 200
NIFTY 200,23 Jul 2018,5818.5,5863.2,5814.65,5859.35,NIFTY 200
NIFTY 200,20 Jul 2018,5780.0,5817.55,5768.25,5810.1,NIFTY 200
NIFTY 200,19 Jul 2018,5806.1,5808.25,5762.3,5778.5,NIFTY 200
NIFTY 200,18 Jul 2018,5850.05,5857.45,5780.45,5796.5,NIFTY 200
NIFTY 200,17 Jul 2018,5772.1,5827.1,5761.9,5822.75,NIFTY 200
NIFTY 200,16 Jul 2018,5838.25,5838.3,5765.0,5770.7,NIFTY 200
NIFTY 200,13 Jul 2018,5867.65,5870.15,5828.45,5837.55,NIFTY 200
NIFTY 200,12 Jul 2018,5855.6,5888.05,5845.55,5850.6,NIFTY 200
NIFTY 200,11 Jul 2018,5836.65,5847.3,5818.45,5824.9,NIFTY 200
NIFTY 200,10 Jul 2018,5809.75,5837.85,5798.65,5833.75,NIFTY 200
NIFTY 200,09 Jul 2018,5769.35,5785.7,5755.7,5783.4,NIFTY 200
NIFTY 200,06 Jul 2018,5714.05,5759.5,5709.0,5734.75,NIFTY 200
NIFTY 200,05 Jul 2018,5742.5,5742.5,5709.25,5718.15,NIFTY 200
NIFTY 200,04 Jul 2018,5712.05,5738.35,5689.4,5734.1,NIFTY 200
NIFTY 200,03 Jul 2018,5683.3,5711.1,5661.9,5706.2,NIFTY 200
NIFTY 200,02 Jul 2018,5725.6,5726.55,5649.55,5679.7,NIFTY 200
NIFTY 200,29 Jun 2018,5654.0,5716.65,5653.75,5713.2,NIFTY 200
NIFTY 200,28 Jun 2018,5685.45,5691.95,5624.05,5637.2,NIFTY 200
NIFTY 200,27 Jun 2018,5760.75,5760.75,5681.95,5691.85,NIFTY 200
NIFTY 200,26 Jun 2018,5737.8,5770.0,5732.85,5751.45,NIFTY 200
NIFTY 200,25 Jun 2018,5787.1,5793.05,5743.25,5748.8,NIFTY 200
NIFTY 200,22 Jun 2018,5747.4,5793.65,5725.2,5786.55,NIFTY 200
NIFTY 200,21 Jun 2018,5786.35,5787.5,5739.35,5746.75,NIFTY 200
NIFTY 200,20 Jun 2018,5751.8,5773.3,5742.85,5767.25,NIFTY 200
NIFTY 200,19 Jun 2018,5781.35,5781.35,5733.7,5738.95,NIFTY 200
NIFTY 200,18 Jun 2018,5807.2,5809.4,5783.75,5789.15,NIFTY 200
NIFTY 200,15 Jun 2018,5808.7,5820.95,5774.35,5802.3,NIFTY 200
NIFTY 200,14 Jun 2018,5819.05,5819.15,5787.35,5808.55,NIFTY 200
NIFTY 200,13 Jun 2018,5849.6,5851.3,5825.95,5829.05,NIFTY 200
NIFTY 200,12 Jun 2018,5807.5,5833.4,5795.85,5827.3,NIFTY 200
NIFTY 200,11 Jun 2018,5795.4,5827.7,5788.4,5793.6,NIFTY 200
NIFTY 200,08 Jun 2018,5762.35,5791.05,5750.5,5785.6,NIFTY 200
NIFTY 200,07 Jun 2018,5748.0,5797.95,5747.25,5779.1,NIFTY 200
NIFTY 200,06 Jun 2018,5672.0,5730.8,5662.9,5725.15,NIFTY 200
NIFTY 200,05 Jun 2018,5699.95,5701.05,5643.55,5667.7,NIFTY 200
NIFTY 200,04 Jun 2018,5774.35,5776.25,5692.65,5698.1,NIFTY 200
NIFTY 200,01 Jun 2018,5773.95,5786.15,5733.0,5739.75,NIFTY 200
NIFTY 200,31 May 2018,5756.35,5784.8,5725.1,5772.75,NIFTY 200
NIFTY 200,30 May 2018,5707.5,5745.9,5700.2,5728.55,NIFTY 200
NIFTY 200,29 May 2018,5764.95,5781.8,5726.3,5738.8,NIFTY 200
NIFTY 200,28 May 2018,5734.65,5772.85,5731.2,5764.3,NIFTY 200
NIFTY 200,25 May 2018,5657.9,5719.25,5652.3,5708.85,NIFTY 200
NIFTY 200,24 May 2018,5632.25,5657.05,5600.5,5646.45,NIFTY 200
NIFTY 200,23 May 2018,5658.35,5666.85,5607.5,5614.35,NIFTY 200
NIFTY 200,22 May 2018,5646.75,5671.4,5628.3,5665.35,NIFTY 200
NIFTY 200,21 May 2018,5708.85,5711.4,5640.45,5646.1,NIFTY 200
NIFTY 200,18 May 2018,5751.5,5752.4,5695.0,5700.9,NIFTY 200
NIFTY 200,17 May 2018,5795.7,5796.2,5746.8,5755.95,NIFTY 200
NIFTY 200,16 May 2018,5776.65,5801.8,5746.85,5777.0,NIFTY 200
NIFTY 200,15 May 2018,5814.5,5877.75,5787.45,5802.7,NIFTY 200
NIFTY 200,14 May 2018,5830.75,5837.1,5801.4,5814.15,NIFTY 200
NIFTY 200,11 May 2018,5801.75,5829.4,5784.75,5826.5,NIFTY 200
NIFTY 200,10 May 2018,5834.7,5837.9,5781.1,5787.0,NIFTY 200
NIFTY 200,09 May 2018,5803.8,5833.0,5802.6,5818.1,NIFTY 200
NIFTY 200,08 May 2018,5839.35,5839.75,5802.8,5816.2,NIFTY 200
NIFTY 200,07 May 2018,5787.65,5822.6,5776.45,5818.6,NIFTY 200
NIFTY 200,04 May 2018,5809.05,5809.05,5760.5,5767.95,NIFTY 200
NIFTY 200,03 May 2018,5831.6,5831.7,5779.5,5799.6,NIFTY 200
NIFTY 200,02 May 2018,5884.7,5884.8,5815.9,5832.65,NIFTY 200
NIFTY 200,30 Apr 2018,5842.9,5869.35,5842.4,5862.35,NIFTY 200
NIFTY 200,27 Apr 2018,5812.4,5847.2,5810.7,5832.7,NIFTY 200
NIFTY 200,26 Apr 2018,5783.75,5797.95,5765.65,5792.75,NIFTY 200
NIFTY 200,25 Apr 2018,5792.95,5796.5,5754.05,5772.5,NIFTY 200
NIFTY 200,24 Apr 2018,5781.15,5803.65,5772.45,5794.7,NIFTY 200
NIFTY 200,23 Apr 2018,5778.7,5805.95,5748.65,5781.85,NIFTY 200
NIFTY 200,20 Apr 2018,5767.05,5773.75,5745.55,5765.95,NIFTY 200
NIFTY 200,19 Apr 2018,5767.15,5775.15,5757.1,5772.15,NIFTY 200
NIFTY 200,18 Apr 2018,5773.75,5779.65,5735.75,5745.95,NIFTY 200
NIFTY 200,17 Apr 2018,5762.75,5763.0,5729.1,5756.55,NIFTY 200
NIFTY 200,16 Apr 2018,5677.25,5750.6,5675.85,5745.95,NIFTY 200
NIFTY 200,13 Apr 2018,5723.45,5739.55,5700.0,5717.3,NIFTY 200
NIFTY 200,12 Apr 2018,5687.8,5713.15,5678.1,5704.7,NIFTY 200
NIFTY 200,11 Apr 2018,5698.05,5698.05,5658.9,5691.35,NIFTY 200
NIFTY 200,10 Apr 2018,5694.15,5699.8,5671.95,5684.05,NIFTY 200
NIFTY 200,09 Apr 2018,5654.9,5684.1,5652.65,5674.55,NIFTY 200
NIFTY 200,06 Apr 2018,5637.7,5659.95,5619.0,5652.35,NIFTY 200
NIFTY 200,05 Apr 2018,5587.6,5640.85,5587.15,5637.6,NIFTY 200
NIFTY 200,04 Apr 2018,5611.2,5618.45,5522.55,5530.65,NIFTY 200
NIFTY 200,03 Apr 2018,5554.35,5599.3,5548.3,5594.15,NIFTY 200
NIFTY 200,02 Apr 2018,5521.9,5570.3,5510.7,5565.9,NIFTY 200
NIFTY 200,28 Mar 2018,5516.7,5526.35,5491.3,5499.35,NIFTY 200
NIFTY 200,27 Mar 2018,5535.6,5551.5,5515.1,5540.15,NIFTY 200
NIFTY 200,26 Mar 2018,5426.15,5510.2,5410.65,5503.4,NIFTY 200
NIFTY 200,23 Mar 2018,5408.65,5440.25,5397.65,5430.1,NIFTY 200
NIFTY 200,22 Mar 2018,5522.95,5543.3,5487.6,5491.9,NIFTY 200
NIFTY 200,21 Mar 2018,5529.0,5555.85,5504.4,5516.1,NIFTY 200
NIFTY 200,20 Mar 2018,5454.8,5513.1,5453.2,5497.95,NIFTY 200
NIFTY 200,19 Mar 2018,5555.7,5559.65,5469.65,5479.4,NIFTY 200
NIFTY 200,16 Mar 2018,5617.95,5618.4,5535.2,5543.15,NIFTY 200
NIFTY 200,15 Mar 2018,5640.05,5654.7,5616.6,5623.95,NIFTY 200
NIFTY 200,14 Mar 2018,5624.25,5645.9,5602.1,5641.45,NIFTY 200
NIFTY 200,13 Mar 2018,5613.4,5667.35,5609.2,5643.8,NIFTY 200
NIFTY 200,12 Mar 2018,5577.3,5632.2,5569.5,5626.55,NIFTY 200
NIFTY 200,09 Mar 2018,5562.9,5575.65,5527.5,5536.05,NIFTY 200
NIFTY 200,08 Mar 2018,5538.6,5558.2,5484.8,5544.25,NIFTY 200
NIFTY 200,07 Mar 2018,5552.9,5558.3,5496.3,5503.75,NIFTY 200
NIFTY 200,06 Mar 2018,5654.65,5668.4,5544.8,5561.55,NIFTY 200
NIFTY 200,05 Mar 2018,5659.9,5659.95,5600.45,5620.45,NIFTY 200
NIFTY 200,01 Mar 2018,5693.55,5720.15,5669.35,5675.75,NIFTY 200
NIFTY 200,28 Feb 2018,5691.6,5719.4,5674.75,5699.5,NIFTY 200
NIFTY 200,27 Feb 2018,5762.8,5771.8,5719.2,5727.7,NIFTY 200
NIFTY 200,26 Feb 2018,5717.6,5749.75,5712.9,5745.75,NIFTY 200
NIFTY 200,23 Feb 2018,5642.65,5699.65,5636.65,5695.3,NIFTY 200
NIFTY 200,22 Feb 2018,5621.4,5638.55,5612.65,5626.55,NIFTY 200
NIFTY 200,21 Feb 2018,5663.9,5664.05,5618.15,5643.1,NIFTY 200
NIFTY 200,20 Feb 2018,5641.95,5664.85,5620.85,5630.4,NIFTY 200
NIFTY 200,19 Feb 2018,5700.2,5700.4,5593.35,5635.7,NIFTY 200
NIFTY 200,16 Feb 2018,5762.8,5772.65,5668.6,5681.4,NIFTY 200
NIFTY 200,15 Feb 2018,5750.5,5780.0,5716.25,5735.15,NIFTY 200
NIFTY 200,14 Feb 2018,5774.65,5776.05,5708.4,5730.45,NIFTY 200
NIFTY 200,12 Feb 2018,5728.7,5754.45,5714.45,5745.9,NIFTY 200
NIFTY 200,09 Feb 2018,5648.0,5703.8,5640.65,5690.25,NIFTY 200
NIFTY 200,08 Feb 2018,5697.75,5769.8,5680.8,5741.35,NIFTY 200
NIFTY 200,07 Feb 2018,5740.2,5744.35,5659.55,5675.05,NIFTY 200
NIFTY 200,06 Feb 2018,5551.95,5724.5,5542.25,5675.75,NIFTY 200
NIFTY 200,05 Feb 2018,5720.35,5783.2,5703.8,5767.4,NIFTY 200
NIFTY 200,02 Feb 2018,5922.25,5927.35,5797.8,5809.95,NIFTY 200
NIFTY 200,01 Feb 2018,5990.0,6020.35,5887.1,5970.25,NIFTY 200
NIFTY 200,31 Jan 2018,5989.05,6006.4,5949.1,5979.2,NIFTY 200
NIFTY 200,30 Jan 2018,6042.45,6042.45,5995.65,6005.1,NIFTY 200
NIFTY 200,29 Jan 2018,6042.15,6074.6,6037.65,6048.0,NIFTY 200
NIFTY 200,25 Jan 2018,6063.5,6063.75,6011.75,6032.55,NIFTY 200
NIFTY 200,24 Jan 2018,6059.25,6078.75,6037.65,6056.65,NIFTY 200
NIFTY 200,23 Jan 2018,6024.0,6071.45,6022.75,6067.3,NIFTY 200
NIFTY 200,22 Jan 2018,5963.8,6010.65,5958.35,6006.55,NIFTY 200
NIFTY 200,19 Jan 2018,5927.45,5973.15,5907.05,5966.2,NIFTY 200
NIFTY 200,18 Jan 2018,5979.55,5985.5,5895.6,5920.8,NIFTY 200
NIFTY 200,17 Jan 2018,5887.35,5941.15,5848.2,5934.55,NIFTY 200
NIFTY 200,16 Jan 2018,5942.85,5943.05,5877.55,5887.05,NIFTY 200
NIFTY 200,15 Jan 2018,5930.15,5958.35,5926.25,5931.6,NIFTY 200
NIFTY 200,12 Jan 2018,5916.4,5921.25,5859.5,5909.2,NIFTY 200
NIFTY 200,11 Jan 2018,5890.2,5907.8,5876.1,5898.3,NIFTY 200
NIFTY 200,10 Jan 2018,5904.0,5905.4,5867.15,5888.0,NIFTY 200
NIFTY 200,09 Jan 2018,5907.2,5913.0,5875.5,5895.55,NIFTY 200
NIFTY 200,08 Jan 2018,5873.95,5898.7,5872.85,5894.65,NIFTY 200
NIFTY 200,05 Jan 2018,5834.0,5857.6,5829.05,5855.3,NIFTY 200
NIFTY 200,04 Jan 2018,5792.15,5819.8,5775.35,5815.7,NIFTY 200
NIFTY 200,03 Jan 2018,5788.9,5805.35,5767.65,5776.3,NIFTY 200
NIFTY 200,02 Jan 2018,5796.0,5804.65,5741.65,5766.7,NIFTY 200
NIFTY 200,01 Jan 2018,5817.9,5825.3,5765.25,5772.85,NIFTY 200
NIFTY 500,31 Dec 2018,9194.65,9207.1,9159.3,9170.0,NIFTY 500
NIFTY 500,28 Dec 2018,9111.95,9173.6,9109.7,9152.55,NIFTY 500
NIFTY 500,27 Dec 2018,9110.85,9119.8,9070.65,9078.8,NIFTY 500
NIFTY 500,26 Dec 2018,8977.95,9056.2,8879.45,9041.7,NIFTY 500
NIFTY 500,24 Dec 2018,9100.9,9102.05,8992.2,9002.45,NIFTY 500
NIFTY 500,21 Dec 2018,9236.55,9255.8,9071.45,9082.55,NIFTY 500
NIFTY 500,20 Dec 2018,9188.35,9241.1,9180.0,9234.45,NIFTY 500
NIFTY 500,19 Dec 2018,9203.05,9258.35,9201.55,9246.8,NIFTY 500
NIFTY 500,18 Dec 2018,9126.5,9183.25,9108.1,9177.35,NIFTY 500
NIFTY 500,17 Dec 2018,9127.55,9162.95,9118.5,9153.95,NIFTY 500
NIFTY 500,14 Dec 2018,9072.45,9104.45,9046.45,9091.3,NIFTY 500
NIFTY 500,13 Dec 2018,9078.75,9113.15,9037.85,9077.3,NIFTY 500
NIFTY 500,12 Dec 2018,8882.2,9031.6,8865.0,9021.6,NIFTY 500
NIFTY 500,11 Dec 2018,8655.1,8859.65,8646.55,8845.15,NIFTY 500
NIFTY 500,10 Dec 2018,8789.75,8818.65,8760.15,8769.6,NIFTY 500
NIFTY 500,07 Dec 2018,8917.35,8947.35,8876.55,8940.65,NIFTY 500
NIFTY 500,06 Dec 2018,8975.4,8975.65,8874.95,8883.25,NIFTY 500
NIFTY 500,05 Dec 2018,9075.05,9075.35,8999.65,9029.45,NIFTY 500
NIFTY 500,04 Dec 2018,9125.2,9137.65,9094.85,9116.45,NIFTY 500
NIFTY 500,03 Dec 2018,9153.6,9157.95,9097.5,9126.9,NIFTY 500
NIFTY 500,30 Nov 2018,9107.8,9134.35,9074.7,9109.15,NIFTY 500
NIFTY 500,29 Nov 2018,9051.85,9097.0,9031.05,9081.85,NIFTY 500
NIFTY 500,28 Nov 2018,9001.3,9027.35,8984.5,8993.25,NIFTY 500
NIFTY 500,27 Nov 2018,8938.3,8990.45,8924.4,8983.9,NIFTY 500
NIFTY 500,26 Nov 2018,8913.95,8950.7,8841.1,8943.0,NIFTY 500
NIFTY 500,22 Nov 2018,8952.45,8973.9,8868.2,8879.0,NIFTY 500
NIFTY 500,21 Nov 2018,8973.9,8982.9,8896.1,8940.3,NIFTY 500
NIFTY 500,20 Nov 2018,9033.2,9039.7,8948.75,8960.15,NIFTY 500
NIFTY 500,19 Nov 2018,9031.8,9060.35,8996.35,9052.75,NIFTY 500
NIFTY 500,16 Nov 2018,8975.55,9011.15,8951.5,8993.25,NIFTY 500
NIFTY 500,15 Nov 2018,8926.55,8971.1,8894.95,8954.65,NIFTY 500
NIFTY 500,14 Nov 2018,8967.25,8980.25,8887.95,8921.45,NIFTY 500
NIFTY 500,13 Nov 2018,8834.55,8932.95,8814.6,8923.55,NIFTY 500
NIFTY 500,12 Nov 2018,8967.8,8991.15,8846.4,8859.25,NIFTY 500
NIFTY 500,09 Nov 2018,8947.6,8966.5,8898.0,8946.35,NIFTY 500
NIFTY 500,07 Nov 2018,8938.7,8940.7,8918.05,8933.5,NIFTY 500
NIFTY 500,06 Nov 2018,8902.75,8934.9,8839.65,8870.3,NIFTY 500
NIFTY 500,05 Nov 2018,8904.25,8913.0,8839.8,8877.9,NIFTY 500
NIFTY 500,02 Nov 2018,8844.1,8953.6,8840.2,8899.4,NIFTY 500
NIFTY 500,01 Nov 2018,8798.3,8800.85,8742.5,8772.5,NIFTY 500
NIFTY 500,31 Oct 2018,8617.4,8760.35,8536.0,8753.45,NIFTY 500
NIFTY 500,30 Oct 2018,8607.4,8652.75,8575.05,8600.3,NIFTY 500
NIFTY 500,29 Oct 2018,8457.5,8623.45,8409.6,8610.1,NIFTY 500
NIFTY 500,26 Oct 2018,8473.2,8493.85,8370.8,8417.25,NIFTY 500
NIFTY 500,25 Oct 2018,8476.1,8500.85,8432.5,8473.5,NIFTY 500
NIFTY 500,24 Oct 2018,8585.9,8600.0,8474.55,8555.65,NIFTY 500
NIFTY 500,23 Oct 2018,8502.6,8559.1,8447.45,8489.9,NIFTY 500
NIFTY 500,22 Oct 2018,8717.25,8719.5,8560.55,8576.95,NIFTY 500
NIFTY 500,19 Oct 2018,8676.5,8716.55,8595.45,8640.65,NIFTY 500
NIFTY 500,17 Oct 2018,8982.55,8999.65,8746.75,8758.6,NIFTY 500
NIFTY 500,16 Oct 2018,8849.25,8902.65,8835.4,8893.8,NIFTY 500
NIFTY 500,15 Oct 2018,8815.15,8821.65,8732.3,8812.0,NIFTY 500
NIFTY 500,12 Oct 2018,8649.3,8783.9,8643.35,8767.1,NIFTY 500
NIFTY 500,11 Oct 2018,8501.4,8657.0,8473.55,8565.6,NIFTY 500
NIFTY 500,10 Oct 2018,8590.45,8762.25,8588.35,8748.5,NIFTY 500
NIFTY 500,09 Oct 2018,8635.85,8645.8,8519.3,8562.95,NIFTY 500
NIFTY 500,08 Oct 2018,8611.35,8671.3,8483.15,8602.6,NIFTY 500
NIFTY 500,05 Oct 2018,8793.2,8815.8,8582.15,8624.95,NIFTY 500
NIFTY 500,04 Oct 2018,8963.7,8963.7,8812.0,8854.85,NIFTY 500
NIFTY 500,03 Oct 2018,9147.25,9157.2,9042.05,9056.7,NIFTY 500
NIFTY 500,01 Oct 2018,9107.0,9185.5,8986.4,9165.5,NIFTY 500
NIFTY 500,28 Sep 2018,9230.1,9249.35,9041.65,9116.0,NIFTY 500
NIFTY 500,27 Sep 2018,9319.8,9324.5,9188.6,9202.35,NIFTY 500
NIFTY 500,26 Sep 2018,9367.6,9367.6,9255.35,9302.25,NIFTY 500
NIFTY 500,25 Sep 2018,9238.3,9317.1,9149.0,9303.35,NIFTY 500
NIFTY 500,24 Sep 2018,9445.2,9449.75,9223.25,9243.15,NIFTY 500
NIFTY 500,21 Sep 2018,9585.1,9630.7,9134.55,9425.55,NIFTY 500
NIFTY 500,19 Sep 2018,9633.9,9640.3,9516.25,9545.7,NIFTY 500
NIFTY 500,18 Sep 2018,9701.3,9728.15,9586.0,9594.25,NIFTY 500
NIFTY 500,17 Sep 2018,9754.6,9754.6,9687.3,9696.45,NIFTY 500
NIFTY 500,14 Sep 2018,9724.2,9799.15,9722.75,9792.75,NIFTY 500
NIFTY 500,12 Sep 2018,9641.65,9669.2,9552.2,9660.6,NIFTY 500
NIFTY 500,11 Sep 2018,9770.9,9775.05,9596.5,9607.1,NIFTY 500
NIFTY 500,10 Sep 2018,9862.8,9870.7,9730.2,9740.1,NIFTY 500
NIFTY 500,07 Sep 2018,9834.55,9885.6,9779.35,9875.2,NIFTY 500
NIFTY 500,06 Sep 2018,9801.95,9832.4,9730.85,9815.45,NIFTY 500
NIFTY 500,05 Sep 2018,9795.7,9817.85,9678.2,9764.55,NIFTY 500
NIFTY 500,04 Sep 2018,9933.0,9937.75,9784.25,9806.05,NIFTY 500
NIFTY 500,03 Sep 2018,10049.85,10049.85,9908.7,9921.65,NIFTY 500
NIFTY 500,31 Aug 2018,9978.25,10027.0,9951.55,9992.0,NIFTY 500
NIFTY 500,30 Aug 2018,9979.35,9986.35,9947.0,9975.2,NIFTY 500
NIFTY 500,29 Aug 2018,9995.1,10015.35,9964.35,9973.65,NIFTY 500
NIFTY 500,28 Aug 2018,9990.25,10012.85,9963.35,9985.9,NIFTY 500
NIFTY 500,27 Aug 2018,9893.45,9966.9,9887.5,9958.8,NIFTY 500
NIFTY 500,24 Aug 2018,9860.9,9889.95,9821.45,9850.8,NIFTY 500
NIFTY 500,23 Aug 2018,9900.05,9900.05,9839.0,9872.55,NIFTY 500
NIFTY 500,21 Aug 2018,9862.9,9868.5,9831.05,9862.5,NIFTY 500
NIFTY 500,20 Aug 2018,9800.8,9846.55,9798.9,9839.75,NIFTY 500
NIFTY 500,17 Aug 2018,9730.85,9776.3,9728.2,9770.2,NIFTY 500
NIFTY 500,16 Aug 2018,9696.9,9742.5,9666.5,9685.65,NIFTY 500
NIFTY 500,14 Aug 2018,9678.7,9730.65,9672.15,9726.15,NIFTY 500
NIFTY 500,13 Aug 2018,9673.0,9704.9,9641.15,9656.5,NIFTY 500
NIFTY 500,10 Aug 2018,9776.7,9777.85,9715.3,9724.45,NIFTY 500
NIFTY 500,09 Aug 2018,9779.35,9784.05,9752.95,9769.1,NIFTY 500
NIFTY 500,08 Aug 2018,9723.8,9754.3,9696.7,9744.75,NIFTY 500
NIFTY 500,07 Aug 2018,9740.65,9744.25,9675.75,9704.8,NIFTY 500
NIFTY 500,06 Aug 2018,9723.05,9743.65,9698.0,9709.35,NIFTY 500
NIFTY 500,03 Aug 2018,9631.4,9690.55,9630.45,9685.7,NIFTY 500
NIFTY 500,02 Aug 2018,9642.1,9642.1,9579.7,9588.8,NIFTY 500
NIFTY 500,01 Aug 2018,9661.7,9683.6,9620.95,9651.7,NIFTY 500
NIFTY 500,31 Jul 2018,9615.1,9657.6,9582.7,9650.6,NIFTY 500
NIFTY 500,30 Jul 2018,9598.5,9624.9,9566.35,9618.7,NIFTY 500
NIFTY 500,27 Jul 2018,9537.0,9583.15,9526.55,9579.05,NIFTY 500
NIFTY 500,26 Jul 2018,9455.85,9502.15,9454.0,9487.9,NIFTY 500
NIFTY 500,25 Jul 2018,9466.95,9476.5,9433.9,9449.9,NIFTY 500
NIFTY 500,24 Jul 2018,9385.95,9454.8,9383.35,9450.65,NIFTY 500
NIFTY 500,23 Jul 2018,9301.7,9369.8,9295.95,9363.85,NIFTY 500
NIFTY 500,20 Jul 2018,9238.6,9295.05,9217.6,9286.1,NIFTY 500
NIFTY 500,19 Jul 2018,9284.85,9287.8,9210.1,9236.3,NIFTY 500
NIFTY 500,18 Jul 2018,9359.5,9371.95,9244.95,9269.55,NIFTY 500
NIFTY 500,17 Jul 2018,9232.55,9321.9,9214.7,9315.25,NIFTY 500
NIFTY 500,16 Jul 2018,9350.1,9350.2,9222.3,9231.25,NIFTY 500
NIFTY 500,13 Jul 2018,9406.0,9408.3,9335.1,9349.05,NIFTY 500
NIFTY 500,12 Jul 2018,9392.75,9442.4,9373.1,9380.9,NIFTY 500
NIFTY 500,11 Jul 2018,9362.6,9379.6,9333.85,9344.25,NIFTY 500
NIFTY 500,10 Jul 2018,9321.45,9365.15,9305.4,9359.4,NIFTY 500
NIFTY 500,09 Jul 2018,9250.4,9281.3,9231.8,9277.95,NIFTY 500
NIFTY 500,06 Jul 2018,9160.7,9233.0,9153.4,9194.5,NIFTY 500
NIFTY 500,05 Jul 2018,9207.6,9207.6,9153.45,9166.6,NIFTY 500
NIFTY 500,04 Jul 2018,9158.8,9200.25,9123.6,9194.55,NIFTY 500
NIFTY 500,03 Jul 2018,9113.85,9156.35,9078.8,9149.4,NIFTY 500
NIFTY 500,02 Jul 2018,9185.2,9186.55,9060.6,9109.0,NIFTY 500
NIFTY 500,29 Jun 2018,9065.9,9167.5,9065.55,9162.45,NIFTY 500
NIFTY 500,28 Jun 2018,9119.85,9125.6,9018.05,9036.95,NIFTY 500
NIFTY 500,27 Jun 2018,9246.5,9246.5,9110.25,9129.25,NIFTY 500
NIFTY 500,26 Jun 2018,9217.05,9261.7,9209.85,9231.8,NIFTY 500
NIFTY 500,25 Jun 2018,9297.65,9310.5,9225.35,9234.4,NIFTY 500
NIFTY 500,22 Jun 2018,9241.15,9307.25,9204.05,9296.65,NIFTY 500
NIFTY 500,21 Jun 2018,9305.05,9307.0,9229.8,9240.25,NIFTY 500
NIFTY 500,20 Jun 2018,9255.0,9286.65,9239.05,9276.4,NIFTY 500
NIFTY 500,19 Jun 2018,9305.4,9305.4,9225.75,9234.5,NIFTY 500
NIFTY 500,18 Jun 2018,9350.65,9354.05,9311.35,9318.55,NIFTY 500
NIFTY 500,15 Jun 2018,9358.35,9376.65,9303.25,9343.7,NIFTY 500
NIFTY 500,14 Jun 2018,9372.3,9372.55,9322.5,9356.65,NIFTY 500
NIFTY 500,13 Jun 2018,9421.0,9423.2,9382.55,9386.4,NIFTY 500
NIFTY 500,12 Jun 2018,9355.65,9394.9,9338.3,9386.45,NIFTY 500
NIFTY 500,11 Jun 2018,9334.45,9386.15,9324.3,9332.4,NIFTY 500
NIFTY 500,08 Jun 2018,9275.2,9324.7,9254.3,9316.25,NIFTY 500
NIFTY 500,07 Jun 2018,9244.7,9327.85,9243.7,9300.1,NIFTY 500
NIFTY 500,06 Jun 2018,9114.2,9214.3,9096.0,9205.9,NIFTY 500
NIFTY 500,05 Jun 2018,9176.65,9178.3,9072.65,9110.5,NIFTY 500
NIFTY 500,04 Jun 2018,9308.3,9310.9,9167.95,9175.9,NIFTY 500
NIFTY 500,01 Jun 2018,9317.8,9334.7,9245.55,9255.25,NIFTY 500
NIFTY 500,31 May 2018,9299.4,9333.65,9249.2,9315.35,NIFTY 500
NIFTY 500,30 May 2018,9220.8,9283.55,9209.85,9255.0,NIFTY 500
NIFTY 500,29 May 2018,9309.95,9337.25,9250.5,9270.6,NIFTY 500
NIFTY 500,28 May 2018,9256.8,9320.1,9251.8,9307.55,NIFTY 500
NIFTY 500,25 May 2018,9135.05,9230.7,9126.6,9215.55,NIFTY 500
NIFTY 500,24 May 2018,9098.75,9130.95,9046.7,9115.55,NIFTY 500
NIFTY 500,23 May 2018,9136.65,9151.8,9059.35,9069.8,NIFTY 500
NIFTY 500,22 May 2018,9110.65,9152.25,9080.35,9145.65,NIFTY 500
NIFTY 500,21 May 2018,9221.1,9224.95,9099.85,9108.7,NIFTY 500
NIFTY 500,18 May 2018,9298.95,9300.55,9200.3,9209.2,NIFTY 500
NIFTY 500,17 May 2018,9359.15,9360.15,9290.3,9304.45,NIFTY 500
NIFTY 500,16 May 2018,9324.7,9365.0,9275.6,9328.7,NIFTY 500
NIFTY 500,15 May 2018,9391.1,9490.8,9341.2,9365.9,NIFTY 500
NIFTY 500,14 May 2018,9425.25,9432.4,9371.45,9389.95,NIFTY 500
NIFTY 500,11 May 2018,9385.8,9421.35,9356.0,9416.35,NIFTY 500
NIFTY 500,10 May 2018,9444.65,9448.5,9351.5,9360.95,NIFTY 500
NIFTY 500,09 May 2018,9401.2,9443.15,9399.45,9418.9,NIFTY 500
NIFTY 500,08 May 2018,9451.9,9452.45,9396.75,9419.85,NIFTY 500
NIFTY 500,07 May 2018,9371.7,9424.4,9353.3,9418.8,NIFTY 500
NIFTY 500,04 May 2018,9402.5,9402.5,9327.3,9339.75,NIFTY 500
NIFTY 500,03 May 2018,9442.1,9442.2,9355.05,9388.65,NIFTY 500
NIFTY 500,02 May 2018,9531.6,9531.65,9416.5,9444.5,NIFTY 500
NIFTY 500,30 Apr 2018,9464.0,9503.6,9463.2,9496.5,NIFTY 500
NIFTY 500,27 Apr 2018,9412.95,9467.05,9410.45,9443.65,NIFTY 500
NIFTY 500,26 Apr 2018,9368.75,9388.85,9339.65,9381.35,NIFTY 500
NIFTY 500,25 Apr 2018,9387.45,9393.5,9323.4,9349.95,NIFTY 500
NIFTY 500,24 Apr 2018,9375.95,9403.4,9359.05,9390.4,NIFTY 500
NIFTY 500,23 Apr 2018,9366.8,9410.9,9324.0,9373.4,NIFTY 500
NIFTY 500,20 Apr 2018,9349.2,9359.1,9315.15,9347.65,NIFTY 500
NIFTY 500,19 Apr 2018,9345.65,9360.8,9328.5,9356.4,NIFTY 500
NIFTY 500,18 Apr 2018,9359.1,9366.75,9295.75,9311.6,NIFTY 500
NIFTY 500,17 Apr 2018,9339.4,9340.5,9287.6,9330.3,NIFTY 500
NIFTY 500,16 Apr 2018,9205.05,9317.85,9202.8,9311.3,NIFTY 500
NIFTY 500,13 Apr 2018,9276.65,9304.1,9240.7,9267.65,NIFTY 500
NIFTY 500,12 Apr 2018,9226.45,9263.35,9210.25,9247.25,NIFTY 500
NIFTY 500,11 Apr 2018,9242.3,9242.3,9179.85,9230.85,NIFTY 500
NIFTY 500,10 Apr 2018,9237.8,9246.45,9199.2,9219.15,NIFTY 500
NIFTY 500,09 Apr 2018,9179.2,9223.35,9175.9,9205.2,NIFTY 500
NIFTY 500,06 Apr 2018,9148.45,9183.45,9116.55,9172.05,NIFTY 500
NIFTY 500,05 Apr 2018,9069.05,9150.85,9068.4,9146.15,NIFTY 500
NIFTY 500,04 Apr 2018,9105.5,9120.1,8962.45,8975.6,NIFTY 500
NIFTY 500,03 Apr 2018,9004.9,9082.05,8997.7,9074.85,NIFTY 500
NIFTY 500,02 Apr 2018,8949.45,9030.7,8933.45,9023.6,NIFTY 500
NIFTY 500,28 Mar 2018,8940.2,8953.9,8899.0,8912.1,NIFTY 500
NIFTY 500,27 Mar 2018,8968.35,8995.35,8938.9,8978.1,NIFTY 500
NIFTY 500,26 Mar 2018,8795.05,8923.05,8765.85,8914.35,NIFTY 500
NIFTY 500,23 Mar 2018,8765.65,8815.55,8744.5,8800.8,NIFTY 500
NIFTY 500,22 Mar 2018,8961.95,8991.7,8897.3,8904.0,NIFTY 500
NIFTY 500,21 Mar 2018,8970.85,9015.65,8929.65,8949.1,NIFTY 500
NIFTY 500,20 Mar 2018,8854.0,8945.35,8847.8,8920.45,NIFTY 500
NIFTY 500,19 Mar 2018,9026.4,9032.3,8879.3,8894.2,NIFTY 500
NIFTY 500,16 Mar 2018,9127.8,9128.5,8991.85,9004.45,NIFTY 500
NIFTY 500,15 Mar 2018,9151.35,9177.95,9122.65,9133.9,NIFTY 500
NIFTY 500,14 Mar 2018,9126.9,9158.2,9091.45,9151.55,NIFTY 500
NIFTY 500,13 Mar 2018,9102.7,9194.35,9096.2,9157.9,NIFTY 500
NIFTY 500,12 Mar 2018,9053.7,9130.4,9034.25,9121.75,NIFTY 500
NIFTY 500,09 Mar 2018,9032.55,9051.4,8972.5,8986.4,NIFTY 500
NIFTY 500,08 Mar 2018,8992.4,9021.65,8898.9,9000.7,NIFTY 500
NIFTY 500,07 Mar 2018,9025.1,9029.95,8924.7,8936.85,NIFTY 500
NIFTY 500,06 Mar 2018,9191.45,9214.45,9013.45,9039.8,NIFTY 500
NIFTY 500,05 Mar 2018,9202.1,9202.2,9104.15,9136.1,NIFTY 500
NIFTY 500,01 Mar 2018,9254.4,9297.4,9215.8,9225.35,NIFTY 500
NIFTY 500,28 Feb 2018,9244.5,9290.2,9213.85,9261.9,NIFTY 500
NIFTY 500,27 Feb 2018,9360.9,9374.9,9289.25,9302.25,NIFTY 500
NIFTY 500,26 Feb 2018,9291.05,9338.2,9280.8,9332.65,NIFTY 500
NIFTY 500,23 Feb 2018,9165.45,9257.5,9157.1,9251.35,NIFTY 500
NIFTY 500,22 Feb 2018,9133.9,9160.6,9119.3,9138.5,NIFTY 500
NIFTY 500,21 Feb 2018,9205.1,9205.4,9129.35,9167.6,NIFTY 500
NIFTY 500,20 Feb 2018,9171.2,9207.35,9135.7,9151.05,NIFTY 500
NIFTY 500,19 Feb 2018,9265.0,9265.25,9091.75,9159.95,NIFTY 500
NIFTY 500,16 Feb 2018,9369.25,9386.0,9212.2,9235.6,NIFTY 500
NIFTY 500,15 Feb 2018,9360.45,9399.4,9293.35,9323.6,NIFTY 500
NIFTY 500,14 Feb 2018,9397.8,9399.8,9292.85,9326.7,NIFTY 500
NIFTY 500,12 Feb 2018,9314.3,9362.3,9296.6,9348.45,NIFTY 500
NIFTY 500,09 Feb 2018,9167.0,9272.05,9155.0,9251.1,NIFTY 500
NIFTY 500,08 Feb 2018,9246.05,9365.75,9220.35,9322.6,NIFTY 500
NIFTY 500,07 Feb 2018,9300.15,9306.8,9181.7,9206.35,NIFTY 500
NIFTY 500,06 Feb 2018,8985.8,9265.9,8968.5,9190.55,NIFTY 500
NIFTY 500,05 Feb 2018,9254.55,9367.55,9221.05,9344.4,NIFTY 500
NIFTY 500,02 Feb 2018,9606.1,9611.35,9392.9,9409.8,NIFTY 500
NIFTY 500,01 Feb 2018,9717.3,9764.35,9551.55,9687.05,NIFTY 500
NIFTY 500,31 Jan 2018,9716.7,9746.05,9648.15,9697.9,NIFTY 500
NIFTY 500,30 Jan 2018,9809.95,9810.0,9729.15,9743.05,NIFTY 500
NIFTY 500,29 Jan 2018,9829.0,9868.4,9806.05,9819.45,NIFTY 500
NIFTY 500,25 Jan 2018,9866.85,9866.85,9780.35,9810.0,NIFTY 500
NIFTY 500,24 Jan 2018,9865.7,9895.0,9825.25,9853.9,NIFTY 500
NIFTY 500,23 Jan 2018,9816.4,9885.25,9814.65,9877.2,NIFTY 500
NIFTY 500,22 Jan 2018,9721.45,9793.4,9710.95,9787.3,NIFTY 500
NIFTY 500,19 Jan 2018,9658.4,9733.5,9625.1,9723.1,NIFTY 500
NIFTY 500,18 Jan 2018,9761.1,9769.8,9605.4,9646.8,NIFTY 500
NIFTY 500,17 Jan 2018,9612.1,9696.4,9536.2,9686.6,NIFTY 500
NIFTY 500,16 Jan 2018,9720.1,9720.35,9598.05,9612.6,NIFTY 500
NIFTY 500,15 Jan 2018,9700.95,9743.65,9690.9,9699.85,NIFTY 500
NIFTY 500,12 Jan 2018,9681.85,9689.75,9583.2,9665.2,NIFTY 500
NIFTY 500,11 Jan 2018,9635.9,9669.3,9614.65,9650.3,NIFTY 500
NIFTY 500,10 Jan 2018,9655.75,9658.8,9593.5,9630.6,NIFTY 500
NIFTY 500,09 Jan 2018,9661.1,9669.45,9607.7,9640.75,NIFTY 500
NIFTY 500,08 Jan 2018,9608.15,9645.75,9606.5,9639.25,NIFTY 500
NIFTY 500,05 Jan 2018,9536.75,9577.3,9529.95,9573.45,NIFTY 500
NIFTY 500,04 Jan 2018,9468.1,9511.85,9441.9,9505.75,NIFTY 500
NIFTY 500,03 Jan 2018,9455.55,9483.35,9424.1,9439.35,NIFTY 500
NIFTY 500,02 Jan 2018,9474.1,9487.8,9377.3,9417.85,NIFTY 500
NIFTY 500,01 Jan 2018,9500.2,9518.9,9421.7,9434.5,NIFTY 500
NIFTY MIDCAP 50,31 Dec 2018,4936.1,4954.4,4923.95,4930.95,NIFTY MIDCAP 50
NIFTY MIDCAP 50,28 Dec 2018,4875.35,4920.55,4873.85,4911.9,NIFTY MIDCAP 50
NIFTY MIDCAP 50,27 Dec 2018,4863.65,4869.05,4820.05,4853.9,NIFTY MIDCAP 50
NIFTY MIDCAP 50,26 Dec 2018,4802.85,4836.45,4720.25,4825.95,NIFTY MIDCAP 50
NIFTY MIDCAP 50,24 Dec 2018,4858.5,4861.8,4803.0,4815.9,NIFTY MIDCAP 50
NIFTY MIDCAP 50,21 Dec 2018,4958.65,4980.85,4837.35,4844.7,NIFTY MIDCAP 50
NIFTY MIDCAP 50,20 Dec 2018,4899.55,4960.45,4887.0,4945.1,NIFTY MIDCAP 50
NIFTY MIDCAP 50,19 Dec 2018,4874.8,4937.35,4872.35,4929.3,NIFTY MIDCAP 50
NIFTY MIDCAP 50,18 Dec 2018,4811.1,4852.2,4806.4,4846.95,NIFTY MIDCAP 50
NIFTY MIDCAP 50,17 Dec 2018,4807.05,4833.8,4798.85,4824.65,NIFTY MIDCAP 50
NIFTY MIDCAP 50,14 Dec 2018,4771.15,4804.5,4752.25,4792.0,NIFTY MIDCAP 50
NIFTY MIDCAP 50,13 Dec 2018,4781.25,4817.45,4742.75,4772.65,NIFTY MIDCAP 50
NIFTY MIDCAP 50,12 Dec 2018,4653.25,4759.65,4651.9,4753.5,NIFTY MIDCAP 50
NIFTY MIDCAP 50,11 Dec 2018,4486.55,4646.25,4485.75,4634.45,NIFTY MIDCAP 50
NIFTY MIDCAP 50,10 Dec 2018,4541.05,4582.1,4525.35,4552.65,NIFTY MIDCAP 50
NIFTY MIDCAP 50,07 Dec 2018,4638.6,4655.25,4579.3,4630.85,NIFTY MIDCAP 50
NIFTY MIDCAP 50,06 Dec 2018,4678.8,4678.8,4613.9,4620.95,NIFTY MIDCAP 50
NIFTY MIDCAP 50,05 Dec 2018,4763.8,4774.5,4681.4,4706.55,NIFTY MIDCAP 50
NIFTY MIDCAP 50,04 Dec 2018,4818.6,4826.95,4789.7,4795.5,NIFTY MIDCAP 50
NIFTY MIDCAP 50,03 Dec 2018,4801.3,4841.3,4779.35,4815.9,NIFTY MIDCAP 50
NIFTY MIDCAP 50,30 Nov 2018,4775.85,4796.65,4762.4,4780.0,NIFTY MIDCAP 50
NIFTY MIDCAP 50,29 Nov 2018,4762.4,4768.25,4731.95,4761.25,NIFTY MIDCAP 50
NIFTY MIDCAP 50,28 Nov 2018,4816.25,4822.8,4734.15,4740.9,NIFTY MIDCAP 50
NIFTY MIDCAP 50,27 Nov 2018,4788.75,4818.35,4779.3,4813.75,NIFTY MIDCAP 50
NIFTY MIDCAP 50,26 Nov 2018,4798.4,4810.6,4749.1,4792.1,NIFTY MIDCAP 50
NIFTY MIDCAP 50,22 Nov 2018,4846.45,4855.05,4772.7,4780.1,NIFTY MIDCAP 50
NIFTY MIDCAP 50,21 Nov 2018,4798.1,4841.25,4776.6,4835.6,NIFTY MIDCAP 50
NIFTY MIDCAP 50,20 Nov 2018,4823.45,4857.65,4776.75,4786.7,NIFTY MIDCAP 50
NIFTY MIDCAP 50,19 Nov 2018,4818.8,4849.0,4790.2,4840.7,NIFTY MIDCAP 50
NIFTY MIDCAP 50,16 Nov 2018,4839.45,4850.65,4777.5,4806.95,NIFTY MIDCAP 50
NIFTY MIDCAP 50,15 Nov 2018,4806.55,4841.25,4762.1,4833.65,NIFTY MIDCAP 50
NIFTY MIDCAP 50,14 Nov 2018,4844.85,4851.1,4783.7,4801.65,NIFTY MIDCAP 50
NIFTY MIDCAP 50,13 Nov 2018,4765.95,4813.25,4714.1,4808.1,NIFTY MIDCAP 50
NIFTY MIDCAP 50,12 Nov 2018,4839.9,4864.05,4770.35,4782.75,NIFTY MIDCAP 50
NIFTY MIDCAP 50,09 Nov 2018,4775.75,4838.05,4760.8,4830.6,NIFTY MIDCAP 50
NIFTY MIDCAP 50,07 Nov 2018,4780.35,4783.95,4763.85,4773.0,NIFTY MIDCAP 50
NIFTY MIDCAP 50,06 Nov 2018,4777.65,4796.15,4733.8,4745.45,NIFTY MIDCAP 50
NIFTY MIDCAP 50,05 Nov 2018,4775.3,4806.05,4736.85,4766.25,NIFTY MIDCAP 50
NIFTY MIDCAP 50,02 Nov 2018,4810.35,4875.1,4765.9,4781.5,NIFTY MIDCAP 50
NIFTY MIDCAP 50,01 Nov 2018,4742.85,4785.75,4730.75,4758.5,NIFTY MIDCAP 50
NIFTY MIDCAP 50,31 Oct 2018,4678.9,4734.9,4618.95,4730.9,NIFTY MIDCAP 50
NIFTY MIDCAP 50,30 Oct 2018,4619.7,4682.4,4604.85,4653.4,NIFTY MIDCAP 50
NIFTY MIDCAP 50,29 Oct 2018,4457.8,4620.75,4439.7,4614.45,NIFTY MIDCAP 50
NIFTY MIDCAP 50,26 Oct 2018,4459.8,4510.8,4384.9,4444.4,NIFTY MIDCAP 50
NIFTY MIDCAP 50,25 Oct 2018,4432.5,4495.25,4410.25,4462.35,NIFTY MIDCAP 50
NIFTY MIDCAP 50,24 Oct 2018,4456.8,4490.9,4420.65,4481.85,NIFTY MIDCAP 50
NIFTY MIDCAP 50,23 Oct 2018,4407.85,4464.0,4367.0,4412.35,NIFTY MIDCAP 50
NIFTY MIDCAP 50,22 Oct 2018,4519.8,4528.65,4436.3,4446.8,NIFTY MIDCAP 50
NIFTY MIDCAP 50,19 Oct 2018,4503.95,4552.25,4428.3,4490.25,NIFTY MIDCAP 50
NIFTY MIDCAP 50,17 Oct 2018,4699.8,4704.05,4531.35,4538.65,NIFTY MIDCAP 50
NIFTY MIDCAP 50,16 Oct 2018,4616.4,4653.05,4602.75,4649.15,NIFTY MIDCAP 50
NIFTY MIDCAP 50,15 Oct 2018,4586.85,4606.55,4526.8,4592.3,NIFTY MIDCAP 50
NIFTY MIDCAP 50,12 Oct 2018,4480.65,4583.35,4479.9,4561.4,NIFTY MIDCAP 50
NIFTY MIDCAP 50,11 Oct 2018,4399.45,4539.4,4382.0,4434.55,NIFTY MIDCAP 50
NIFTY MIDCAP 50,10 Oct 2018,4380.75,4584.85,4380.55,4574.85,NIFTY MIDCAP 50
NIFTY MIDCAP 50,09 Oct 2018,4377.2,4414.3,4307.8,4368.55,NIFTY MIDCAP 50
NIFTY MIDCAP 50,08 Oct 2018,4379.95,4433.45,4288.8,4367.1,NIFTY MIDCAP 50
NIFTY MIDCAP 50,05 Oct 2018,4530.15,4553.75,4382.45,4407.5,NIFTY MIDCAP 50
NIFTY MIDCAP 50,04 Oct 2018,4584.2,4624.7,4504.3,4553.3,NIFTY MIDCAP 50
NIFTY MIDCAP 50,03 Oct 2018,4696.6,4733.15,4638.05,4650.45,NIFTY MIDCAP 50
NIFTY MIDCAP 50,01 Oct 2018,4611.95,4721.65,4502.7,4711.7,NIFTY MIDCAP 50
NIFTY MIDCAP 50,28 Sep 2018,4753.2,4764.75,4571.65,4622.85,NIFTY MIDCAP 50
NIFTY MIDCAP 50,27 Sep 2018,4840.3,4844.85,4722.85,4729.4,NIFTY MIDCAP 50
NIFTY MIDCAP 50,26 Sep 2018,4846.05,4862.4,4791.05,4837.55,NIFTY MIDCAP 50
NIFTY MIDCAP 50,25 Sep 2018,4770.65,4832.2,4702.8,4807.95,NIFTY MIDCAP 50
NIFTY MIDCAP 50,24 Sep 2018,4913.1,4920.5,4756.55,4780.4,NIFTY MIDCAP 50
NIFTY MIDCAP 50,21 Sep 2018,5082.25,5096.55,4624.9,4892.65,NIFTY MIDCAP 50
NIFTY MIDCAP 50,19 Sep 2018,5106.85,5120.2,5013.7,5043.15,NIFTY MIDCAP 50
NIFTY MIDCAP 50,18 Sep 2018,5157.9,5181.25,5069.05,5077.0,NIFTY MIDCAP 50
NIFTY MIDCAP 50,17 Sep 2018,5163.7,5184.3,5115.35,5153.8,NIFTY MIDCAP 50
NIFTY MIDCAP 50,14 Sep 2018,5117.4,5188.8,5117.4,5183.05,NIFTY MIDCAP 50
NIFTY MIDCAP 50,12 Sep 2018,5060.55,5098.15,4982.5,5083.65,NIFTY MIDCAP 50
NIFTY MIDCAP 50,11 Sep 2018,5132.95,5152.85,5043.1,5052.1,NIFTY MIDCAP 50
NIFTY MIDCAP 50,10 Sep 2018,5225.55,5248.65,5109.2,5120.15,NIFTY MIDCAP 50
NIFTY MIDCAP 50,07 Sep 2018,5160.75,5241.0,5130.6,5233.9,NIFTY MIDCAP 50
NIFTY MIDCAP 50,06 Sep 2018,5170.6,5179.3,5099.65,5155.05,NIFTY MIDCAP 50
NIFTY MIDCAP 50,05 Sep 2018,5139.55,5172.6,5041.45,5139.7,NIFTY MIDCAP 50
NIFTY MIDCAP 50,04 Sep 2018,5317.85,5322.75,5133.85,5147.55,NIFTY MIDCAP 50
NIFTY MIDCAP 50,03 Sep 2018,5375.85,5387.9,5298.65,5311.3,NIFTY MIDCAP 50
NIFTY MIDCAP 50,31 Aug 2018,5330.1,5366.85,5302.95,5345.45,NIFTY MIDCAP 50
NIFTY MIDCAP 50,30 Aug 2018,5331.15,5350.95,5307.5,5330.45,NIFTY MIDCAP 50
NIFTY MIDCAP 50,29 Aug 2018,5281.25,5349.0,5279.4,5321.4,NIFTY MIDCAP 50
NIFTY MIDCAP 50,28 Aug 2018,5294.7,5304.75,5252.4,5272.55,NIFTY MIDCAP 50
NIFTY MIDCAP 50,27 Aug 2018,5250.65,5290.9,5240.05,5280.75,NIFTY MIDCAP 50
NIFTY MIDCAP 50,24 Aug 2018,5222.95,5253.7,5183.05,5220.1,NIFTY MIDCAP 50
NIFTY MIDCAP 50,23 Aug 2018,5243.9,5243.9,5180.9,5223.15,NIFTY MIDCAP 50
NIFTY MIDCAP 50,21 Aug 2018,5240.95,5246.2,5214.05,5229.05,NIFTY MIDCAP 50
NIFTY MIDCAP 50,20 Aug 2018,5183.2,5227.45,5178.7,5223.95,NIFTY MIDCAP 50
NIFTY MIDCAP 50,17 Aug 2018,5129.65,5166.85,5125.7,5162.9,NIFTY MIDCAP 50
NIFTY MIDCAP 50,16 Aug 2018,5078.55,5131.2,5066.45,5102.5,NIFTY MIDCAP 50
NIFTY MIDCAP 50,14 Aug 2018,5038.55,5103.15,5029.15,5095.0,NIFTY MIDCAP 50
NIFTY MIDCAP 50,13 Aug 2018,5001.25,5057.6,4974.7,5021.7,NIFTY MIDCAP 50
NIFTY MIDCAP 50,10 Aug 2018,5076.5,5083.2,5027.3,5037.65,NIFTY MIDCAP 50
NIFTY MIDCAP 50,09 Aug 2018,5052.55,5076.9,5036.5,5065.75,NIFTY MIDCAP 50
NIFTY MIDCAP 50,08 Aug 2018,5029.85,5042.5,5009.8,5025.9,NIFTY MIDCAP 50
NIFTY MIDCAP 50,07 Aug 2018,5066.1,5069.85,4992.35,5020.05,NIFTY MIDCAP 50
NIFTY MIDCAP 50,06 Aug 2018,5066.85,5078.4,5028.25,5050.0,NIFTY MIDCAP 50
NIFTY MIDCAP 50,03 Aug 2018,5020.3,5064.75,5017.85,5039.4,NIFTY MIDCAP 50
NIFTY MIDCAP 50,02 Aug 2018,4993.15,5031.05,4937.05,4997.8,NIFTY MIDCAP 50
NIFTY MIDCAP 50,01 Aug 2018,5027.05,5043.15,4979.85,4997.0,NIFTY MIDCAP 50
NIFTY MIDCAP 50,31 Jul 2018,5002.55,5021.65,4981.55,5010.9,NIFTY MIDCAP 50
NIFTY MIDCAP 50,30 Jul 2018,4993.05,5003.8,4957.55,4996.35,NIFTY MIDCAP 50
NIFTY MIDCAP 50,27 Jul 2018,4953.9,5003.4,4953.85,4983.1,NIFTY MIDCAP 50
NIFTY MIDCAP 50,26 Jul 2018,4900.4,4944.4,4893.2,4933.1,NIFTY MIDCAP 50
NIFTY MIDCAP 50,25 Jul 2018,4912.35,4932.0,4880.25,4891.05,NIFTY MIDCAP 50
NIFTY MIDCAP 50,24 Jul 2018,4851.2,4909.1,4836.3,4899.0,NIFTY MIDCAP 50
NIFTY MIDCAP 50,23 Jul 2018,4813.05,4849.25,4754.25,4844.55,NIFTY MIDCAP 50
NIFTY MIDCAP 50,20 Jul 2018,4753.35,4807.85,4734.75,4798.1,NIFTY MIDCAP 50
NIFTY MIDCAP 50,19 Jul 2018,4808.2,4810.8,4713.45,4761.05,NIFTY MIDCAP 50
NIFTY MIDCAP 50,18 Jul 2018,4908.75,4923.3,4754.6,4801.75,NIFTY MIDCAP 50
NIFTY MIDCAP 50,17 Jul 2018,4727.6,4886.4,4706.8,4882.7,NIFTY MIDCAP 50
NIFTY MIDCAP 50,16 Jul 2018,4857.6,4857.6,4725.05,4729.35,NIFTY MIDCAP 50
NIFTY MIDCAP 50,13 Jul 2018,4946.0,4947.0,4853.55,4864.55,NIFTY MIDCAP 50
NIFTY MIDCAP 50,12 Jul 2018,4985.5,5005.1,4919.9,4930.8,NIFTY MIDCAP 50
NIFTY MIDCAP 50,11 Jul 2018,4993.75,5005.9,4942.8,4955.85,NIFTY MIDCAP 50
NIFTY MIDCAP 50,10 Jul 2018,4990.95,5010.55,4978.85,4999.8,NIFTY MIDCAP 50
NIFTY MIDCAP 50,09 Jul 2018,4910.0,4973.8,4906.1,4968.8,NIFTY MIDCAP 50
NIFTY MIDCAP 50,06 Jul 2018,4839.65,4905.15,4835.3,4877.85,NIFTY MIDCAP 50
NIFTY MIDCAP 50,05 Jul 2018,4909.0,4911.0,4835.0,4843.8,NIFTY MIDCAP 50
NIFTY MIDCAP 50,04 Jul 2018,4891.2,4904.8,4860.35,4899.05,NIFTY MIDCAP 50
NIFTY MIDCAP 50,03 Jul 2018,4811.85,4892.25,4796.2,4883.8,NIFTY MIDCAP 50
NIFTY MIDCAP 50,02 Jul 2018,4874.1,4874.1,4777.35,4820.75,NIFTY MIDCAP 50
NIFTY MIDCAP 50,29 Jun 2018,4779.0,4856.1,4778.0,4850.7,NIFTY MIDCAP 50
NIFTY MIDCAP 50,28 Jun 2018,4847.5,4852.2,4741.8,4754.4,NIFTY MIDCAP 50
NIFTY MIDCAP 50,27 Jun 2018,4948.45,4948.45,4832.8,4857.1,NIFTY MIDCAP 50
NIFTY MIDCAP 50,26 Jun 2018,4926.45,4955.95,4909.9,4942.15,NIFTY MIDCAP 50
NIFTY MIDCAP 50,25 Jun 2018,4961.9,4987.6,4931.0,4941.25,NIFTY MIDCAP 50
NIFTY MIDCAP 50,22 Jun 2018,4945.4,4965.55,4904.05,4962.1,NIFTY MIDCAP 50
NIFTY MIDCAP 50,21 Jun 2018,4991.25,4993.8,4935.3,4943.4,NIFTY MIDCAP 50
NIFTY MIDCAP 50,20 Jun 2018,4948.65,4979.75,4933.55,4977.45,NIFTY MIDCAP 50
NIFTY MIDCAP 50,19 Jun 2018,4995.5,5004.0,4927.25,4945.05,NIFTY MIDCAP 50
NIFTY MIDCAP 50,18 Jun 2018,5028.6,5050.0,4998.35,5012.55,NIFTY MIDCAP 50
NIFTY MIDCAP 50,15 Jun 2018,5052.35,5068.65,5002.25,5026.15,NIFTY MIDCAP 50
NIFTY MIDCAP 50,14 Jun 2018,5029.7,5048.9,5009.55,5045.4,NIFTY MIDCAP 50
NIFTY MIDCAP 50,13 Jun 2018,5072.65,5098.4,5032.95,5038.5,NIFTY MIDCAP 50
NIFTY MIDCAP 50,12 Jun 2018,5010.35,5060.25,5005.5,5053.45,NIFTY MIDCAP 50
NIFTY MIDCAP 50,11 Jun 2018,5034.0,5056.0,4999.4,5006.9,NIFTY MIDCAP 50
NIFTY MIDCAP 50,08 Jun 2018,4982.25,5022.4,4967.85,5018.65,NIFTY MIDCAP 50
NIFTY MIDCAP 50,07 Jun 2018,4957.15,5002.1,4943.5,4993.25,NIFTY MIDCAP 50
NIFTY MIDCAP 50,06 Jun 2018,4867.15,4936.3,4835.1,4924.7,NIFTY MIDCAP 50
NIFTY MIDCAP 50,05 Jun 2018,4921.2,4921.45,4797.05,4861.75,NIFTY MIDCAP 50
NIFTY MIDCAP 50,04 Jun 2018,4972.3,4976.2,4893.05,4907.05,NIFTY MIDCAP 50
NIFTY MIDCAP 50,01 Jun 2018,5013.9,5024.5,4923.5,4953.4,NIFTY MIDCAP 50
NIFTY MIDCAP 50,31 May 2018,5063.15,5064.6,5004.85,5013.05,NIFTY MIDCAP 50
NIFTY MIDCAP 50,30 May 2018,5007.55,5051.65,5001.35,5041.7,NIFTY MIDCAP 50
NIFTY MIDCAP 50,29 May 2018,5085.25,5101.9,5021.6,5047.35,NIFTY MIDCAP 50
NIFTY MIDCAP 50,28 May 2018,5052.15,5096.75,5031.0,5085.75,NIFTY MIDCAP 50
NIFTY MIDCAP 50,25 May 2018,4908.7,5031.95,4897.4,5018.75,NIFTY MIDCAP 50
NIFTY MIDCAP 50,24 May 2018,4934.6,4944.15,4863.55,4896.0,NIFTY MIDCAP 50
NIFTY MIDCAP 50,23 May 2018,4952.15,4974.55,4916.15,4924.55,NIFTY MIDCAP 50
NIFTY MIDCAP 50,22 May 2018,4941.45,4964.0,4895.85,4957.15,NIFTY MIDCAP 50
NIFTY MIDCAP 50,21 May 2018,5008.1,5016.05,4915.0,4936.25,NIFTY MIDCAP 50
NIFTY MIDCAP 50,18 May 2018,5094.25,5097.15,4999.8,5014.3,NIFTY MIDCAP 50
NIFTY MIDCAP 50,17 May 2018,5109.85,5120.85,5082.0,5103.1,NIFTY MIDCAP 50
NIFTY MIDCAP 50,16 May 2018,5087.15,5125.3,5058.2,5093.7,NIFTY MIDCAP 50
NIFTY MIDCAP 50,15 May 2018,5153.7,5215.6,5074.4,5111.75,NIFTY MIDCAP 50
NIFTY MIDCAP 50,14 May 2018,5223.05,5229.95,5157.05,5167.25,NIFTY MIDCAP 50
NIFTY MIDCAP 50,11 May 2018,5213.15,5237.45,5178.9,5231.05,NIFTY MIDCAP 50
NIFTY MIDCAP 50,10 May 2018,5288.6,5292.2,5186.1,5194.95,NIFTY MIDCAP 50
NIFTY MIDCAP 50,09 May 2018,5334.35,5341.1,5288.9,5295.2,NIFTY MIDCAP 50
NIFTY MIDCAP 50,08 May 2018,5364.4,5364.7,5323.5,5341.55,NIFTY MIDCAP 50
NIFTY MIDCAP 50,07 May 2018,5307.55,5351.45,5282.3,5344.75,NIFTY MIDCAP 50
NIFTY MIDCAP 50,04 May 2018,5291.1,5318.55,5263.65,5286.45,NIFTY MIDCAP 50
NIFTY MIDCAP 50,03 May 2018,5361.9,5362.75,5267.2,5293.7,NIFTY MIDCAP 50
NIFTY MIDCAP 50,02 May 2018,5474.15,5474.15,5340.7,5365.4,NIFTY MIDCAP 50
NIFTY MIDCAP 50,30 Apr 2018,5444.05,5469.25,5434.35,5461.25,NIFTY MIDCAP 50
NIFTY MIDCAP 50,27 Apr 2018,5392.6,5449.0,5388.85,5424.5,NIFTY MIDCAP 50
NIFTY MIDCAP 50,26 Apr 2018,5374.3,5378.8,5341.85,5371.9,NIFTY MIDCAP 50
NIFTY MIDCAP 50,25 Apr 2018,5367.1,5383.45,5333.45,5351.25,NIFTY MIDCAP 50
NIFTY MIDCAP 50,24 Apr 2018,5402.3,5410.15,5361.75,5374.3,NIFTY MIDCAP 50
NIFTY MIDCAP 50,23 Apr 2018,5374.15,5403.1,5358.9,5386.05,NIFTY MIDCAP 50
NIFTY MIDCAP 50,20 Apr 2018,5388.1,5388.75,5339.8,5373.1,NIFTY MIDCAP 50
NIFTY MIDCAP 50,19 Apr 2018,5380.75,5407.55,5362.8,5401.3,NIFTY MIDCAP 50
NIFTY MIDCAP 50,18 Apr 2018,5396.65,5401.4,5345.75,5361.95,NIFTY MIDCAP 50
NIFTY MIDCAP 50,17 Apr 2018,5393.8,5399.05,5350.3,5376.3,NIFTY MIDCAP 50
NIFTY MIDCAP 50,16 Apr 2018,5298.75,5379.15,5287.05,5375.8,NIFTY MIDCAP 50
NIFTY MIDCAP 50,13 Apr 2018,5303.45,5342.5,5295.7,5329.15,NIFTY MIDCAP 50
NIFTY MIDCAP 50,12 Apr 2018,5289.65,5310.95,5259.5,5280.5,NIFTY MIDCAP 50
NIFTY MIDCAP 50,11 Apr 2018,5308.8,5309.2,5252.05,5288.4,NIFTY MIDCAP 50
NIFTY MIDCAP 50,10 Apr 2018,5301.25,5313.05,5263.5,5290.35,NIFTY MIDCAP 50
NIFTY MIDCAP 50,09 Apr 2018,5261.95,5297.65,5258.85,5276.65,NIFTY MIDCAP 50
NIFTY MIDCAP 50,06 Apr 2018,5216.35,5253.1,5193.4,5246.6,NIFTY MIDCAP 50
NIFTY MIDCAP 50,05 Apr 2018,5148.3,5216.1,5147.45,5210.4,NIFTY MIDCAP 50
NIFTY MIDCAP 50,04 Apr 2018,5170.85,5195.6,5075.65,5084.2,NIFTY MIDCAP 50
NIFTY MIDCAP 50,03 Apr 2018,5070.5,5144.35,5068.4,5141.35,NIFTY MIDCAP 50
NIFTY MIDCAP 50,02 Apr 2018,4999.45,5080.1,4991.95,5078.1,NIFTY MIDCAP 50
NIFTY MIDCAP 50,28 Mar 2018,4986.6,4997.6,4963.3,4975.3,NIFTY MIDCAP 50
NIFTY MIDCAP 50,27 Mar 2018,4970.35,5028.25,4968.95,5013.5,NIFTY MIDCAP 50
NIFTY MIDCAP 50,26 Mar 2018,4838.0,4941.65,4809.5,4930.95,NIFTY MIDCAP 50
NIFTY MIDCAP 50,23 Mar 2018,4828.25,4849.75,4795.1,4842.8,NIFTY MIDCAP 50
NIFTY MIDCAP 50,22 Mar 2018,4979.25,4984.75,4912.25,4922.7,NIFTY MIDCAP 50
NIFTY MIDCAP 50,21 Mar 2018,4993.7,5027.75,4960.65,4969.95,NIFTY MIDCAP 50
NIFTY MIDCAP 50,20 Mar 2018,4909.35,4978.35,4889.4,4966.1,NIFTY MIDCAP 50
NIFTY MIDCAP 50,19 Mar 2018,5046.0,5054.25,4927.45,4942.2,NIFTY MIDCAP 50
NIFTY MIDCAP 50,16 Mar 2018,5092.65,5108.75,5026.35,5037.0,NIFTY MIDCAP 50
NIFTY MIDCAP 50,15 Mar 2018,5084.25,5126.45,5077.2,5090.9,NIFTY MIDCAP 50
NIFTY MIDCAP 50,14 Mar 2018,5029.9,5088.55,5024.25,5080.8,NIFTY MIDCAP 50
NIFTY MIDCAP 50,13 Mar 2018,5004.55,5089.15,4995.2,5057.0,NIFTY MIDCAP 50
NIFTY MIDCAP 50,12 Mar 2018,5002.25,5012.7,4932.8,5007.1,NIFTY MIDCAP 50
NIFTY MIDCAP 50,09 Mar 2018,5022.0,5025.2,4944.35,4959.85,NIFTY MIDCAP 50
NIFTY MIDCAP 50,08 Mar 2018,4993.15,5008.4,4898.05,4996.7,NIFTY MIDCAP 50
NIFTY MIDCAP 50,07 Mar 2018,5034.4,5036.4,4943.55,4953.6,NIFTY MIDCAP 50
NIFTY MIDCAP 50,06 Mar 2018,5137.6,5162.45,5026.25,5046.05,NIFTY MIDCAP 50
NIFTY MIDCAP 50,05 Mar 2018,5158.7,5158.7,5074.6,5106.1,NIFTY MIDCAP 50
NIFTY MIDCAP 50,01 Mar 2018,5185.1,5225.7,5154.1,5162.7,NIFTY MIDCAP 50
NIFTY MIDCAP 50,28 Feb 2018,5159.7,5212.15,5130.35,5192.95,NIFTY MIDCAP 50
NIFTY MIDCAP 50,27 Feb 2018,5254.55,5259.9,5186.35,5195.7,NIFTY MIDCAP 50
NIFTY MIDCAP 50,26 Feb 2018,5217.75,5246.25,5186.3,5233.55,NIFTY MIDCAP 50
NIFTY MIDCAP 50,23 Feb 2018,5082.3,5191.6,5075.65,5185.65,NIFTY MIDCAP 50
NIFTY MIDCAP 50,22 Feb 2018,5057.35,5084.7,5045.9,5052.95,NIFTY MIDCAP 50
NIFTY MIDCAP 50,21 Feb 2018,5088.45,5095.5,5033.3,5077.6,NIFTY MIDCAP 50
NIFTY MIDCAP 50,20 Feb 2018,5071.8,5106.5,5045.9,5065.35,NIFTY MIDCAP 50
NIFTY MIDCAP 50,19 Feb 2018,5137.8,5140.5,5018.2,5071.7,NIFTY MIDCAP 50
NIFTY MIDCAP 50,16 Feb 2018,5223.1,5243.15,5116.3,5131.25,NIFTY MIDCAP 50
NIFTY MIDCAP 50,15 Feb 2018,5268.95,5273.95,5165.75,5200.4,NIFTY MIDCAP 50
NIFTY MIDCAP 50,14 Feb 2018,5295.5,5308.85,5237.1,5254.75,NIFTY MIDCAP 50
NIFTY MIDCAP 50,12 Feb 2018,5216.0,5272.85,5208.3,5257.4,NIFTY MIDCAP 50
NIFTY MIDCAP 50,09 Feb 2018,5065.75,5193.9,5061.2,5172.05,NIFTY MIDCAP 50
NIFTY MIDCAP 50,08 Feb 2018,5067.05,5179.65,5059.5,5171.95,NIFTY MIDCAP 50
NIFTY MIDCAP 50,07 Feb 2018,5096.15,5115.8,5026.35,5041.85,NIFTY MIDCAP 50
NIFTY MIDCAP 50,06 Feb 2018,4831.0,5074.15,4787.9,5009.4,NIFTY MIDCAP 50
NIFTY MIDCAP 50,05 Feb 2018,4951.45,5104.6,4899.8,5084.2,NIFTY MIDCAP 50
NIFTY MIDCAP 50,02 Feb 2018,5290.8,5290.85,5029.2,5065.85,NIFTY MIDCAP 50
NIFTY MIDCAP 50,01 Feb 2018,5363.5,5389.25,5243.7,5350.05,NIFTY MIDCAP 50
NIFTY MIDCAP 50,31 Jan 2018,5405.45,5420.25,5310.7,5353.95,NIFTY MIDCAP 50
NIFTY MIDCAP 50,30 Jan 2018,5426.9,5436.0,5381.6,5410.6,NIFTY MIDCAP 50
NIFTY MIDCAP 50,29 Jan 2018,5490.9,5505.15,5426.8,5437.35,NIFTY MIDCAP 50
NIFTY MIDCAP 50,25 Jan 2018,5540.25,5551.35,5463.3,5468.65,NIFTY MIDCAP 50
NIFTY MIDCAP 50,24 Jan 2018,5564.45,5573.75,5508.2,5530.95,NIFTY MIDCAP 50
NIFTY MIDCAP 50,23 Jan 2018,5529.85,5588.1,5520.1,5573.4,NIFTY MIDCAP 50
NIFTY MIDCAP 50,22 Jan 2018,5467.9,5514.75,5446.9,5510.8,NIFTY MIDCAP 50
NIFTY MIDCAP 50,19 Jan 2018,5436.25,5479.1,5398.95,5469.55,NIFTY MIDCAP 50
NIFTY MIDCAP 50,18 Jan 2018,5605.05,5610.05,5384.5,5427.75,NIFTY MIDCAP 50
NIFTY MIDCAP 50,17 Jan 2018,5502.0,5560.7,5404.1,5554.9,NIFTY MIDCAP 50
NIFTY MIDCAP 50,16 Jan 2018,5647.8,5647.8,5490.15,5505.25,NIFTY MIDCAP 50
NIFTY MIDCAP 50,15 Jan 2018,5674.3,5684.65,5627.7,5641.05,NIFTY MIDCAP 50
NIFTY MIDCAP 50,12 Jan 2018,5685.2,5688.0,5578.2,5647.75,NIFTY MIDCAP 50
NIFTY MIDCAP 50,11 Jan 2018,5628.25,5679.75,5619.85,5660.95,NIFTY MIDCAP 50
NIFTY MIDCAP 50,10 Jan 2018,5681.15,5694.65,5601.2,5625.15,NIFTY MIDCAP 50
NIFTY MIDCAP 50,09 Jan 2018,5720.3,5722.5,5649.15,5671.7,NIFTY MIDCAP 50
NIFTY MIDCAP 50,08 Jan 2018,5665.1,5708.9,5659.1,5702.7,NIFTY MIDCAP 50
NIFTY MIDCAP 50,05 Jan 2018,5585.4,5640.75,5575.4,5635.7,NIFTY MIDCAP 50
NIFTY MIDCAP 50,04 Jan 2018,5536.35,5566.55,5509.35,5560.95,NIFTY MIDCAP 50
NIFTY MIDCAP 50,03 Jan 2018,5495.5,5530.3,5492.65,5513.05,NIFTY MIDCAP 50
NIFTY MIDCAP 50,02 Jan 2018,5556.75,5565.55,5439.15,5478.35,NIFTY MIDCAP 50
NIFTY MIDCAP 50,01 Jan 2018,5553.4,5585.3,5517.8,5532.5,NIFTY MIDCAP 50
NIFTY MIDCAP 100,31 Dec 2018,17878.85,17924.6,17832.45,17875.5,NIFTY MIDCAP 100
NIFTY MIDCAP 100,28 Dec 2018,17703.85,17820.25,17693.9,17792.85,NIFTY MIDCAP 100
NIFTY MIDCAP 100,27 Dec 2018,17704.1,17731.25,17576.35,17631.05,NIFTY MIDCAP 100
NIFTY MIDCAP 100,26 Dec 2018,17529.4,17612.45,17228.15,17572.6,NIFTY MIDCAP 100
NIFTY MIDCAP 100,24 Dec 2018,17751.35,17759.45,17562.35,17587.65,NIFTY MIDCAP 100
NIFTY MIDCAP 100,21 Dec 2018,18035.45,18095.0,17680.85,17704.8,NIFTY MIDCAP 100
NIFTY MIDCAP 100,20 Dec 2018,17865.3,18037.9,17825.3,17989.15,NIFTY MIDCAP 100
NIFTY MIDCAP 100,19 Dec 2018,17818.6,17989.0,17812.5,17968.2,NIFTY MIDCAP 100
NIFTY MIDCAP 100,18 Dec 2018,17624.45,17748.4,17603.6,17738.5,NIFTY MIDCAP 100
NIFTY MIDCAP 100,17 Dec 2018,17650.3,17713.05,17592.9,17672.3,NIFTY MIDCAP 100
NIFTY MIDCAP 100,14 Dec 2018,17514.25,17625.85,17449.35,17591.6,NIFTY MIDCAP 100
NIFTY MIDCAP 100,13 Dec 2018,17523.4,17656.85,17412.85,17539.55,NIFTY MIDCAP 100
NIFTY MIDCAP 100,12 Dec 2018,17042.65,17431.9,17039.65,17419.8,NIFTY MIDCAP 100
NIFTY MIDCAP 100,11 Dec 2018,16441.65,17011.6,16435.3,16972.05,NIFTY MIDCAP 100
NIFTY MIDCAP 100,10 Dec 2018,16726.05,16797.7,16640.9,16693.7,NIFTY MIDCAP 100
NIFTY MIDCAP 100,07 Dec 2018,17115.55,17167.05,16929.9,17054.5,NIFTY MIDCAP 100
NIFTY MIDCAP 100,06 Dec 2018,17216.6,17217.35,17027.2,17050.4,NIFTY MIDCAP 100
NIFTY MIDCAP 100,05 Dec 2018,17494.2,17512.1,17248.35,17331.2,NIFTY MIDCAP 100
NIFTY MIDCAP 100,04 Dec 2018,17650.15,17675.15,17565.7,17588.55,NIFTY MIDCAP 100
NIFTY MIDCAP 100,03 Dec 2018,17592.45,17686.95,17537.35,17629.95,NIFTY MIDCAP 100
NIFTY MIDCAP 100,30 Nov 2018,17452.15,17526.8,17429.2,17503.6,NIFTY MIDCAP 100
NIFTY MIDCAP 100,29 Nov 2018,17389.35,17411.45,17304.3,17394.2,NIFTY MIDCAP 100
NIFTY MIDCAP 100,28 Nov 2018,17492.8,17518.4,17278.8,17305.2,NIFTY MIDCAP 100
NIFTY MIDCAP 100,27 Nov 2018,17383.45,17486.7,17368.25,17469.4,NIFTY MIDCAP 100
NIFTY MIDCAP 100,26 Nov 2018,17415.05,17443.55,17235.1,17380.95,NIFTY MIDCAP 100
NIFTY MIDCAP 100,22 Nov 2018,17552.1,17581.6,17325.95,17347.2,NIFTY MIDCAP 100
NIFTY MIDCAP 100,21 Nov 2018,17446.85,17524.2,17334.3,17507.15,NIFTY MIDCAP 100
NIFTY MIDCAP 100,20 Nov 2018,17551.05,17629.65,17384.1,17419.9,NIFTY MIDCAP 100
NIFTY MIDCAP 100,19 Nov 2018,17557.5,17625.35,17466.35,17591.95,NIFTY MIDCAP 100
NIFTY MIDCAP 100,16 Nov 2018,17595.4,17632.5,17419.7,17507.85,NIFTY MIDCAP 100
NIFTY MIDCAP 100,15 Nov 2018,17499.6,17596.0,17359.45,17568.65,NIFTY MIDCAP 100
NIFTY MIDCAP 100,14 Nov 2018,17608.1,17625.55,17418.65,17483.9,NIFTY MIDCAP 100
NIFTY MIDCAP 100,13 Nov 2018,17382.35,17503.65,17209.95,17489.6,NIFTY MIDCAP 100
NIFTY MIDCAP 100,12 Nov 2018,17651.5,17705.8,17413.35,17439.25,NIFTY MIDCAP 100
NIFTY MIDCAP 100,09 Nov 2018,17417.3,17625.05,17359.65,17605.5,NIFTY MIDCAP 100
NIFTY MIDCAP 100,07 Nov 2018,17403.55,17423.0,17361.85,17400.2,NIFTY MIDCAP 100
NIFTY MIDCAP 100,06 Nov 2018,17403.4,17465.2,17234.55,17265.65,NIFTY MIDCAP 100
NIFTY MIDCAP 100,05 Nov 2018,17412.8,17529.05,17275.95,17363.2,NIFTY MIDCAP 100
NIFTY MIDCAP 100,02 Nov 2018,17505.85,17660.85,17379.5,17430.95,NIFTY MIDCAP 100
NIFTY MIDCAP 100,01 Nov 2018,17257.3,17421.75,17234.85,17338.95,NIFTY MIDCAP 100
NIFTY MIDCAP 100,31 Oct 2018,16953.0,17195.7,16792.95,17189.15,NIFTY MIDCAP 100
NIFTY MIDCAP 100,30 Oct 2018,16777.1,16940.8,16731.7,16865.8,NIFTY MIDCAP 100
NIFTY MIDCAP 100,29 Oct 2018,16340.95,16765.05,16249.15,16750.05,NIFTY MIDCAP 100
NIFTY MIDCAP 100,26 Oct 2018,16261.95,16432.9,16014.25,16256.6,NIFTY MIDCAP 100
NIFTY MIDCAP 100,25 Oct 2018,16191.4,16354.15,16087.9,16276.05,NIFTY MIDCAP 100
NIFTY MIDCAP 100,24 Oct 2018,16303.3,16412.05,16156.45,16378.5,NIFTY MIDCAP 100
NIFTY MIDCAP 100,23 Oct 2018,16163.6,16327.5,16022.0,16167.5,NIFTY MIDCAP 100
NIFTY MIDCAP 100,22 Oct 2018,16613.05,16634.85,16267.9,16308.15,NIFTY MIDCAP 100
NIFTY MIDCAP 100,19 Oct 2018,16634.7,16772.55,16328.6,16514.95,NIFTY MIDCAP 100
NIFTY MIDCAP 100,17 Oct 2018,17365.25,17387.15,16743.0,16774.9,NIFTY MIDCAP 100
NIFTY MIDCAP 100,16 Oct 2018,17012.05,17177.65,17001.85,17163.5,NIFTY MIDCAP 100
NIFTY MIDCAP 100,15 Oct 2018,16880.25,16921.4,16708.05,16902.1,NIFTY MIDCAP 100
NIFTY MIDCAP 100,12 Oct 2018,16471.15,16806.1,16469.8,16746.0,NIFTY MIDCAP 100
NIFTY MIDCAP 100,11 Oct 2018,16090.85,16582.7,16010.25,16277.15,NIFTY MIDCAP 100
NIFTY MIDCAP 100,10 Oct 2018,16062.55,16686.35,16060.55,16666.5,NIFTY MIDCAP 100
NIFTY MIDCAP 100,09 Oct 2018,16090.75,16151.0,15802.95,16003.75,NIFTY MIDCAP 100
NIFTY MIDCAP 100,08 Oct 2018,16205.45,16328.6,15823.7,16055.4,NIFTY MIDCAP 100
NIFTY MIDCAP 100,05 Oct 2018,16640.35,16733.95,16212.8,16299.75,NIFTY MIDCAP 100
NIFTY MIDCAP 100,04 Oct 2018,16830.15,16963.95,16576.6,16736.5,NIFTY MIDCAP 100
NIFTY MIDCAP 100,03 Oct 2018,17231.5,17341.65,17044.2,17085.75,NIFTY MIDCAP 100
NIFTY MIDCAP 100,01 Oct 2018,17090.45,17312.55,16682.15,17285.3,NIFTY MIDCAP 100
NIFTY MIDCAP 100,28 Sep 2018,17576.35,17626.2,16972.7,17154.35,NIFTY MIDCAP 100
NIFTY MIDCAP 100,27 Sep 2018,17915.75,17927.2,17493.65,17509.85,NIFTY MIDCAP 100
NIFTY MIDCAP 100,26 Sep 2018,17972.4,18028.8,17791.7,17920.75,NIFTY MIDCAP 100
NIFTY MIDCAP 100,25 Sep 2018,17800.7,17979.1,17542.3,17864.5,NIFTY MIDCAP 100
NIFTY MIDCAP 100,24 Sep 2018,18364.6,18389.4,17772.2,17847.9,NIFTY MIDCAP 100
NIFTY MIDCAP 100,21 Sep 2018,18951.8,18988.35,17430.45,18347.5,NIFTY MIDCAP 100
NIFTY MIDCAP 100,19 Sep 2018,19078.0,19119.55,18713.15,18816.75,NIFTY MIDCAP 100
NIFTY MIDCAP 100,18 Sep 2018,19276.1,19358.6,18965.55,18992.75,NIFTY MIDCAP 100
NIFTY MIDCAP 100,17 Sep 2018,19316.15,19350.35,19160.15,19262.75,NIFTY MIDCAP 100
NIFTY MIDCAP 100,14 Sep 2018,19184.85,19396.5,19184.85,19389.15,NIFTY MIDCAP 100
NIFTY MIDCAP 100,12 Sep 2018,19006.2,19079.2,18763.3,19046.55,NIFTY MIDCAP 100
NIFTY MIDCAP 100,11 Sep 2018,19286.65,19353.05,18959.1,18983.05,NIFTY MIDCAP 100
NIFTY MIDCAP 100,10 Sep 2018,19570.85,19634.85,19206.75,19241.85,NIFTY MIDCAP 100
NIFTY MIDCAP 100,07 Sep 2018,19354.65,19602.35,19245.35,19579.25,NIFTY MIDCAP 100
NIFTY MIDCAP 100,06 Sep 2018,19361.35,19388.65,19155.2,19327.05,NIFTY MIDCAP 100
NIFTY MIDCAP 100,05 Sep 2018,19298.15,19381.0,18961.55,19245.55,NIFTY MIDCAP 100
NIFTY MIDCAP 100,04 Sep 2018,19888.8,19914.15,19280.7,19326.9,NIFTY MIDCAP 100
NIFTY MIDCAP 100,03 Sep 2018,20015.2,20088.05,19833.45,19866.7,NIFTY MIDCAP 100
NIFTY MIDCAP 100,31 Aug 2018,19857.75,20005.85,19794.7,19920.45,NIFTY MIDCAP 100
NIFTY MIDCAP 100,30 Aug 2018,19840.6,19911.1,19769.4,19851.85,NIFTY MIDCAP 100
NIFTY MIDCAP 100,29 Aug 2018,19756.7,19922.0,19744.65,19826.7,NIFTY MIDCAP 100
NIFTY MIDCAP 100,28 Aug 2018,19816.35,19859.2,19687.5,19718.4,NIFTY MIDCAP 100
NIFTY MIDCAP 100,27 Aug 2018,19660.5,19814.6,19642.7,19773.85,NIFTY MIDCAP 100
NIFTY MIDCAP 100,24 Aug 2018,19579.4,19661.95,19435.3,19542.05,NIFTY MIDCAP 100
NIFTY MIDCAP 100,23 Aug 2018,19687.75,19687.75,19496.95,19599.5,NIFTY MIDCAP 100
NIFTY MIDCAP 100,21 Aug 2018,19654.6,19665.75,19557.25,19634.05,NIFTY MIDCAP 100
NIFTY MIDCAP 100,20 Aug 2018,19524.65,19620.9,19504.25,19598.4,NIFTY MIDCAP 100
NIFTY MIDCAP 100,17 Aug 2018,19311.2,19458.45,19302.55,19443.0,NIFTY MIDCAP 100
NIFTY MIDCAP 100,16 Aug 2018,19173.7,19308.25,19131.65,19221.25,NIFTY MIDCAP 100
NIFTY MIDCAP 100,14 Aug 2018,19066.75,19255.1,19043.25,19239.2,NIFTY MIDCAP 100
NIFTY MIDCAP 100,13 Aug 2018,19026.95,19136.2,18929.35,19012.4,NIFTY MIDCAP 100
NIFTY MIDCAP 100,10 Aug 2018,19278.65,19322.55,19111.25,19135.95,NIFTY MIDCAP 100
NIFTY MIDCAP 100,09 Aug 2018,19226.25,19270.9,19148.05,19236.7,NIFTY MIDCAP 100
NIFTY MIDCAP 100,08 Aug 2018,19172.45,19218.4,19086.45,19142.8,NIFTY MIDCAP 100
NIFTY MIDCAP 100,07 Aug 2018,19267.3,19274.75,19054.65,19145.55,NIFTY MIDCAP 100
NIFTY MIDCAP 100,06 Aug 2018,19201.65,19245.25,19114.7,19199.2,NIFTY MIDCAP 100
NIFTY MIDCAP 100,03 Aug 2018,19009.65,19137.8,19002.9,19112.7,NIFTY MIDCAP 100
NIFTY MIDCAP 100,02 Aug 2018,18907.6,19024.15,18742.35,18926.45,NIFTY MIDCAP 100
NIFTY MIDCAP 100,01 Aug 2018,18936.35,18999.0,18837.7,18905.25,NIFTY MIDCAP 100
NIFTY MIDCAP 100,31 Jul 2018,18829.9,18897.0,18774.8,18876.9,NIFTY MIDCAP 100
NIFTY MIDCAP 100,30 Jul 2018,18815.85,18839.05,18700.35,18801.85,NIFTY MIDCAP 100
NIFTY MIDCAP 100,27 Jul 2018,18692.05,18846.05,18691.75,18781.45,NIFTY MIDCAP 100
NIFTY MIDCAP 100,26 Jul 2018,18535.95,18645.55,18514.85,18614.25,NIFTY MIDCAP 100
NIFTY MIDCAP 100,25 Jul 2018,18549.05,18609.05,18476.15,18505.25,NIFTY MIDCAP 100
NIFTY MIDCAP 100,24 Jul 2018,18297.1,18512.75,18268.05,18496.7,NIFTY MIDCAP 100
NIFTY MIDCAP 100,23 Jul 2018,18105.95,18266.7,17992.75,18255.2,NIFTY MIDCAP 100
NIFTY MIDCAP 100,20 Jul 2018,17854.75,18073.15,17787.35,18055.15,NIFTY MIDCAP 100
NIFTY MIDCAP 100,19 Jul 2018,18025.8,18031.75,17730.6,17887.45,NIFTY MIDCAP 100
NIFTY MIDCAP 100,18 Jul 2018,18296.9,18332.25,17895.25,18017.95,NIFTY MIDCAP 100
NIFTY MIDCAP 100,17 Jul 2018,17776.2,18217.65,17700.9,18209.1,NIFTY MIDCAP 100
NIFTY MIDCAP 100,16 Jul 2018,18255.85,18255.85,17772.4,17794.0,NIFTY MIDCAP 100
NIFTY MIDCAP 100,13 Jul 2018,18525.75,18528.0,18226.8,18263.0,NIFTY MIDCAP 100
NIFTY MIDCAP 100,12 Jul 2018,18651.55,18715.5,18430.85,18473.85,NIFTY MIDCAP 100
NIFTY MIDCAP 100,11 Jul 2018,18636.4,18732.0,18533.75,18555.05,NIFTY MIDCAP 100
NIFTY MIDCAP 100,10 Jul 2018,18591.35,18666.2,18573.5,18646.2,NIFTY MIDCAP 100
NIFTY MIDCAP 100,09 Jul 2018,18323.1,18530.4,18313.8,18512.95,NIFTY MIDCAP 100
NIFTY MIDCAP 100,06 Jul 2018,18104.3,18303.4,18078.7,18222.05,NIFTY MIDCAP 100
NIFTY MIDCAP 100,05 Jul 2018,18276.6,18281.7,18098.4,18128.1,NIFTY MIDCAP 100
NIFTY MIDCAP 100,04 Jul 2018,18240.75,18280.45,18142.9,18255.8,NIFTY MIDCAP 100
NIFTY MIDCAP 100,03 Jul 2018,18027.65,18242.85,17959.3,18229.8,NIFTY MIDCAP 100
NIFTY MIDCAP 100,02 Jul 2018,18271.35,18271.35,17926.5,18063.75,NIFTY MIDCAP 100
NIFTY MIDCAP 100,29 Jun 2018,17937.1,18196.95,17936.35,18181.3,NIFTY MIDCAP 100
NIFTY MIDCAP 100,28 Jun 2018,18155.85,18156.0,17813.75,17844.65,NIFTY MIDCAP 100
NIFTY MIDCAP 100,27 Jun 2018,18488.5,18488.5,18091.1,18182.75,NIFTY MIDCAP 100
NIFTY MIDCAP 100,26 Jun 2018,18443.9,18524.95,18411.8,18460.1,NIFTY MIDCAP 100
NIFTY MIDCAP 100,25 Jun 2018,18595.25,18685.6,18452.35,18494.8,NIFTY MIDCAP 100
NIFTY MIDCAP 100,22 Jun 2018,18509.65,18607.7,18404.0,18595.85,NIFTY MIDCAP 100
NIFTY MIDCAP 100,21 Jun 2018,18669.2,18678.9,18476.65,18507.2,NIFTY MIDCAP 100
NIFTY MIDCAP 100,20 Jun 2018,18545.35,18635.85,18500.1,18613.3,NIFTY MIDCAP 100
NIFTY MIDCAP 100,19 Jun 2018,18692.3,18715.75,18452.8,18518.1,NIFTY MIDCAP 100
NIFTY MIDCAP 100,18 Jun 2018,18795.3,18863.8,18696.95,18746.6,NIFTY MIDCAP 100
NIFTY MIDCAP 100,15 Jun 2018,18945.9,18996.85,18772.5,18812.6,NIFTY MIDCAP 100
NIFTY MIDCAP 100,14 Jun 2018,18904.4,18943.25,18830.8,18934.2,NIFTY MIDCAP 100
NIFTY MIDCAP 100,13 Jun 2018,19054.6,19115.6,18905.5,18919.45,NIFTY MIDCAP 100
NIFTY MIDCAP 100,12 Jun 2018,18851.9,19003.1,18841.75,18985.5,NIFTY MIDCAP 100
NIFTY MIDCAP 100,11 Jun 2018,18879.75,18987.0,18800.0,18825.1,NIFTY MIDCAP 100
NIFTY MIDCAP 100,08 Jun 2018,18686.3,18852.65,18625.25,18830.6,NIFTY MIDCAP 100
NIFTY MIDCAP 100,07 Jun 2018,18564.7,18768.9,18532.6,18734.15,NIFTY MIDCAP 100
NIFTY MIDCAP 100,06 Jun 2018,18183.75,18486.95,18102.9,18452.7,NIFTY MIDCAP 100
NIFTY MIDCAP 100,05 Jun 2018,18457.2,18458.25,18033.55,18194.6,NIFTY MIDCAP 100
NIFTY MIDCAP 100,04 Jun 2018,18712.5,18731.6,18372.4,18428.1,NIFTY MIDCAP 100
NIFTY MIDCAP 100,01 Jun 2018,18884.6,18914.55,18577.95,18638.4,NIFTY MIDCAP 100
NIFTY MIDCAP 100,31 May 2018,19049.15,19065.3,18865.95,18903.3,NIFTY MIDCAP 100
NIFTY MIDCAP 100,30 May 2018,18853.95,19023.75,18824.1,18975.3,NIFTY MIDCAP 100
NIFTY MIDCAP 100,29 May 2018,19059.05,19138.35,18901.95,18985.05,NIFTY MIDCAP 100
NIFTY MIDCAP 100,28 May 2018,18898.1,19060.95,18843.15,19051.55,NIFTY MIDCAP 100
NIFTY MIDCAP 100,25 May 2018,18461.85,18819.6,18437.15,18787.4,NIFTY MIDCAP 100
NIFTY MIDCAP 100,24 May 2018,18553.9,18591.6,18328.55,18427.65,NIFTY MIDCAP 100
NIFTY MIDCAP 100,23 May 2018,18595.95,18683.7,18474.5,18506.8,NIFTY MIDCAP 100
NIFTY MIDCAP 100,22 May 2018,18568.25,18664.85,18427.0,18619.2,NIFTY MIDCAP 100
NIFTY MIDCAP 100,21 May 2018,18863.6,18891.95,18544.1,18571.25,NIFTY MIDCAP 100
NIFTY MIDCAP 100,18 May 2018,19134.7,19142.8,18839.45,18891.8,NIFTY MIDCAP 100
NIFTY MIDCAP 100,17 May 2018,19148.15,19209.05,19071.05,19153.3,NIFTY MIDCAP 100
NIFTY MIDCAP 100,16 May 2018,19022.1,19147.6,18896.65,19082.9,NIFTY MIDCAP 100
NIFTY MIDCAP 100,15 May 2018,19225.55,19449.15,18999.25,19097.1,NIFTY MIDCAP 100
NIFTY MIDCAP 100,14 May 2018,19481.8,19485.45,19244.3,19275.25,NIFTY MIDCAP 100
NIFTY MIDCAP 100,11 May 2018,19485.2,19536.25,19357.25,19507.1,NIFTY MIDCAP 100
NIFTY MIDCAP 100,10 May 2018,19734.7,19744.3,19398.5,19423.9,NIFTY MIDCAP 100
NIFTY MIDCAP 100,09 May 2018,19805.35,19841.85,19722.05,19733.85,NIFTY MIDCAP 100
NIFTY MIDCAP 100,08 May 2018,19914.2,19920.2,19764.25,19839.05,NIFTY MIDCAP 100
NIFTY MIDCAP 100,07 May 2018,19787.8,19883.7,19710.85,19867.75,NIFTY MIDCAP 100
NIFTY MIDCAP 100,04 May 2018,19759.95,19815.0,19659.8,19720.0,NIFTY MIDCAP 100
NIFTY MIDCAP 100,03 May 2018,19957.95,19959.75,19647.55,19775.0,NIFTY MIDCAP 100
NIFTY MIDCAP 100,02 May 2018,20328.65,20328.85,19894.45,19987.75,NIFTY MIDCAP 100
NIFTY MIDCAP 100,30 Apr 2018,20184.0,20301.8,20158.2,20290.3,NIFTY MIDCAP 100
NIFTY MIDCAP 100,27 Apr 2018,20055.7,20179.4,20050.2,20120.8,NIFTY MIDCAP 100
NIFTY MIDCAP 100,26 Apr 2018,19986.85,20001.4,19892.65,19987.0,NIFTY MIDCAP 100
NIFTY MIDCAP 100,25 Apr 2018,19961.2,20043.4,19850.6,19912.9,NIFTY MIDCAP 100
NIFTY MIDCAP 100,24 Apr 2018,20049.2,20102.05,19945.1,19994.15,NIFTY MIDCAP 100
NIFTY MIDCAP 100,23 Apr 2018,19915.75,20051.25,19875.25,20006.45,NIFTY MIDCAP 100
NIFTY MIDCAP 100,20 Apr 2018,19933.25,19935.7,19794.75,19905.75,NIFTY MIDCAP 100
NIFTY MIDCAP 100,19 Apr 2018,19916.4,19989.55,19851.15,19974.1,NIFTY MIDCAP 100
NIFTY MIDCAP 100,18 Apr 2018,19932.05,19937.1,19783.5,19841.45,NIFTY MIDCAP 100
NIFTY MIDCAP 100,17 Apr 2018,19894.4,19936.35,19780.75,19860.25,NIFTY MIDCAP 100
NIFTY MIDCAP 100,16 Apr 2018,19570.8,19849.75,19532.2,19834.35,NIFTY MIDCAP 100
NIFTY MIDCAP 100,13 Apr 2018,19627.85,19738.2,19577.0,19676.2,NIFTY MIDCAP 100
NIFTY MIDCAP 100,12 Apr 2018,19620.75,19683.35,19515.4,19571.55,NIFTY MIDCAP 100
NIFTY MIDCAP 100,11 Apr 2018,19679.75,19683.25,19500.65,19633.2,NIFTY MIDCAP 100
NIFTY MIDCAP 100,10 Apr 2018,19671.95,19698.75,19552.35,19630.95,NIFTY MIDCAP 100
NIFTY MIDCAP 100,09 Apr 2018,19562.0,19649.55,19539.7,19594.7,NIFTY MIDCAP 100
NIFTY MIDCAP 100,06 Apr 2018,19420.9,19536.65,19352.8,19519.25,NIFTY MIDCAP 100
NIFTY MIDCAP 100,05 Apr 2018,19276.95,19430.35,19275.0,19418.95,NIFTY MIDCAP 100
NIFTY MIDCAP 100,04 Apr 2018,19345.55,19425.75,19020.9,19040.85,NIFTY MIDCAP 100
NIFTY MIDCAP 100,03 Apr 2018,19054.5,19275.45,19046.0,19266.05,NIFTY MIDCAP 100
NIFTY MIDCAP 100,02 Apr 2018,18833.3,19110.9,18813.15,19097.4,NIFTY MIDCAP 100
NIFTY MIDCAP 100,28 Mar 2018,18840.9,18901.5,18720.85,18757.0,NIFTY MIDCAP 100
NIFTY MIDCAP 100,27 Mar 2018,18822.85,18985.95,18817.4,18959.45,NIFTY MIDCAP 100
NIFTY MIDCAP 100,26 Mar 2018,18454.8,18735.0,18372.8,18712.75,NIFTY MIDCAP 100
NIFTY MIDCAP 100,23 Mar 2018,18391.75,18490.05,18302.2,18474.0,NIFTY MIDCAP 100
NIFTY MIDCAP 100,22 Mar 2018,18947.3,18974.05,18724.85,18747.8,NIFTY MIDCAP 100
NIFTY MIDCAP 100,21 Mar 2018,18941.0,19066.2,18856.5,18906.75,NIFTY MIDCAP 100
NIFTY MIDCAP 100,20 Mar 2018,18652.0,18873.05,18598.6,18836.5,NIFTY MIDCAP 100
NIFTY MIDCAP 100,19 Mar 2018,19110.75,19119.2,18700.55,18764.35,NIFTY MIDCAP 100
NIFTY MIDCAP 100,16 Mar 2018,19284.25,19330.3,19024.7,19055.45,NIFTY MIDCAP 100
NIFTY MIDCAP 100,15 Mar 2018,19218.25,19355.55,19213.45,19258.85,NIFTY MIDCAP 100
NIFTY MIDCAP 100,14 Mar 2018,19040.25,19202.5,19021.95,19183.7,NIFTY MIDCAP 100
NIFTY MIDCAP 100,13 Mar 2018,18938.4,19213.95,18912.25,19107.65,NIFTY MIDCAP 100
NIFTY MIDCAP 100,12 Mar 2018,18931.2,18979.85,18733.95,18960.75,NIFTY MIDCAP 100
NIFTY MIDCAP 100,09 Mar 2018,18985.45,19000.6,18727.85,18773.15,NIFTY MIDCAP 100
NIFTY MIDCAP 100,08 Mar 2018,18927.3,18984.7,18549.55,18887.2,NIFTY MIDCAP 100
NIFTY MIDCAP 100,07 Mar 2018,19061.1,19061.45,18762.25,18795.3,NIFTY MIDCAP 100
NIFTY MIDCAP 100,06 Mar 2018,19449.7,19526.8,19027.9,19097.55,NIFTY MIDCAP 100
NIFTY MIDCAP 100,05 Mar 2018,19458.0,19458.4,19245.25,19327.4,NIFTY MIDCAP 100
NIFTY MIDCAP 100,01 Mar 2018,19635.35,19755.5,19489.25,19512.3,NIFTY MIDCAP 100
NIFTY MIDCAP 100,28 Feb 2018,19528.7,19692.25,19435.8,19664.9,NIFTY MIDCAP 100
NIFTY MIDCAP 100,27 Feb 2018,19887.55,19896.8,19645.2,19681.95,NIFTY MIDCAP 100
NIFTY MIDCAP 100,26 Feb 2018,19813.55,19890.1,19743.5,19854.75,NIFTY MIDCAP 100
NIFTY MIDCAP 100,23 Feb 2018,19434.85,19724.5,19409.05,19708.4,NIFTY MIDCAP 100
NIFTY MIDCAP 100,22 Feb 2018,19388.4,19486.15,19353.5,19375.1,NIFTY MIDCAP 100
NIFTY MIDCAP 100,21 Feb 2018,19571.9,19588.15,19333.55,19474.8,NIFTY MIDCAP 100
NIFTY MIDCAP 100,20 Feb 2018,19497.8,19598.85,19370.65,19486.7,NIFTY MIDCAP 100
NIFTY MIDCAP 100,19 Feb 2018,19771.2,19772.7,19310.25,19490.65,NIFTY MIDCAP 100
NIFTY MIDCAP 100,16 Feb 2018,20039.75,20089.65,19608.45,19701.3,NIFTY MIDCAP 100
NIFTY MIDCAP 100,15 Feb 2018,20221.3,20272.8,19838.5,19927.6,NIFTY MIDCAP 100
NIFTY MIDCAP 100,14 Feb 2018,20298.4,20331.05,20101.1,20152.05,NIFTY MIDCAP 100
NIFTY MIDCAP 100,12 Feb 2018,20044.7,20195.05,20034.15,20149.6,NIFTY MIDCAP 100
NIFTY MIDCAP 100,09 Feb 2018,19403.1,19918.6,19402.45,19872.25,NIFTY MIDCAP 100
NIFTY MIDCAP 100,08 Feb 2018,19566.7,19896.8,19527.3,19827.6,NIFTY MIDCAP 100
NIFTY MIDCAP 100,07 Feb 2018,19660.15,19765.6,19428.5,19480.2,NIFTY MIDCAP 100
NIFTY MIDCAP 100,06 Feb 2018,18779.2,19563.65,18701.8,19402.15,NIFTY MIDCAP 100
NIFTY MIDCAP 100,05 Feb 2018,19340.7,19781.9,19145.85,19721.65,NIFTY MIDCAP 100
NIFTY MIDCAP 100,02 Feb 2018,20413.05,20413.05,19660.45,19760.35,NIFTY MIDCAP 100
NIFTY MIDCAP 100,01 Feb 2018,20821.6,20828.4,20273.7,20657.4,NIFTY MIDCAP 100
NIFTY MIDCAP 100,31 Jan 2018,21014.15,21077.95,20649.85,20785.2,NIFTY MIDCAP 100
NIFTY MIDCAP 100,30 Jan 2018,21245.9,21251.1,21012.5,21102.5,NIFTY MIDCAP 100
NIFTY MIDCAP 100,29 Jan 2018,21532.7,21580.6,21247.35,21272.85,NIFTY MIDCAP 100
NIFTY MIDCAP 100,25 Jan 2018,21703.45,21719.85,21437.75,21455.75,NIFTY MIDCAP 100
NIFTY MIDCAP 100,24 Jan 2018,21720.95,21783.55,21564.25,21637.05,NIFTY MIDCAP 100
NIFTY MIDCAP 100,23 Jan 2018,21587.75,21771.15,21580.8,21731.8,NIFTY MIDCAP 100
NIFTY MIDCAP 100,22 Jan 2018,21347.0,21522.75,21258.65,21507.5,NIFTY MIDCAP 100
NIFTY MIDCAP 100,19 Jan 2018,21129.35,21341.35,21005.95,21308.8,NIFTY MIDCAP 100
NIFTY MIDCAP 100,18 Jan 2018,21678.45,21707.3,20952.45,21098.0,NIFTY MIDCAP 100
NIFTY MIDCAP 100,17 Jan 2018,21277.85,21542.95,20944.95,21516.45,NIFTY MIDCAP 100
NIFTY MIDCAP 100,16 Jan 2018,21733.2,21744.1,21223.45,21297.25,NIFTY MIDCAP 100
NIFTY MIDCAP 100,15 Jan 2018,21771.9,21840.85,21664.9,21697.35,NIFTY MIDCAP 100
NIFTY MIDCAP 100,12 Jan 2018,21801.3,21826.0,21470.95,21694.55,NIFTY MIDCAP 100
NIFTY MIDCAP 100,11 Jan 2018,21667.8,21804.0,21623.45,21719.2,NIFTY MIDCAP 100
NIFTY MIDCAP 100,10 Jan 2018,21725.95,21782.6,21548.25,21662.25,NIFTY MIDCAP 100
NIFTY MIDCAP 100,09 Jan 2018,21773.05,21785.6,21600.95,21693.4,NIFTY MIDCAP 100
NIFTY MIDCAP 100,08 Jan 2018,21581.05,21740.0,21573.25,21719.05,NIFTY MIDCAP 100
NIFTY MIDCAP 100,05 Jan 2018,21375.3,21522.6,21365.4,21499.85,NIFTY MIDCAP 100
NIFTY MIDCAP 100,04 Jan 2018,21181.1,21327.9,21111.85,21308.35,NIFTY MIDCAP 100
NIFTY MIDCAP 100,03 Jan 2018,21027.5,21173.2,21022.5,21101.3,NIFTY MIDCAP 100
NIFTY MIDCAP 100,02 Jan 2018,21204.2,21232.75,20831.55,20959.7,NIFTY MIDCAP 100
NIFTY MIDCAP 100,01 Jan 2018,21177.95,21309.85,21065.95,21109.8,NIFTY MIDCAP 100
NIFTY MIDCAP 150,31 Dec 2018,-,-,-,6339.3,NIFTY MIDCAP 150
NIFTY MIDCAP 150,28 Dec 2018,-,-,-,6304.56,NIFTY MIDCAP 150
NIFTY MIDCAP 150,27 Dec 2018,-,-,-,6245.04,NIFTY MIDCAP 150
NIFTY MIDCAP 150,26 Dec 2018,-,-,-,6219.24,NIFTY MIDCAP 150
NIFTY MIDCAP 150,24 Dec 2018,-,-,-,6228.43,NIFTY MIDCAP 150
NIFTY MIDCAP 150,21 Dec 2018,-,-,-,6269.1,NIFTY MIDCAP 150
NIFTY MIDCAP 150,20 Dec 2018,-,-,-,6358.01,NIFTY MIDCAP 150
NIFTY MIDCAP 150,19 Dec 2018,-,-,-,6353.06,NIFTY MIDCAP 150
NIFTY MIDCAP 150,18 Dec 2018,-,-,-,6279.17,NIFTY MIDCAP 150
NIFTY MIDCAP 150,17 Dec 2018,-,-,-,6263.38,NIFTY MIDCAP 150
NIFTY MIDCAP 150,14 Dec 2018,-,-,-,6240.42,NIFTY MIDCAP 150
NIFTY MIDCAP 150,13 Dec 2018,-,-,-,6231.29,NIFTY MIDCAP 150
NIFTY MIDCAP 150,12 Dec 2018,-,-,-,6181.01,NIFTY MIDCAP 150
NIFTY MIDCAP 150,11 Dec 2018,-,-,-,6028.98,NIFTY MIDCAP 150
NIFTY MIDCAP 150,10 Dec 2018,-,-,-,5938.89,NIFTY MIDCAP 150
NIFTY MIDCAP 150,07 Dec 2018,-,-,-,6058.82,NIFTY MIDCAP 150
NIFTY MIDCAP 150,06 Dec 2018,-,-,-,6060.53,NIFTY MIDCAP 150
NIFTY MIDCAP 150,05 Dec 2018,-,-,-,6152.61,NIFTY MIDCAP 150
NIFTY MIDCAP 150,04 Dec 2018,-,-,-,6227.75,NIFTY MIDCAP 150
NIFTY MIDCAP 150,03 Dec 2018,-,-,-,6230.15,NIFTY MIDCAP 150
NIFTY MIDCAP 150,30 Nov 2018,-,-,-,6195.77,NIFTY MIDCAP 150
NIFTY MIDCAP 150,29 Nov 2018,-,-,-,6156.66,NIFTY MIDCAP 150
NIFTY MIDCAP 150,28 Nov 2018,-,-,-,6126.88,NIFTY MIDCAP 150
NIFTY MIDCAP 150,27 Nov 2018,-,-,-,6173.59,NIFTY MIDCAP 150
NIFTY MIDCAP 150,26 Nov 2018,-,-,-,6141.87,NIFTY MIDCAP 150
NIFTY MIDCAP 150,22 Nov 2018,-,-,-,6124.12,NIFTY MIDCAP 150
NIFTY MIDCAP 150,21 Nov 2018,-,-,-,6173.57,NIFTY MIDCAP 150
NIFTY MIDCAP 150,20 Nov 2018,-,-,-,6151.83,NIFTY MIDCAP 150
NIFTY MIDCAP 150,19 Nov 2018,-,-,-,6207.98,NIFTY MIDCAP 150
NIFTY MIDCAP 150,16 Nov 2018,-,-,-,6183.65,NIFTY MIDCAP 150
NIFTY MIDCAP 150,15 Nov 2018,-,-,-,6189.67,NIFTY MIDCAP 150
NIFTY MIDCAP 150,14 Nov 2018,-,-,-,6160.09,NIFTY MIDCAP 150
NIFTY MIDCAP 150,13 Nov 2018,-,-,-,6153.05,NIFTY MIDCAP 150
NIFTY MIDCAP 150,12 Nov 2018,-,-,-,6136.76,NIFTY MIDCAP 150
NIFTY MIDCAP 150,09 Nov 2018,-,-,-,6191.12,NIFTY MIDCAP 150
NIFTY MIDCAP 150,07 Nov 2018,-,-,-,6131.41,NIFTY MIDCAP 150
NIFTY MIDCAP 150,06 Nov 2018,-,-,-,6079.95,NIFTY MIDCAP 150
NIFTY MIDCAP 150,05 Nov 2018,-,-,-,6106.68,NIFTY MIDCAP 150
NIFTY MIDCAP 150,02 Nov 2018,-,-,-,6131.41,NIFTY MIDCAP 150
NIFTY MIDCAP 150,01 Nov 2018,-,-,-,6100.66,NIFTY MIDCAP 150
NIFTY MIDCAP 150,31 Oct 2018,-,-,-,6052.68,NIFTY MIDCAP 150
NIFTY MIDCAP 150,30 Oct 2018,-,-,-,5948.89,NIFTY MIDCAP 150
NIFTY MIDCAP 150,29 Oct 2018,-,-,-,5904.37,NIFTY MIDCAP 150
NIFTY MIDCAP 150,26 Oct 2018,-,-,-,5749.24,NIFTY MIDCAP 150
NIFTY MIDCAP 150,25 Oct 2018,-,-,-,5755.33,NIFTY MIDCAP 150
NIFTY MIDCAP 150,24 Oct 2018,-,-,-,5787.01,NIFTY MIDCAP 150
NIFTY MIDCAP 150,23 Oct 2018,-,-,-,5721.56,NIFTY MIDCAP 150
NIFTY MIDCAP 150,22 Oct 2018,-,-,-,5777.28,NIFTY MIDCAP 150
NIFTY MIDCAP 150,19 Oct 2018,-,-,-,5853.63,NIFTY MIDCAP 150
NIFTY MIDCAP 150,17 Oct 2018,-,-,-,5936.94,NIFTY MIDCAP 150
NIFTY MIDCAP 150,16 Oct 2018,-,-,-,6057.43,NIFTY MIDCAP 150
NIFTY MIDCAP 150,15 Oct 2018,-,-,-,5969.34,NIFTY MIDCAP 150
NIFTY MIDCAP 150,12 Oct 2018,-,-,-,5917.3,NIFTY MIDCAP 150
NIFTY MIDCAP 150,11 Oct 2018,-,-,-,5767.01,NIFTY MIDCAP 150
NIFTY MIDCAP 150,10 Oct 2018,-,-,-,5890.45,NIFTY MIDCAP 150
NIFTY MIDCAP 150,09 Oct 2018,-,-,-,5672.86,NIFTY MIDCAP 150
NIFTY MIDCAP 150,08 Oct 2018,-,-,-,5692.86,NIFTY MIDCAP 150
NIFTY MIDCAP 150,05 Oct 2018,-,-,-,5793.52,NIFTY MIDCAP 150
NIFTY MIDCAP 150,04 Oct 2018,-,-,-,5948.87,NIFTY MIDCAP 150
NIFTY MIDCAP 150,03 Oct 2018,-,-,-,6070.47,NIFTY MIDCAP 150
NIFTY MIDCAP 150,01 Oct 2018,-,-,-,6132.98,NIFTY MIDCAP 150
NIFTY MIDCAP 150,28 Sep 2018,-,-,-,6118.61,NIFTY MIDCAP 150
NIFTY MIDCAP 150,27 Sep 2018,-,-,-,6228.83,NIFTY MIDCAP 150
NIFTY MIDCAP 150,26 Sep 2018,-,-,-,6357.95,NIFTY MIDCAP 150
NIFTY MIDCAP 150,25 Sep 2018,-,-,-,6335.34,NIFTY MIDCAP 150
NIFTY MIDCAP 150,24 Sep 2018,-,-,-,6344.01,NIFTY MIDCAP 150
NIFTY MIDCAP 150,21 Sep 2018,-,-,-,6512.01,NIFTY MIDCAP 150
NIFTY MIDCAP 150,19 Sep 2018,-,-,-,6640.95,NIFTY MIDCAP 150
NIFTY MIDCAP 150,18 Sep 2018,-,-,-,6703.21,NIFTY MIDCAP 150
NIFTY MIDCAP 150,17 Sep 2018,-,-,-,6795.07,NIFTY MIDCAP 150
NIFTY MIDCAP 150,14 Sep 2018,-,-,-,6835.75,NIFTY MIDCAP 150
NIFTY MIDCAP 150,12 Sep 2018,-,-,-,6733.64,NIFTY MIDCAP 150
NIFTY MIDCAP 150,11 Sep 2018,-,-,-,6720.08,NIFTY MIDCAP 150
NIFTY MIDCAP 150,10 Sep 2018,-,-,-,6803.57,NIFTY MIDCAP 150
NIFTY MIDCAP 150,07 Sep 2018,-,-,-,6907.06,NIFTY MIDCAP 150
NIFTY MIDCAP 150,06 Sep 2018,-,-,-,6836.15,NIFTY MIDCAP 150
NIFTY MIDCAP 150,05 Sep 2018,-,-,-,6812.04,NIFTY MIDCAP 150
NIFTY MIDCAP 150,04 Sep 2018,-,-,-,6852.89,NIFTY MIDCAP 150
NIFTY MIDCAP 150,03 Sep 2018,-,-,-,7012.29,NIFTY MIDCAP 150
NIFTY MIDCAP 150,31 Aug 2018,-,-,-,7034.77,NIFTY MIDCAP 150
NIFTY MIDCAP 150,30 Aug 2018,-,-,-,7009.08,NIFTY MIDCAP 150
NIFTY MIDCAP 150,29 Aug 2018,-,-,-,6997.42,NIFTY MIDCAP 150
NIFTY MIDCAP 150,28 Aug 2018,-,-,-,6969.45,NIFTY MIDCAP 150
NIFTY MIDCAP 150,27 Aug 2018,-,-,-,6968.9,NIFTY MIDCAP 150
NIFTY MIDCAP 150,24 Aug 2018,-,-,-,6889.06,NIFTY MIDCAP 150
NIFTY MIDCAP 150,23 Aug 2018,-,-,-,6906.91,NIFTY MIDCAP 150
NIFTY MIDCAP 150,21 Aug 2018,-,-,-,6913.91,NIFTY MIDCAP 150
NIFTY MIDCAP 150,20 Aug 2018,-,-,-,6893.75,NIFTY MIDCAP 150
NIFTY MIDCAP 150,17 Aug 2018,-,-,-,6852.66,NIFTY MIDCAP 150
NIFTY MIDCAP 150,16 Aug 2018,-,-,-,6789.29,NIFTY MIDCAP 150
NIFTY MIDCAP 150,14 Aug 2018,-,-,-,6798.17,NIFTY MIDCAP 150
NIFTY MIDCAP 150,13 Aug 2018,-,-,-,6720.02,NIFTY MIDCAP 150
NIFTY MIDCAP 150,10 Aug 2018,-,-,-,6757.15,NIFTY MIDCAP 150
NIFTY MIDCAP 150,09 Aug 2018,-,-,-,6785.4,NIFTY MIDCAP 150
NIFTY MIDCAP 150,08 Aug 2018,-,-,-,6760.68,NIFTY MIDCAP 150
NIFTY MIDCAP 150,07 Aug 2018,-,-,-,6755.7,NIFTY MIDCAP 150
NIFTY MIDCAP 150,06 Aug 2018,-,-,-,6766.98,NIFTY MIDCAP 150
NIFTY MIDCAP 150,03 Aug 2018,-,-,-,6743.97,NIFTY MIDCAP 150
NIFTY MIDCAP 150,02 Aug 2018,-,-,-,6679.08,NIFTY MIDCAP 150
NIFTY MIDCAP 150,01 Aug 2018,-,-,-,6681.47,NIFTY MIDCAP 150
NIFTY MIDCAP 150,31 Jul 2018,-,-,-,6665.68,NIFTY MIDCAP 150
NIFTY MIDCAP 150,30 Jul 2018,-,-,-,6640.24,NIFTY MIDCAP 150
NIFTY MIDCAP 150,27 Jul 2018,-,-,-,6628.42,NIFTY MIDCAP 150
NIFTY MIDCAP 150,26 Jul 2018,-,-,-,6571.46,NIFTY MIDCAP 150
NIFTY MIDCAP 150,25 Jul 2018,-,-,-,6544.46,NIFTY MIDCAP 150
NIFTY MIDCAP 150,24 Jul 2018,-,-,-,6545.21,NIFTY MIDCAP 150
NIFTY MIDCAP 150,23 Jul 2018,-,-,-,6453.49,NIFTY MIDCAP 150
NIFTY MIDCAP 150,20 Jul 2018,-,-,-,6390.71,NIFTY MIDCAP 150
NIFTY MIDCAP 150,19 Jul 2018,-,-,-,6335.12,NIFTY MIDCAP 150
NIFTY MIDCAP 150,18 Jul 2018,-,-,-,6380.35,NIFTY MIDCAP 150
NIFTY MIDCAP 150,17 Jul 2018,-,-,-,6441.0,NIFTY MIDCAP 150
NIFTY MIDCAP 150,16 Jul 2018,-,-,-,6318.27,NIFTY MIDCAP 150
NIFTY MIDCAP 150,13 Jul 2018,-,-,-,6468.08,NIFTY MIDCAP 150
NIFTY MIDCAP 150,12 Jul 2018,-,-,-,6531.28,NIFTY MIDCAP 150
NIFTY MIDCAP 150,11 Jul 2018,-,-,-,6554.97,NIFTY MIDCAP 150
NIFTY MIDCAP 150,10 Jul 2018,-,-,-,6578.74,NIFTY MIDCAP 150
NIFTY MIDCAP 150,09 Jul 2018,-,-,-,6531.97,NIFTY MIDCAP 150
NIFTY MIDCAP 150,06 Jul 2018,-,-,-,6437.59,NIFTY MIDCAP 150
NIFTY MIDCAP 150,05 Jul 2018,-,-,-,6408.9,NIFTY MIDCAP 150
NIFTY MIDCAP 150,04 Jul 2018,-,-,-,6450.46,NIFTY MIDCAP 150
NIFTY MIDCAP 150,03 Jul 2018,-,-,-,6432.45,NIFTY MIDCAP 150
NIFTY MIDCAP 150,02 Jul 2018,-,-,-,6391.06,NIFTY MIDCAP 150
NIFTY MIDCAP 150,29 Jun 2018,-,-,-,6419.84,NIFTY MIDCAP 150
NIFTY MIDCAP 150,28 Jun 2018,-,-,-,6313.7,NIFTY MIDCAP 150
NIFTY MIDCAP 150,27 Jun 2018,-,-,-,6422.55,NIFTY MIDCAP 150
NIFTY MIDCAP 150,26 Jun 2018,-,-,-,6516.56,NIFTY MIDCAP 150
NIFTY MIDCAP 150,25 Jun 2018,-,-,-,6531.71,NIFTY MIDCAP 150
NIFTY MIDCAP 150,22 Jun 2018,-,-,-,6572.42,NIFTY MIDCAP 150
NIFTY MIDCAP 150,21 Jun 2018,-,-,-,6553.14,NIFTY MIDCAP 150
NIFTY MIDCAP 150,20 Jun 2018,-,-,-,6586.12,NIFTY MIDCAP 150
NIFTY MIDCAP 150,19 Jun 2018,-,-,-,6561.1,NIFTY MIDCAP 150
NIFTY MIDCAP 150,18 Jun 2018,-,-,-,6636.46,NIFTY MIDCAP 150
NIFTY MIDCAP 150,15 Jun 2018,-,-,-,6659.83,NIFTY MIDCAP 150
NIFTY MIDCAP 150,14 Jun 2018,-,-,-,6691.34,NIFTY MIDCAP 150
NIFTY MIDCAP 150,13 Jun 2018,-,-,-,6684.37,NIFTY MIDCAP 150
NIFTY MIDCAP 150,12 Jun 2018,-,-,-,6706.6,NIFTY MIDCAP 150
NIFTY MIDCAP 150,11 Jun 2018,-,-,-,6657.04,NIFTY MIDCAP 150
NIFTY MIDCAP 150,08 Jun 2018,-,-,-,6648.97,NIFTY MIDCAP 150
NIFTY MIDCAP 150,07 Jun 2018,-,-,-,6614.34,NIFTY MIDCAP 150
NIFTY MIDCAP 150,06 Jun 2018,-,-,-,6525.13,NIFTY MIDCAP 150
NIFTY MIDCAP 150,05 Jun 2018,-,-,-,6442.65,NIFTY MIDCAP 150
NIFTY MIDCAP 150,04 Jun 2018,-,-,-,6525.43,NIFTY MIDCAP 150
NIFTY MIDCAP 150,01 Jun 2018,-,-,-,6596.25,NIFTY MIDCAP 150
NIFTY MIDCAP 150,31 May 2018,-,-,-,6676.72,NIFTY MIDCAP 150
NIFTY MIDCAP 150,30 May 2018,-,-,-,6686.52,NIFTY MIDCAP 150
NIFTY MIDCAP 150,29 May 2018,-,-,-,6686.02,NIFTY MIDCAP 150
NIFTY MIDCAP 150,28 May 2018,-,-,-,6698.97,NIFTY MIDCAP 150
NIFTY MIDCAP 150,25 May 2018,-,-,-,6618.31,NIFTY MIDCAP 150
NIFTY MIDCAP 150,24 May 2018,-,-,-,6515.26,NIFTY MIDCAP 150
NIFTY MIDCAP 150,23 May 2018,-,-,-,6539.16,NIFTY MIDCAP 150
NIFTY MIDCAP 150,22 May 2018,-,-,-,6571.74,NIFTY MIDCAP 150
NIFTY MIDCAP 150,21 May 2018,-,-,-,6550.78,NIFTY MIDCAP 150
NIFTY MIDCAP 150,18 May 2018,-,-,-,6661.74,NIFTY MIDCAP 150
NIFTY MIDCAP 150,17 May 2018,-,-,-,6744.39,NIFTY MIDCAP 150
NIFTY MIDCAP 150,16 May 2018,-,-,-,6721.38,NIFTY MIDCAP 150
NIFTY MIDCAP 150,15 May 2018,-,-,-,6730.06,NIFTY MIDCAP 150
NIFTY MIDCAP 150,14 May 2018,-,-,-,6783.53,NIFTY MIDCAP 150
NIFTY MIDCAP 150,11 May 2018,-,-,-,6849.68,NIFTY MIDCAP 150
NIFTY MIDCAP 150,10 May 2018,-,-,-,6825.2,NIFTY MIDCAP 150
NIFTY MIDCAP 150,09 May 2018,-,-,-,6917.65,NIFTY MIDCAP 150
NIFTY MIDCAP 150,08 May 2018,-,-,-,6955.61,NIFTY MIDCAP 150
NIFTY MIDCAP 150,07 May 2018,-,-,-,6956.87,NIFTY MIDCAP 150
NIFTY MIDCAP 150,04 May 2018,-,-,-,6907.96,NIFTY MIDCAP 150
NIFTY MIDCAP 150,03 May 2018,-,-,-,6930.62,NIFTY MIDCAP 150
NIFTY MIDCAP 150,02 May 2018,-,-,-,6994.93,NIFTY MIDCAP 150
NIFTY MIDCAP 150,30 Apr 2018,-,-,-,7082.38,NIFTY MIDCAP 150
NIFTY MIDCAP 150,27 Apr 2018,-,-,-,7023.24,NIFTY MIDCAP 150
NIFTY MIDCAP 150,26 Apr 2018,-,-,-,6978.94,NIFTY MIDCAP 150
NIFTY MIDCAP 150,25 Apr 2018,-,-,-,6953.95,NIFTY MIDCAP 150
NIFTY MIDCAP 150,24 Apr 2018,-,-,-,6977.83,NIFTY MIDCAP 150
NIFTY MIDCAP 150,23 Apr 2018,-,-,-,6980.74,NIFTY MIDCAP 150
NIFTY MIDCAP 150,20 Apr 2018,-,-,-,6950.88,NIFTY MIDCAP 150
NIFTY MIDCAP 150,19 Apr 2018,-,-,-,6971.12,NIFTY MIDCAP 150
NIFTY MIDCAP 150,18 Apr 2018,-,-,-,6930.87,NIFTY MIDCAP 150
NIFTY MIDCAP 150,17 Apr 2018,-,-,-,6941.19,NIFTY MIDCAP 150
NIFTY MIDCAP 150,16 Apr 2018,-,-,-,6923.11,NIFTY MIDCAP 150
NIFTY MIDCAP 150,13 Apr 2018,-,-,-,6881.4,NIFTY MIDCAP 150
NIFTY MIDCAP 150,12 Apr 2018,-,-,-,6850.47,NIFTY MIDCAP 150
NIFTY MIDCAP 150,11 Apr 2018,-,-,-,6870.95,NIFTY MIDCAP 150
NIFTY MIDCAP 150,10 Apr 2018,-,-,-,6864.5,NIFTY MIDCAP 150
NIFTY MIDCAP 150,09 Apr 2018,-,-,-,6853.0,NIFTY MIDCAP 150
NIFTY MIDCAP 150,06 Apr 2018,-,-,-,6833.75,NIFTY MIDCAP 150
NIFTY MIDCAP 150,05 Apr 2018,-,-,-,6805.48,NIFTY MIDCAP 150
NIFTY MIDCAP 150,04 Apr 2018,-,-,-,6689.04,NIFTY MIDCAP 150
NIFTY MIDCAP 150,03 Apr 2018,-,-,-,6753.81,NIFTY MIDCAP 150
NIFTY MIDCAP 150,02 Apr 2018,-,-,-,6701.16,NIFTY MIDCAP 150
NIFTY MIDCAP 150,28 Mar 2018,-,-,-,6598.51,NIFTY MIDCAP 150
NIFTY MIDCAP 150,27 Mar 2018,-,-,-,6626.4,NIFTY MIDCAP 150
NIFTY MIDCAP 150,26 Mar 2018,-,-,-,6549.34,NIFTY MIDCAP 150
NIFTY MIDCAP 150,23 Mar 2018,-,-,-,6467.0,NIFTY MIDCAP 150
NIFTY MIDCAP 150,22 Mar 2018,-,-,-,6556.03,NIFTY MIDCAP 150
NIFTY MIDCAP 150,21 Mar 2018,-,-,-,6602.64,NIFTY MIDCAP 150
NIFTY MIDCAP 150,20 Mar 2018,-,-,-,6583.84,NIFTY MIDCAP 150
NIFTY MIDCAP 150,19 Mar 2018,-,-,-,6565.23,NIFTY MIDCAP 150
NIFTY MIDCAP 150,16 Mar 2018,-,-,-,6671.29,NIFTY MIDCAP 150
NIFTY MIDCAP 150,15 Mar 2018,-,-,-,6744.9,NIFTY MIDCAP 150
NIFTY MIDCAP 150,14 Mar 2018,-,-,-,6720.91,NIFTY MIDCAP 150
NIFTY MIDCAP 150,13 Mar 2018,-,-,-,6710.61,NIFTY MIDCAP 150
NIFTY MIDCAP 150,12 Mar 2018,-,-,-,6652.83,NIFTY MIDCAP 150
NIFTY MIDCAP 150,09 Mar 2018,-,-,-,6597.61,NIFTY MIDCAP 150
NIFTY MIDCAP 150,08 Mar 2018,-,-,-,6611.97,NIFTY MIDCAP 150
NIFTY MIDCAP 150,07 Mar 2018,-,-,-,6563.24,NIFTY MIDCAP 150
NIFTY MIDCAP 150,06 Mar 2018,-,-,-,6663.41,NIFTY MIDCAP 150
NIFTY MIDCAP 150,05 Mar 2018,-,-,-,6727.06,NIFTY MIDCAP 150
NIFTY MIDCAP 150,01 Mar 2018,-,-,-,6785.07,NIFTY MIDCAP 150
NIFTY MIDCAP 150,28 Feb 2018,-,-,-,6817.37,NIFTY MIDCAP 150
NIFTY MIDCAP 150,27 Feb 2018,-,-,-,6814.15,NIFTY MIDCAP 150
NIFTY MIDCAP 150,26 Feb 2018,-,-,-,6842.48,NIFTY MIDCAP 150
NIFTY MIDCAP 150,23 Feb 2018,-,-,-,6791.49,NIFTY MIDCAP 150
NIFTY MIDCAP 150,22 Feb 2018,-,-,-,6682.88,NIFTY MIDCAP 150
NIFTY MIDCAP 150,21 Feb 2018,-,-,-,6717.39,NIFTY MIDCAP 150
NIFTY MIDCAP 150,20 Feb 2018,-,-,-,6710.7,NIFTY MIDCAP 150
NIFTY MIDCAP 150,19 Feb 2018,-,-,-,6724.21,NIFTY MIDCAP 150
NIFTY MIDCAP 150,16 Feb 2018,-,-,-,6790.56,NIFTY MIDCAP 150
NIFTY MIDCAP 150,15 Feb 2018,-,-,-,6849.44,NIFTY MIDCAP 150
NIFTY MIDCAP 150,14 Feb 2018,-,-,-,6900.13,NIFTY MIDCAP 150
NIFTY MIDCAP 150,12 Feb 2018,-,-,-,6883.25,NIFTY MIDCAP 150
NIFTY MIDCAP 150,09 Feb 2018,-,-,-,6783.61,NIFTY MIDCAP 150
NIFTY MIDCAP 150,08 Feb 2018,-,-,-,6779.13,NIFTY MIDCAP 150
NIFTY MIDCAP 150,07 Feb 2018,-,-,-,6657.11,NIFTY MIDCAP 150
NIFTY MIDCAP 150,06 Feb 2018,-,-,-,6620.51,NIFTY MIDCAP 150
NIFTY MIDCAP 150,05 Feb 2018,-,-,-,6742.66,NIFTY MIDCAP 150
NIFTY MIDCAP 150,02 Feb 2018,-,-,-,6779.93,NIFTY MIDCAP 150
NIFTY MIDCAP 150,01 Feb 2018,-,-,-,7076.21,NIFTY MIDCAP 150
NIFTY MIDCAP 150,31 Jan 2018,-,-,-,7104.06,NIFTY MIDCAP 150
NIFTY MIDCAP 150,30 Jan 2018,-,-,-,7194.52,NIFTY MIDCAP 150
NIFTY MIDCAP 150,29 Jan 2018,-,-,-,7255.46,NIFTY MIDCAP 150
NIFTY MIDCAP 150,25 Jan 2018,-,-,-,7310.98,NIFTY MIDCAP 150
NIFTY MIDCAP 150,24 Jan 2018,-,-,-,7371.52,NIFTY MIDCAP 150
NIFTY MIDCAP 150,23 Jan 2018,-,-,-,7424.33,NIFTY MIDCAP 150
NIFTY MIDCAP 150,22 Jan 2018,-,-,-,7373.39,NIFTY MIDCAP 150
NIFTY MIDCAP 150,19 Jan 2018,-,-,-,7327.52,NIFTY MIDCAP 150
NIFTY MIDCAP 150,18 Jan 2018,-,-,-,7250.87,NIFTY MIDCAP 150
NIFTY MIDCAP 150,17 Jan 2018,-,-,-,7373.6,NIFTY MIDCAP 150
NIFTY MIDCAP 150,16 Jan 2018,-,-,-,7321.4,NIFTY MIDCAP 150
NIFTY MIDCAP 150,15 Jan 2018,-,-,-,7448.48,NIFTY MIDCAP 150
NIFTY MIDCAP 150,12 Jan 2018,-,-,-,7445.87,NIFTY MIDCAP 150
NIFTY MIDCAP 150,11 Jan 2018,-,-,-,7458.43,NIFTY MIDCAP 150
NIFTY MIDCAP 150,10 Jan 2018,-,-,-,7429.71,NIFTY MIDCAP 150
NIFTY MIDCAP 150,09 Jan 2018,-,-,-,7458.59,NIFTY MIDCAP 150
NIFTY MIDCAP 150,08 Jan 2018,-,-,-,7469.15,NIFTY MIDCAP 150
NIFTY MIDCAP 150,05 Jan 2018,-,-,-,7404.77,NIFTY MIDCAP 150
NIFTY MIDCAP 150,04 Jan 2018,-,-,-,7330.2,NIFTY MIDCAP 150
NIFTY MIDCAP 150,03 Jan 2018,-,-,-,7280.42,NIFTY MIDCAP 150
NIFTY MIDCAP 150,02 Jan 2018,-,-,-,7240.62,NIFTY MIDCAP 150
NIFTY MIDCAP 150,01 Jan 2018,-,-,-,7303.11,NIFTY MIDCAP 150
NIFTY SMALLCAP 50,31 Dec 2018,-,-,-,3170.29,NIFTY SMALLCAP 50
NIFTY SMALLCAP 50,28 Dec 2018,-,-,-,3150.63,NIFTY SMALLCAP 50
NIFTY SMALLCAP 50,27 Dec 2018,-,-,-,3103.66,NIFTY SMALLCAP 50
NIFTY SMALLCAP 50,26 Dec 2018,-,-,-,3093.86,NIFTY SMALLCAP 50
NIFTY SMALLCAP 50,24 Dec 2018,-,-,-,3095.84,NIFTY SMALLCAP 50
NIFTY SMALLCAP 50,21 Dec 2018,-,-,-,3133.22,NIFTY SMALLCAP 50
NIFTY SMALLCAP 50,20 Dec 2018,-,-,-,3180.66,NIFTY SMALLCAP 50
NIFTY SMALLCAP 50,19 Dec 2018,-,-,-,3153.18,NIFTY SMALLCAP 50
NIFTY SMALLCAP 50,18 Dec 2018,-,-,-,3117.23,NIFTY SMALLCAP 50
NIFTY SMALLCAP 50,17 Dec 2018,-,-,-,3088.66,NIFTY SMALLCAP 50
NIFTY SMALLCAP 50,14 Dec 2018,-,-,-,3076.31,NIFTY SMALLCAP 50
NIFTY SMALLCAP 50,13 Dec 2018,-,-,-,3070.97,NIFTY SMALLCAP 50
NIFTY SMALLCAP 50,12 Dec 2018,-,-,-,3031.02,NIFTY SMALLCAP 50
NIFTY SMALLCAP 50,11 Dec 2018,-,-,-,2927.6,NIFTY SMALLCAP 50
NIFTY SMALLCAP 50,10 Dec 2018,-,-,-,2860.91,NIFTY SMALLCAP 50
NIFTY SMALLCAP 50,07 Dec 2018,-,-,-,2934.55,NIFTY SMALLCAP 50
NIFTY SMALLCAP 50,06 Dec 2018,-,-,-,2934.59,NIFTY SMALLCAP 50
NIFTY SMALLCAP 50,05 Dec 2018,-,-,-,2994.77,NIFTY SMALLCAP 50
NIFTY SMALLCAP 50,04 Dec 2018,-,-,-,3062.14,NIFTY SMALLCAP 50
NIFTY SMALLCAP 50,03 Dec 2018,-,-,-,3063.7,NIFTY SMALLCAP 50
NIFTY SMALLCAP 50,30 Nov 2018,-,-,-,3022.73,NIFTY SMALLCAP 50
NIFTY SMALLCAP 50,29 Nov 2018,-,-,-,2988.75,NIFTY SMALLCAP 50
NIFTY SMALLCAP 50,28 Nov 2018,-,-,-,2983.66,NIFTY SMALLCAP 50
NIFTY SMALLCAP 50,27 Nov 2018,-,-,-,3011.9,NIFTY SMALLCAP 50
NIFTY SMALLCAP 50,26 Nov 2018,-,-,-,2993.56,NIFTY SMALLCAP 50
NIFTY SMALLCAP 50,22 Nov 2018,-,-,-,2996.68,NIFTY SMALLCAP 50
NIFTY SMALLCAP 50,21 Nov 2018,-,-,-,3011.07,NIFTY SMALLCAP 50
NIFTY SMALLCAP 50,20 Nov 2018,-,-,-,2990.02,NIFTY SMALLCAP 50
NIFTY SMALLCAP 50,19 Nov 2018,-,-,-,3041.87,NIFTY SMALLCAP 50
NIFTY SMALLCAP 50,16 Nov 2018,-,-,-,3027.16,NIFTY SMALLCAP 50
NIFTY SMALLCAP 50,15 Nov 2018,-,-,-,3049.93,NIFTY SMALLCAP 50
NIFTY SMALLCAP 50,14 Nov 2018,-,-,-,3046.31,NIFTY SMALLCAP 50
NIFTY SMALLCAP 50,13 Nov 2018,-,-,-,3061.82,NIFTY SMALLCAP 50
NIFTY SMALLCAP 50,12 Nov 2018,-,-,-,3048.67,NIFTY SMALLCAP 50
NIFTY SMALLCAP 50,09 Nov 2018,-,-,-,3093.93,NIFTY SMALLCAP 50
NIFTY SMALLCAP 50,07 Nov 2018,-,-,-,3047.41,NIFTY SMALLCAP 50
NIFTY SMALLCAP 50,06 Nov 2018,-,-,-,3016.56,NIFTY SMALLCAP 50
NIFTY SMALLCAP 50,05 Nov 2018,-,-,-,3032.55,NIFTY SMALLCAP 50
NIFTY SMALLCAP 50,02 Nov 2018,-,-,-,3036.77,NIFTY SMALLCAP 50
NIFTY SMALLCAP 50,01 Nov 2018,-,-,-,2998.05,NIFTY SMALLCAP 50
NIFTY SMALLCAP 50,31 Oct 2018,-,-,-,2937.59,NIFTY SMALLCAP 50
NIFTY SMALLCAP 50,30 Oct 2018,-,-,-,2885.72,NIFTY SMALLCAP 50
NIFTY SMALLCAP 50,29 Oct 2018,-,-,-,2847.35,NIFTY SMALLCAP 50
NIFTY SMALLCAP 50,26 Oct 2018,-,-,-,2755.76,NIFTY SMALLCAP 50
NIFTY SMALLCAP 50,25 Oct 2018,-,-,-,2781.84,NIFTY SMALLCAP 50
NIFTY SMALLCAP 50,24 Oct 2018,-,-,-,2824.98,NIFTY SMALLCAP 50
NIFTY SMALLCAP 50,23 Oct 2018,-,-,-,2793.51,NIFTY SMALLCAP 50
NIFTY SMALLCAP 50,22 Oct 2018,-,-,-,2830.87,NIFTY SMALLCAP 50
NIFTY SMALLCAP 50,19 Oct 2018,-,-,-,2883.22,NIFTY SMALLCAP 50
NIFTY SMALLCAP 50,17 Oct 2018,-,-,-,2923.84,NIFTY SMALLCAP 50
NIFTY SMALLCAP 50,16 Oct 2018,-,-,-,3016.01,NIFTY SMALLCAP 50
NIFTY SMALLCAP 50,15 Oct 2018,-,-,-,2952.0,NIFTY SMALLCAP 50
NIFTY SMALLCAP 50,12 Oct 2018,-,-,-,2913.69,NIFTY SMALLCAP 50
NIFTY SMALLCAP 50,11 Oct 2018,-,-,-,2829.76,NIFTY SMALLCAP 50
NIFTY SMALLCAP 50,10 Oct 2018,-,-,-,2908.22,NIFTY SMALLCAP 50
NIFTY SMALLCAP 50,09 Oct 2018,-,-,-,2776.28,NIFTY SMALLCAP 50
NIFTY SMALLCAP 50,08 Oct 2018,-,-,-,2787.24,NIFTY SMALLCAP 50
NIFTY SMALLCAP 50,05 Oct 2018,-,-,-,2868.61,NIFTY SMALLCAP 50
NIFTY SMALLCAP 50,04 Oct 2018,-,-,-,2954.71,NIFTY SMALLCAP 50
NIFTY SMALLCAP 50,03 Oct 2018,-,-,-,3024.74,NIFTY SMALLCAP 50
NIFTY SMALLCAP 50,01 Oct 2018,-,-,-,2991.28,NIFTY SMALLCAP 50
NIFTY SMALLCAP 50,28 Sep 2018,-,-,-,2963.3,NIFTY SMALLCAP 50
NIFTY SMALLCAP 50,27 Sep 2018,-,-,-,3176.99,NIFTY SMALLCAP 50
NIFTY SMALLCAP 50,26 Sep 2018,-,-,-,3278.79,NIFTY SMALLCAP 50
NIFTY SMALLCAP 50,25 Sep 2018,-,-,-,3275.45,NIFTY SMALLCAP 50
NIFTY SMALLCAP 50,24 Sep 2018,-,-,-,3328.93,NIFTY SMALLCAP 50
NIFTY SMALLCAP 50,21 Sep 2018,-,-,-,3435.75,NIFTY SMALLCAP 50
NIFTY SMALLCAP 50,19 Sep 2018,-,-,-,3591.19,NIFTY SMALLCAP 50
NIFTY SMALLCAP 50,18 Sep 2018,-,-,-,3635.81,NIFTY SMALLCAP 50
NIFTY SMALLCAP 50,17 Sep 2018,-,-,-,3718.64,NIFTY SMALLCAP 50
NIFTY SMALLCAP 50,14 Sep 2018,-,-,-,3712.5,NIFTY SMALLCAP 50
NIFTY SMALLCAP 50,12 Sep 2018,-,-,-,3655.37,NIFTY SMALLCAP 50
NIFTY SMALLCAP 50,11 Sep 2018,-,-,-,3650.17,NIFTY SMALLCAP 50
NIFTY SMALLCAP 50,10 Sep 2018,-,-,-,3702.2,NIFTY SMALLCAP 50
NIFTY SMALLCAP 50,07 Sep 2018,-,-,-,3760.27,NIFTY SMALLCAP 50
NIFTY SMALLCAP 50,06 Sep 2018,-,-,-,3743.85,NIFTY SMALLCAP 50
NIFTY SMALLCAP 50,05 Sep 2018,-,-,-,3734.39,NIFTY SMALLCAP 50
NIFTY SMALLCAP 50,04 Sep 2018,-,-,-,3746.26,NIFTY SMALLCAP 50
NIFTY SMALLCAP 50,03 Sep 2018,-,-,-,3864.35,NIFTY SMALLCAP 50
NIFTY SMALLCAP 50,31 Aug 2018,-,-,-,3860.49,NIFTY SMALLCAP 50
NIFTY SMALLCAP 50,30 Aug 2018,-,-,-,3857.84,NIFTY SMALLCAP 50
NIFTY SMALLCAP 50,29 Aug 2018,-,-,-,3847.6,NIFTY SMALLCAP 50
NIFTY SMALLCAP 50,28 Aug 2018,-,-,-,3840.46,NIFTY SMALLCAP 50
NIFTY SMALLCAP 50,27 Aug 2018,-,-,-,3827.07,NIFTY SMALLCAP 50
NIFTY SMALLCAP 50,24 Aug 2018,-,-,-,3794.5,NIFTY SMALLCAP 50
NIFTY SMALLCAP 50,23 Aug 2018,-,-,-,3807.79,NIFTY SMALLCAP 50
NIFTY SMALLCAP 50,21 Aug 2018,-,-,-,3833.5,NIFTY SMALLCAP 50
NIFTY SMALLCAP 50,20 Aug 2018,-,-,-,3810.83,NIFTY SMALLCAP 50
NIFTY SMALLCAP 50,17 Aug 2018,-,-,-,3800.37,NIFTY SMALLCAP 50
NIFTY SMALLCAP 50,16 Aug 2018,-,-,-,3757.53,NIFTY SMALLCAP 50
NIFTY SMALLCAP 50,14 Aug 2018,-,-,-,3780.08,NIFTY SMALLCAP 50
NIFTY SMALLCAP 50,13 Aug 2018,-,-,-,3771.06,NIFTY SMALLCAP 50
NIFTY SMALLCAP 50,10 Aug 2018,-,-,-,3811.57,NIFTY SMALLCAP 50
NIFTY SMALLCAP 50,09 Aug 2018,-,-,-,3857.07,NIFTY SMALLCAP 50
NIFTY SMALLCAP 50,08 Aug 2018,-,-,-,3812.12,NIFTY SMALLCAP 50
NIFTY SMALLCAP 50,07 Aug 2018,-,-,-,3792.65,NIFTY SMALLCAP 50
NIFTY SMALLCAP 50,06 Aug 2018,-,-,-,3840.51,NIFTY SMALLCAP 50
NIFTY SMALLCAP 50,03 Aug 2018,-,-,-,3843.41,NIFTY SMALLCAP 50
NIFTY SMALLCAP 50,02 Aug 2018,-,-,-,3787.43,NIFTY SMALLCAP 50
NIFTY SMALLCAP 50,01 Aug 2018,-,-,-,3776.14,NIFTY SMALLCAP 50
NIFTY SMALLCAP 50,31 Jul 2018,-,-,-,3781.55,NIFTY SMALLCAP 50
NIFTY SMALLCAP 50,30 Jul 2018,-,-,-,3776.96,NIFTY SMALLCAP 50
NIFTY SMALLCAP 50,27 Jul 2018,-,-,-,3760.02,NIFTY SMALLCAP 50
NIFTY SMALLCAP 50,26 Jul 2018,-,-,-,3720.53,NIFTY SMALLCAP 50
NIFTY SMALLCAP 50,25 Jul 2018,-,-,-,3698.52,NIFTY SMALLCAP 50
NIFTY SMALLCAP 50,24 Jul 2018,-,-,-,3674.76,NIFTY SMALLCAP 50
NIFTY SMALLCAP 50,23 Jul 2018,-,-,-,3597.63,NIFTY SMALLCAP 50
NIFTY SMALLCAP 50,20 Jul 2018,-,-,-,3577.01,NIFTY SMALLCAP 50
NIFTY SMALLCAP 50,19 Jul 2018,-,-,-,3535.41,NIFTY SMALLCAP 50
NIFTY SMALLCAP 50,18 Jul 2018,-,-,-,3559.03,NIFTY SMALLCAP 50
NIFTY SMALLCAP 50,17 Jul 2018,-,-,-,3608.39,NIFTY SMALLCAP 50
NIFTY SMALLCAP 50,16 Jul 2018,-,-,-,3522.42,NIFTY SMALLCAP 50
NIFTY SMALLCAP 50,13 Jul 2018,-,-,-,3660.28,NIFTY SMALLCAP 50
NIFTY SMALLCAP 50,12 Jul 2018,-,-,-,3772.01,NIFTY SMALLCAP 50
NIFTY SMALLCAP 50,11 Jul 2018,-,-,-,3785.17,NIFTY SMALLCAP 50
NIFTY SMALLCAP 50,10 Jul 2018,-,-,-,3806.72,NIFTY SMALLCAP 50
NIFTY SMALLCAP 50,09 Jul 2018,-,-,-,3760.09,NIFTY SMALLCAP 50
NIFTY SMALLCAP 50,06 Jul 2018,-,-,-,3688.1,NIFTY SMALLCAP 50
NIFTY SMALLCAP 50,05 Jul 2018,-,-,-,3643.13,NIFTY SMALLCAP 50
NIFTY SMALLCAP 50,04 Jul 2018,-,-,-,3676.89,NIFTY SMALLCAP 50
NIFTY SMALLCAP 50,03 Jul 2018,-,-,-,3656.57,NIFTY SMALLCAP 50
NIFTY SMALLCAP 50,02 Jul 2018,-,-,-,3624.31,NIFTY SMALLCAP 50
NIFTY SMALLCAP 50,29 Jun 2018,-,-,-,3628.85,NIFTY SMALLCAP 50
NIFTY SMALLCAP 50,28 Jun 2018,-,-,-,3550.78,NIFTY SMALLCAP 50
NIFTY SMALLCAP 50,27 Jun 2018,-,-,-,3628.54,NIFTY SMALLCAP 50
NIFTY SMALLCAP 50,26 Jun 2018,-,-,-,3735.01,NIFTY SMALLCAP 50
NIFTY SMALLCAP 50,25 Jun 2018,-,-,-,3765.65,NIFTY SMALLCAP 50
NIFTY SMALLCAP 50,22 Jun 2018,-,-,-,3781.65,NIFTY SMALLCAP 50
NIFTY SMALLCAP 50,21 Jun 2018,-,-,-,3757.61,NIFTY SMALLCAP 50
NIFTY SMALLCAP 50,20 Jun 2018,-,-,-,3810.07,NIFTY SMALLCAP 50
NIFTY SMALLCAP 50,19 Jun 2018,-,-,-,3778.73,NIFTY SMALLCAP 50
NIFTY SMALLCAP 50,18 Jun 2018,-,-,-,3840.21,NIFTY SMALLCAP 50
NIFTY SMALLCAP 50,15 Jun 2018,-,-,-,3875.67,NIFTY SMALLCAP 50
NIFTY SMALLCAP 50,14 Jun 2018,-,-,-,3923.71,NIFTY SMALLCAP 50
NIFTY SMALLCAP 50,13 Jun 2018,-,-,-,3924.32,NIFTY SMALLCAP 50
NIFTY SMALLCAP 50,12 Jun 2018,-,-,-,3931.07,NIFTY SMALLCAP 50
NIFTY SMALLCAP 50,11 Jun 2018,-,-,-,3916.2,NIFTY SMALLCAP 50
NIFTY SMALLCAP 50,08 Jun 2018,-,-,-,3922.18,NIFTY SMALLCAP 50
NIFTY SMALLCAP 50,07 Jun 2018,-,-,-,3884.11,NIFTY SMALLCAP 50
NIFTY SMALLCAP 50,06 Jun 2018,-,-,-,3793.69,NIFTY SMALLCAP 50
NIFTY SMALLCAP 50,05 Jun 2018,-,-,-,3712.64,NIFTY SMALLCAP 50
NIFTY SMALLCAP 50,04 Jun 2018,-,-,-,3801.54,NIFTY SMALLCAP 50
NIFTY SMALLCAP 50,01 Jun 2018,-,-,-,3923.08,NIFTY SMALLCAP 50
NIFTY SMALLCAP 50,31 May 2018,-,-,-,3999.03,NIFTY SMALLCAP 50
NIFTY SMALLCAP 50,30 May 2018,-,-,-,4038.25,NIFTY SMALLCAP 50
NIFTY SMALLCAP 50,29 May 2018,-,-,-,4042.81,NIFTY SMALLCAP 50
NIFTY SMALLCAP 50,28 May 2018,-,-,-,4049.09,NIFTY SMALLCAP 50
NIFTY SMALLCAP 50,25 May 2018,-,-,-,3954.29,NIFTY SMALLCAP 50
NIFTY SMALLCAP 50,24 May 2018,-,-,-,3877.19,NIFTY SMALLCAP 50
NIFTY SMALLCAP 50,23 May 2018,-,-,-,3882.23,NIFTY SMALLCAP 50
NIFTY SMALLCAP 50,22 May 2018,-,-,-,3908.58,NIFTY SMALLCAP 50
NIFTY SMALLCAP 50,21 May 2018,-,-,-,3847.0,NIFTY SMALLCAP 50
NIFTY SMALLCAP 50,18 May 2018,-,-,-,3955.53,NIFTY SMALLCAP 50
NIFTY SMALLCAP 50,17 May 2018,-,-,-,4068.89,NIFTY SMALLCAP 50
NIFTY SMALLCAP 50,16 May 2018,-,-,-,4002.9,NIFTY SMALLCAP 50
NIFTY SMALLCAP 50,15 May 2018,-,-,-,3990.32,NIFTY SMALLCAP 50
NIFTY SMALLCAP 50,14 May 2018,-,-,-,4052.87,NIFTY SMALLCAP 50
NIFTY SMALLCAP 50,11 May 2018,-,-,-,4096.61,NIFTY SMALLCAP 50
NIFTY SMALLCAP 50,10 May 2018,-,-,-,4125.68,NIFTY SMALLCAP 50
NIFTY SMALLCAP 50,09 May 2018,-,-,-,4224.29,NIFTY SMALLCAP 50
NIFTY SMALLCAP 50,08 May 2018,-,-,-,4231.37,NIFTY SMALLCAP 50
NIFTY SMALLCAP 50,07 May 2018,-,-,-,4210.4,NIFTY SMALLCAP 50
NIFTY SMALLCAP 50,04 May 2018,-,-,-,4186.52,NIFTY SMALLCAP 50
NIFTY SMALLCAP 50,03 May 2018,-,-,-,4201.41,NIFTY SMALLCAP 50
NIFTY SMALLCAP 50,02 May 2018,-,-,-,4232.82,NIFTY SMALLCAP 50
NIFTY SMALLCAP 50,30 Apr 2018,-,-,-,4291.35,NIFTY SMALLCAP 50
NIFTY SMALLCAP 50,27 Apr 2018,-,-,-,4250.6,NIFTY SMALLCAP 50
NIFTY SMALLCAP 50,26 Apr 2018,-,-,-,4223.98,NIFTY SMALLCAP 50
NIFTY SMALLCAP 50,25 Apr 2018,-,-,-,4226.33,NIFTY SMALLCAP 50
NIFTY SMALLCAP 50,24 Apr 2018,-,-,-,4263.83,NIFTY SMALLCAP 50
NIFTY SMALLCAP 50,23 Apr 2018,-,-,-,4285.9,NIFTY SMALLCAP 50
NIFTY SMALLCAP 50,20 Apr 2018,-,-,-,4302.36,NIFTY SMALLCAP 50
NIFTY SMALLCAP 50,19 Apr 2018,-,-,-,4314.38,NIFTY SMALLCAP 50
NIFTY SMALLCAP 50,18 Apr 2018,-,-,-,4269.86,NIFTY SMALLCAP 50
NIFTY SMALLCAP 50,17 Apr 2018,-,-,-,4291.4,NIFTY SMALLCAP 50
NIFTY SMALLCAP 50,16 Apr 2018,-,-,-,4275.28,NIFTY SMALLCAP 50
NIFTY SMALLCAP 50,13 Apr 2018,-,-,-,4236.67,NIFTY SMALLCAP 50
NIFTY SMALLCAP 50,12 Apr 2018,-,-,-,4218.83,NIFTY SMALLCAP 50
NIFTY SMALLCAP 50,11 Apr 2018,-,-,-,4254.27,NIFTY SMALLCAP 50
NIFTY SMALLCAP 50,10 Apr 2018,-,-,-,4257.62,NIFTY SMALLCAP 50
NIFTY SMALLCAP 50,09 Apr 2018,-,-,-,4267.54,NIFTY SMALLCAP 50
NIFTY SMALLCAP 50,06 Apr 2018,-,-,-,4254.28,NIFTY SMALLCAP 50
NIFTY SMALLCAP 50,05 Apr 2018,-,-,-,4207.88,NIFTY SMALLCAP 50
NIFTY SMALLCAP 50,04 Apr 2018,-,-,-,4103.66,NIFTY SMALLCAP 50
NIFTY SMALLCAP 50,03 Apr 2018,-,-,-,4163.39,NIFTY SMALLCAP 50
NIFTY SMALLCAP 50,02 Apr 2018,-,-,-,4076.22,NIFTY SMALLCAP 50
NIFTY SMALLCAP 50,28 Mar 2018,-,-,-,3994.75,NIFTY SMALLCAP 50
NIFTY SMALLCAP 50,27 Mar 2018,-,-,-,4064.3,NIFTY SMALLCAP 50
NIFTY SMALLCAP 50,26 Mar 2018,-,-,-,4014.07,NIFTY SMALLCAP 50
NIFTY SMALLCAP 50,23 Mar 2018,-,-,-,3983.45,NIFTY SMALLCAP 50
NIFTY SMALLCAP 50,22 Mar 2018,-,-,-,4069.16,NIFTY SMALLCAP 50
NIFTY SMALLCAP 50,21 Mar 2018,-,-,-,4124.87,NIFTY SMALLCAP 50
NIFTY SMALLCAP 50,20 Mar 2018,-,-,-,4115.33,NIFTY SMALLCAP 50
NIFTY SMALLCAP 50,19 Mar 2018,-,-,-,4106.1,NIFTY SMALLCAP 50
NIFTY SMALLCAP 50,16 Mar 2018,-,-,-,4203.98,NIFTY SMALLCAP 50
NIFTY SMALLCAP 50,15 Mar 2018,-,-,-,4281.16,NIFTY SMALLCAP 50
NIFTY SMALLCAP 50,14 Mar 2018,-,-,-,4254.07,NIFTY SMALLCAP 50
NIFTY SMALLCAP 50,13 Mar 2018,-,-,-,4255.69,NIFTY SMALLCAP 50
NIFTY SMALLCAP 50,12 Mar 2018,-,-,-,4172.94,NIFTY SMALLCAP 50
NIFTY SMALLCAP 50,09 Mar 2018,-,-,-,4139.9,NIFTY SMALLCAP 50
NIFTY SMALLCAP 50,08 Mar 2018,-,-,-,4160.79,NIFTY SMALLCAP 50
NIFTY SMALLCAP 50,07 Mar 2018,-,-,-,4131.83,NIFTY SMALLCAP 50
NIFTY SMALLCAP 50,06 Mar 2018,-,-,-,4240.18,NIFTY SMALLCAP 50
NIFTY SMALLCAP 50,05 Mar 2018,-,-,-,4323.78,NIFTY SMALLCAP 50
NIFTY SMALLCAP 50,01 Mar 2018,-,-,-,4369.5,NIFTY SMALLCAP 50
NIFTY SMALLCAP 50,28 Feb 2018,-,-,-,4408.96,NIFTY SMALLCAP 50
NIFTY SMALLCAP 50,27 Feb 2018,-,-,-,4403.16,NIFTY SMALLCAP 50
NIFTY SMALLCAP 50,26 Feb 2018,-,-,-,4449.83,NIFTY SMALLCAP 50
NIFTY SMALLCAP 50,23 Feb 2018,-,-,-,4386.67,NIFTY SMALLCAP 50
NIFTY SMALLCAP 50,22 Feb 2018,-,-,-,4314.36,NIFTY SMALLCAP 50
NIFTY SMALLCAP 50,21 Feb 2018,-,-,-,4342.89,NIFTY SMALLCAP 50
NIFTY SMALLCAP 50,20 Feb 2018,-,-,-,4353.09,NIFTY SMALLCAP 50
NIFTY SMALLCAP 50,19 Feb 2018,-,-,-,4347.68,NIFTY SMALLCAP 50
NIFTY SMALLCAP 50,16 Feb 2018,-,-,-,4398.53,NIFTY SMALLCAP 50
NIFTY SMALLCAP 50,15 Feb 2018,-,-,-,4445.23,NIFTY SMALLCAP 50
NIFTY SMALLCAP 50,14 Feb 2018,-,-,-,4501.98,NIFTY SMALLCAP 50
NIFTY SMALLCAP 50,12 Feb 2018,-,-,-,4495.86,NIFTY SMALLCAP 50
NIFTY SMALLCAP 50,09 Feb 2018,-,-,-,4389.43,NIFTY SMALLCAP 50
NIFTY SMALLCAP 50,08 Feb 2018,-,-,-,4361.78,NIFTY SMALLCAP 50
NIFTY SMALLCAP 50,07 Feb 2018,-,-,-,4267.83,NIFTY SMALLCAP 50
NIFTY SMALLCAP 50,06 Feb 2018,-,-,-,4173.55,NIFTY SMALLCAP 50
NIFTY SMALLCAP 50,05 Feb 2018,-,-,-,4278.09,NIFTY SMALLCAP 50
NIFTY SMALLCAP 50,02 Feb 2018,-,-,-,4280.3,NIFTY SMALLCAP 50
NIFTY SMALLCAP 50,01 Feb 2018,-,-,-,4572.35,NIFTY SMALLCAP 50
NIFTY SMALLCAP 50,31 Jan 2018,-,-,-,4577.48,NIFTY SMALLCAP 50
NIFTY SMALLCAP 50,30 Jan 2018,-,-,-,4627.59,NIFTY SMALLCAP 50
NIFTY SMALLCAP 50,29 Jan 2018,-,-,-,4684.73,NIFTY SMALLCAP 50
NIFTY SMALLCAP 50,25 Jan 2018,-,-,-,4734.84,NIFTY SMALLCAP 50
NIFTY SMALLCAP 50,24 Jan 2018,-,-,-,4797.74,NIFTY SMALLCAP 50
NIFTY SMALLCAP 50,23 Jan 2018,-,-,-,4833.34,NIFTY SMALLCAP 50
NIFTY SMALLCAP 50,22 Jan 2018,-,-,-,4801.83,NIFTY SMALLCAP 50
NIFTY SMALLCAP 50,19 Jan 2018,-,-,-,4778.7,NIFTY SMALLCAP 50
NIFTY SMALLCAP 50,18 Jan 2018,-,-,-,4727.33,NIFTY SMALLCAP 50
NIFTY SMALLCAP 50,17 Jan 2018,-,-,-,4849.23,NIFTY SMALLCAP 50
NIFTY SMALLCAP 50,16 Jan 2018,-,-,-,4794.24,NIFTY SMALLCAP 50
NIFTY SMALLCAP 50,15 Jan 2018,-,-,-,4961.58,NIFTY SMALLCAP 50
NIFTY SMALLCAP 50,12 Jan 2018,-,-,-,4935.7,NIFTY SMALLCAP 50
NIFTY SMALLCAP 50,11 Jan 2018,-,-,-,4938.18,NIFTY SMALLCAP 50
NIFTY SMALLCAP 50,10 Jan 2018,-,-,-,4898.95,NIFTY SMALLCAP 50
NIFTY SMALLCAP 50,09 Jan 2018,-,-,-,4894.67,NIFTY SMALLCAP 50
NIFTY SMALLCAP 50,08 Jan 2018,-,-,-,4886.61,NIFTY SMALLCAP 50
NIFTY SMALLCAP 50,05 Jan 2018,-,-,-,4824.01,NIFTY SMALLCAP 50
NIFTY SMALLCAP 50,04 Jan 2018,-,-,-,4772.08,NIFTY SMALLCAP 50
NIFTY SMALLCAP 50,03 Jan 2018,-,-,-,4714.3,NIFTY SMALLCAP 50
NIFTY SMALLCAP 50,02 Jan 2018,-,-,-,4686.64,NIFTY SMALLCAP 50
NIFTY SMALLCAP 50,01 Jan 2018,-,-,-,4746.09,NIFTY SMALLCAP 50
NIFTY SMALLCAP 100,31 Dec 2018,6424.35,6456.9,6423.85,6449.15,NIFTY SMALLCAP 100
NIFTY SMALLCAP 100,28 Dec 2018,6358.85,6411.05,6357.35,6399.7,NIFTY SMALLCAP 100
NIFTY SMALLCAP 100,27 Dec 2018,6367.05,6380.8,6321.6,6329.0,NIFTY SMALLCAP 100
NIFTY SMALLCAP 100,26 Dec 2018,6293.55,6322.15,6193.5,6314.75,NIFTY SMALLCAP 100
NIFTY SMALLCAP 100,24 Dec 2018,6381.5,6395.1,6306.85,6311.15,NIFTY SMALLCAP 100
NIFTY SMALLCAP 100,21 Dec 2018,6467.15,6503.45,6366.45,6378.85,NIFTY SMALLCAP 100
NIFTY SMALLCAP 100,20 Dec 2018,6407.7,6476.3,6390.35,6452.05,NIFTY SMALLCAP 100
NIFTY SMALLCAP 100,19 Dec 2018,6380.45,6434.7,6373.3,6425.35,NIFTY SMALLCAP 100
NIFTY SMALLCAP 100,18 Dec 2018,6286.5,6349.7,6270.5,6344.55,NIFTY SMALLCAP 100
NIFTY SMALLCAP 100,17 Dec 2018,6297.35,6313.3,6285.75,6298.45,NIFTY SMALLCAP 100
NIFTY SMALLCAP 100,14 Dec 2018,6272.65,6304.2,6238.0,6281.05,NIFTY SMALLCAP 100
NIFTY SMALLCAP 100,13 Dec 2018,6270.95,6319.35,6236.05,6278.6,NIFTY SMALLCAP 100
NIFTY SMALLCAP 100,12 Dec 2018,6073.35,6217.7,6073.3,6214.35,NIFTY SMALLCAP 100
NIFTY SMALLCAP 100,11 Dec 2018,5840.95,6051.85,5836.45,6033.1,NIFTY SMALLCAP 100
NIFTY SMALLCAP 100,10 Dec 2018,5955.55,5960.75,5912.8,5925.05,NIFTY SMALLCAP 100
NIFTY SMALLCAP 100,07 Dec 2018,6077.8,6100.7,6016.6,6056.65,NIFTY SMALLCAP 100
NIFTY SMALLCAP 100,06 Dec 2018,6119.35,6121.0,6031.55,6053.25,NIFTY SMALLCAP 100
NIFTY SMALLCAP 100,05 Dec 2018,6235.65,6246.2,6135.7,6160.5,NIFTY SMALLCAP 100
NIFTY SMALLCAP 100,04 Dec 2018,6278.45,6314.4,6262.55,6272.2,NIFTY SMALLCAP 100
NIFTY SMALLCAP 100,03 Dec 2018,6252.95,6278.35,6209.6,6268.8,NIFTY SMALLCAP 100
NIFTY SMALLCAP 100,30 Nov 2018,6186.2,6231.65,6173.2,6216.2,NIFTY SMALLCAP 100
NIFTY SMALLCAP 100,29 Nov 2018,6208.1,6209.65,6143.7,6171.45,NIFTY SMALLCAP 100
NIFTY SMALLCAP 100,28 Nov 2018,6234.6,6243.35,6166.3,6177.15,NIFTY SMALLCAP 100
NIFTY SMALLCAP 100,27 Nov 2018,6187.35,6231.55,6183.05,6223.9,NIFTY SMALLCAP 100
NIFTY SMALLCAP 100,26 Nov 2018,6230.0,6237.2,6132.5,6190.1,NIFTY SMALLCAP 100
NIFTY SMALLCAP 100,22 Nov 2018,6241.85,6275.15,6194.65,6203.65,NIFTY SMALLCAP 100
NIFTY SMALLCAP 100,21 Nov 2018,6212.85,6239.1,6163.45,6226.55,NIFTY SMALLCAP 100
NIFTY SMALLCAP 100,20 Nov 2018,6255.2,6280.05,6186.55,6196.9,NIFTY SMALLCAP 100
NIFTY SMALLCAP 100,19 Nov 2018,6272.0,6290.55,6241.1,6280.15,NIFTY SMALLCAP 100
NIFTY SMALLCAP 100,16 Nov 2018,6282.9,6299.2,6229.8,6247.3,NIFTY SMALLCAP 100
NIFTY SMALLCAP 100,15 Nov 2018,6266.7,6278.15,6212.65,6269.35,NIFTY SMALLCAP 100
NIFTY SMALLCAP 100,14 Nov 2018,6310.25,6315.05,6230.95,6262.15,NIFTY SMALLCAP 100
NIFTY SMALLCAP 100,13 Nov 2018,6237.3,6282.1,6190.65,6275.1,NIFTY SMALLCAP 100
NIFTY SMALLCAP 100,12 Nov 2018,6332.6,6340.5,6246.3,6254.4,NIFTY SMALLCAP 100
NIFTY SMALLCAP 100,09 Nov 2018,6274.85,6330.45,6235.0,6325.05,NIFTY SMALLCAP 100
NIFTY SMALLCAP 100,07 Nov 2018,6242.6,6269.05,6233.4,6261.7,NIFTY SMALLCAP 100
NIFTY SMALLCAP 100,06 Nov 2018,6246.5,6261.0,6167.2,6192.65,NIFTY SMALLCAP 100
NIFTY SMALLCAP 100,05 Nov 2018,6267.7,6284.7,6176.3,6218.45,NIFTY SMALLCAP 100
NIFTY SMALLCAP 100,02 Nov 2018,6233.5,6310.7,6228.95,6242.95,NIFTY SMALLCAP 100
NIFTY SMALLCAP 100,01 Nov 2018,6092.2,6189.65,6088.95,6162.4,NIFTY SMALLCAP 100
NIFTY SMALLCAP 100,31 Oct 2018,6003.1,6070.75,5938.25,6062.6,NIFTY SMALLCAP 100
NIFTY SMALLCAP 100,30 Oct 2018,5909.4,6012.75,5901.55,5977.45,NIFTY SMALLCAP 100
NIFTY SMALLCAP 100,29 Oct 2018,5793.45,5904.8,5741.1,5892.15,NIFTY SMALLCAP 100
NIFTY SMALLCAP 100,26 Oct 2018,5757.65,5788.55,5669.85,5747.95,NIFTY SMALLCAP 100
NIFTY SMALLCAP 100,25 Oct 2018,5799.35,5822.0,5746.75,5784.2,NIFTY SMALLCAP 100
NIFTY SMALLCAP 100,24 Oct 2018,5864.65,5902.8,5804.45,5859.85,NIFTY SMALLCAP 100
NIFTY SMALLCAP 100,23 Oct 2018,5808.75,5859.1,5751.9,5802.75,NIFTY SMALLCAP 100
NIFTY SMALLCAP 100,22 Oct 2018,6030.4,6038.6,5862.5,5874.1,NIFTY SMALLCAP 100
NIFTY SMALLCAP 100,19 Oct 2018,6018.6,6081.0,5938.25,5993.25,NIFTY SMALLCAP 100
NIFTY SMALLCAP 100,17 Oct 2018,6318.3,6340.9,6059.55,6069.55,NIFTY SMALLCAP 100
NIFTY SMALLCAP 100,16 Oct 2018,6165.4,6245.65,6162.7,6233.65,NIFTY SMALLCAP 100
NIFTY SMALLCAP 100,15 Oct 2018,6075.3,6123.45,6027.2,6111.35,NIFTY SMALLCAP 100
NIFTY SMALLCAP 100,12 Oct 2018,5927.65,6044.15,5924.9,6024.75,NIFTY SMALLCAP 100
NIFTY SMALLCAP 100,11 Oct 2018,5793.85,5942.9,5753.95,5863.0,NIFTY SMALLCAP 100
NIFTY SMALLCAP 100,10 Oct 2018,5792.95,5998.85,5791.95,5989.2,NIFTY SMALLCAP 100
NIFTY SMALLCAP 100,09 Oct 2018,5792.6,5824.8,5684.55,5756.3,NIFTY SMALLCAP 100
NIFTY SMALLCAP 100,08 Oct 2018,5886.35,5914.35,5694.5,5770.2,NIFTY SMALLCAP 100
NIFTY SMALLCAP 100,05 Oct 2018,6035.9,6088.2,5878.7,5911.65,NIFTY SMALLCAP 100
NIFTY SMALLCAP 100,04 Oct 2018,6105.15,6149.8,6008.6,6059.45,NIFTY SMALLCAP 100
NIFTY SMALLCAP 100,03 Oct 2018,6165.3,6297.75,6111.75,6195.45,NIFTY SMALLCAP 100
NIFTY SMALLCAP 100,01 Oct 2018,6126.85,6179.2,5936.65,6166.75,NIFTY SMALLCAP 100
NIFTY SMALLCAP 100,28 Sep 2018,6488.9,6495.0,6109.0,6150.95,NIFTY SMALLCAP 100
NIFTY SMALLCAP 100,27 Sep 2018,6657.55,6668.6,6469.4,6480.75,NIFTY SMALLCAP 100
NIFTY SMALLCAP 100,26 Sep 2018,6685.75,6713.15,6623.15,6647.95,NIFTY SMALLCAP 100
NIFTY SMALLCAP 100,25 Sep 2018,6700.55,6716.55,6523.6,6642.35,NIFTY SMALLCAP 100
NIFTY SMALLCAP 100,24 Sep 2018,6928.05,6930.9,6699.85,6722.45,NIFTY SMALLCAP 100
NIFTY SMALLCAP 100,21 Sep 2018,7211.65,7229.95,6644.15,6902.25,NIFTY SMALLCAP 100
NIFTY SMALLCAP 100,19 Sep 2018,7277.25,7291.25,7129.1,7167.05,NIFTY SMALLCAP 100
NIFTY SMALLCAP 100,18 Sep 2018,7417.2,7443.8,7239.5,7246.95,NIFTY SMALLCAP 100
NIFTY SMALLCAP 100,17 Sep 2018,7374.85,7431.65,7330.15,7400.8,NIFTY SMALLCAP 100
NIFTY SMALLCAP 100,14 Sep 2018,7339.3,7399.25,7339.3,7388.35,NIFTY SMALLCAP 100
NIFTY SMALLCAP 100,12 Sep 2018,7319.3,7321.15,7181.25,7281.4,NIFTY SMALLCAP 100
NIFTY SMALLCAP 100,11 Sep 2018,7455.45,7467.45,7303.95,7313.5,NIFTY SMALLCAP 100
NIFTY SMALLCAP 100,10 Sep 2018,7512.9,7540.5,7415.9,7427.65,NIFTY SMALLCAP 100
NIFTY SMALLCAP 100,07 Sep 2018,7498.25,7530.95,7447.6,7520.2,NIFTY SMALLCAP 100
NIFTY SMALLCAP 100,06 Sep 2018,7469.85,7492.65,7409.8,7482.25,NIFTY SMALLCAP 100
NIFTY SMALLCAP 100,05 Sep 2018,7441.4,7462.7,7327.35,7435.15,NIFTY SMALLCAP 100
NIFTY SMALLCAP 100,04 Sep 2018,7666.75,7672.6,7432.45,7453.9,NIFTY SMALLCAP 100
NIFTY SMALLCAP 100,03 Sep 2018,7709.3,7745.15,7640.1,7651.8,NIFTY SMALLCAP 100
NIFTY SMALLCAP 100,31 Aug 2018,7654.95,7689.4,7620.15,7668.95,NIFTY SMALLCAP 100
NIFTY SMALLCAP 100,30 Aug 2018,7633.25,7653.7,7610.75,7642.25,NIFTY SMALLCAP 100
NIFTY SMALLCAP 100,29 Aug 2018,7608.6,7647.1,7597.15,7605.55,NIFTY SMALLCAP 100
NIFTY SMALLCAP 100,28 Aug 2018,7629.4,7640.85,7585.45,7597.7,NIFTY SMALLCAP 100
NIFTY SMALLCAP 100,27 Aug 2018,7566.25,7606.55,7565.4,7589.75,NIFTY SMALLCAP 100
NIFTY SMALLCAP 100,24 Aug 2018,7552.85,7585.1,7494.0,7532.3,NIFTY SMALLCAP 100
NIFTY SMALLCAP 100,23 Aug 2018,7608.75,7615.55,7528.0,7554.1,NIFTY SMALLCAP 100
NIFTY SMALLCAP 100,21 Aug 2018,7568.4,7598.35,7533.5,7587.2,NIFTY SMALLCAP 100
NIFTY SMALLCAP 100,20 Aug 2018,7542.4,7562.4,7529.3,7549.85,NIFTY SMALLCAP 100
NIFTY SMALLCAP 100,17 Aug 2018,7489.4,7534.2,7479.8,7522.5,NIFTY SMALLCAP 100
NIFTY SMALLCAP 100,16 Aug 2018,7478.0,7527.4,7425.15,7449.3,NIFTY SMALLCAP 100
NIFTY SMALLCAP 100,14 Aug 2018,7476.55,7519.75,7464.8,7492.85,NIFTY SMALLCAP 100
NIFTY SMALLCAP 100,13 Aug 2018,7471.6,7518.05,7415.75,7463.65,NIFTY SMALLCAP 100
NIFTY SMALLCAP 100,10 Aug 2018,7629.2,7632.7,7521.7,7537.3,NIFTY SMALLCAP 100
NIFTY SMALLCAP 100,09 Aug 2018,7579.65,7639.9,7578.45,7623.85,NIFTY SMALLCAP 100
NIFTY SMALLCAP 100,08 Aug 2018,7541.5,7594.1,7528.4,7555.3,NIFTY SMALLCAP 100
NIFTY SMALLCAP 100,07 Aug 2018,7619.8,7626.85,7520.9,7532.45,NIFTY SMALLCAP 100
NIFTY SMALLCAP 100,06 Aug 2018,7620.8,7646.15,7588.8,7597.35,NIFTY SMALLCAP 100
NIFTY SMALLCAP 100,03 Aug 2018,7513.8,7583.05,7513.7,7581.75,NIFTY SMALLCAP 100
NIFTY SMALLCAP 100,02 Aug 2018,7484.25,7509.4,7410.4,7475.6,NIFTY SMALLCAP 100
NIFTY SMALLCAP 100,01 Aug 2018,7483.75,7516.1,7433.15,7468.25,NIFTY SMALLCAP 100
NIFTY SMALLCAP 100,31 Jul 2018,7443.1,7474.3,7425.6,7465.75,NIFTY SMALLCAP 100
NIFTY SMALLCAP 100,30 Jul 2018,7425.65,7457.3,7404.05,7437.85,NIFTY SMALLCAP 100
NIFTY SMALLCAP 100,27 Jul 2018,7337.95,7410.65,7331.6,7402.85,NIFTY SMALLCAP 100
NIFTY SMALLCAP 100,26 Jul 2018,7291.9,7326.55,7282.55,7318.8,NIFTY SMALLCAP 100
NIFTY SMALLCAP 100,25 Jul 2018,7281.7,7309.9,7259.5,7274.75,NIFTY SMALLCAP 100
NIFTY SMALLCAP 100,24 Jul 2018,7110.45,7256.5,7091.35,7246.8,NIFTY SMALLCAP 100
NIFTY SMALLCAP 100,23 Jul 2018,7059.3,7088.3,6997.1,7082.05,NIFTY SMALLCAP 100
NIFTY SMALLCAP 100,20 Jul 2018,6981.4,7036.2,6945.65,7030.75,NIFTY SMALLCAP 100
NIFTY SMALLCAP 100,19 Jul 2018,7039.7,7043.5,6923.4,6976.5,NIFTY SMALLCAP 100
NIFTY SMALLCAP 100,18 Jul 2018,7150.3,7178.35,6959.85,7018.45,NIFTY SMALLCAP 100
NIFTY SMALLCAP 100,17 Jul 2018,6976.15,7103.6,6938.5,7097.45,NIFTY SMALLCAP 100
NIFTY SMALLCAP 100,16 Jul 2018,7201.05,7201.05,6969.35,6984.0,NIFTY SMALLCAP 100
NIFTY SMALLCAP 100,13 Jul 2018,7384.45,7391.8,7198.2,7206.25,NIFTY SMALLCAP 100
NIFTY SMALLCAP 100,12 Jul 2018,7448.05,7484.55,7365.4,7395.8,NIFTY SMALLCAP 100
NIFTY SMALLCAP 100,11 Jul 2018,7439.85,7461.35,7390.05,7409.0,NIFTY SMALLCAP 100
NIFTY SMALLCAP 100,10 Jul 2018,7382.45,7451.1,7382.45,7446.4,NIFTY SMALLCAP 100
NIFTY SMALLCAP 100,09 Jul 2018,7284.95,7353.0,7280.95,7345.15,NIFTY SMALLCAP 100
NIFTY SMALLCAP 100,06 Jul 2018,7163.95,7255.65,7157.95,7222.9,NIFTY SMALLCAP 100
NIFTY SMALLCAP 100,05 Jul 2018,7223.0,7229.25,7151.9,7161.65,NIFTY SMALLCAP 100
NIFTY SMALLCAP 100,04 Jul 2018,7186.1,7215.35,7155.25,7212.1,NIFTY SMALLCAP 100
NIFTY SMALLCAP 100,03 Jul 2018,7126.95,7186.8,7076.25,7180.5,NIFTY SMALLCAP 100
NIFTY SMALLCAP 100,02 Jul 2018,7214.65,7222.2,7063.75,7130.25,NIFTY SMALLCAP 100
NIFTY SMALLCAP 100,29 Jun 2018,7071.1,7185.45,7070.8,7177.75,NIFTY SMALLCAP 100
NIFTY SMALLCAP 100,28 Jun 2018,7151.5,7151.6,6999.1,7011.75,NIFTY SMALLCAP 100
NIFTY SMALLCAP 100,27 Jun 2018,7331.25,7336.25,7093.5,7152.35,NIFTY SMALLCAP 100
NIFTY SMALLCAP 100,26 Jun 2018,7366.65,7393.05,7309.35,7318.25,NIFTY SMALLCAP 100
NIFTY SMALLCAP 100,25 Jun 2018,7431.9,7492.3,7380.25,7387.1,NIFTY SMALLCAP 100
NIFTY SMALLCAP 100,22 Jun 2018,7409.05,7440.35,7371.4,7433.2,NIFTY SMALLCAP 100
NIFTY SMALLCAP 100,21 Jun 2018,7500.4,7508.45,7408.95,7415.25,NIFTY SMALLCAP 100
NIFTY SMALLCAP 100,20 Jun 2018,7467.1,7510.8,7447.5,7495.7,NIFTY SMALLCAP 100
NIFTY SMALLCAP 100,19 Jun 2018,7541.05,7549.0,7429.5,7454.6,NIFTY SMALLCAP 100
NIFTY SMALLCAP 100,18 Jun 2018,7624.9,7634.1,7555.85,7566.55,NIFTY SMALLCAP 100
NIFTY SMALLCAP 100,15 Jun 2018,7712.95,7747.0,7614.05,7629.2,NIFTY SMALLCAP 100
NIFTY SMALLCAP 100,14 Jun 2018,7708.65,7721.25,7665.8,7710.4,NIFTY SMALLCAP 100
NIFTY SMALLCAP 100,13 Jun 2018,7748.4,7787.7,7704.85,7710.2,NIFTY SMALLCAP 100
NIFTY SMALLCAP 100,12 Jun 2018,7696.15,7731.5,7687.1,7726.7,NIFTY SMALLCAP 100
NIFTY SMALLCAP 100,11 Jun 2018,7682.05,7741.2,7667.15,7673.7,NIFTY SMALLCAP 100
NIFTY SMALLCAP 100,08 Jun 2018,7575.45,7667.15,7542.65,7658.1,NIFTY SMALLCAP 100
NIFTY SMALLCAP 100,07 Jun 2018,7496.25,7599.65,7488.65,7589.35,NIFTY SMALLCAP 100
NIFTY SMALLCAP 100,06 Jun 2018,7273.35,7443.4,7224.0,7428.55,NIFTY SMALLCAP 100
NIFTY SMALLCAP 100,05 Jun 2018,7448.3,7453.05,7251.75,7302.3,NIFTY SMALLCAP 100
NIFTY SMALLCAP 100,04 Jun 2018,7725.5,7730.2,7475.0,7487.1,NIFTY SMALLCAP 100
NIFTY SMALLCAP 100,01 Jun 2018,7834.1,7854.35,7689.9,7700.35,NIFTY SMALLCAP 100
NIFTY SMALLCAP 100,31 May 2018,7946.35,7954.5,7820.3,7829.65,NIFTY SMALLCAP 100
NIFTY SMALLCAP 100,30 May 2018,7873.95,7955.95,7861.2,7907.15,NIFTY SMALLCAP 100
NIFTY SMALLCAP 100,29 May 2018,7958.2,7999.7,7899.6,7929.8,NIFTY SMALLCAP 100
NIFTY SMALLCAP 100,28 May 2018,7850.8,7957.1,7840.0,7949.8,NIFTY SMALLCAP 100
NIFTY SMALLCAP 100,25 May 2018,7730.4,7823.55,7719.1,7814.5,NIFTY SMALLCAP 100
NIFTY SMALLCAP 100,24 May 2018,7740.85,7765.15,7660.0,7697.75,NIFTY SMALLCAP 100
NIFTY SMALLCAP 100,23 May 2018,7740.9,7810.8,7691.2,7699.0,NIFTY SMALLCAP 100
NIFTY SMALLCAP 100,22 May 2018,7632.9,7746.05,7605.2,7735.15,NIFTY SMALLCAP 100
NIFTY SMALLCAP 100,21 May 2018,7812.5,7827.15,7602.45,7622.55,NIFTY SMALLCAP 100
NIFTY SMALLCAP 100,18 May 2018,8018.8,8025.45,7799.65,7814.4,NIFTY SMALLCAP 100
NIFTY SMALLCAP 100,17 May 2018,7960.1,8021.7,7930.6,8000.95,NIFTY SMALLCAP 100
NIFTY SMALLCAP 100,16 May 2018,7862.2,7965.4,7825.2,7923.85,NIFTY SMALLCAP 100
NIFTY SMALLCAP 100,15 May 2018,7989.0,8101.75,7858.45,7904.8,NIFTY SMALLCAP 100
NIFTY SMALLCAP 100,14 May 2018,8112.85,8115.65,7972.3,7992.85,NIFTY SMALLCAP 100
NIFTY SMALLCAP 100,11 May 2018,8159.25,8172.15,8083.3,8099.45,NIFTY SMALLCAP 100
NIFTY SMALLCAP 100,10 May 2018,8294.4,8312.45,8117.9,8125.8,NIFTY SMALLCAP 100
NIFTY SMALLCAP 100,09 May 2018,8286.85,8323.9,8267.8,8274.2,NIFTY SMALLCAP 100
NIFTY SMALLCAP 100,08 May 2018,8277.3,8316.35,8250.35,8296.2,NIFTY SMALLCAP 100
NIFTY SMALLCAP 100,07 May 2018,8229.0,8249.25,8185.35,8245.55,NIFTY SMALLCAP 100
NIFTY SMALLCAP 100,04 May 2018,8210.0,8223.85,8158.6,8186.2,NIFTY SMALLCAP 100
NIFTY SMALLCAP 100,03 May 2018,8281.4,8284.85,8161.4,8214.35,NIFTY SMALLCAP 100
NIFTY SMALLCAP 100,02 May 2018,8418.9,8436.3,8242.25,8291.3,NIFTY SMALLCAP 100
NIFTY SMALLCAP 100,30 Apr 2018,8329.6,8393.2,8304.65,8389.85,NIFTY SMALLCAP 100
NIFTY SMALLCAP 100,27 Apr 2018,8279.8,8326.05,8271.7,8279.1,NIFTY SMALLCAP 100
NIFTY SMALLCAP 100,26 Apr 2018,8251.9,8261.2,8200.4,8238.25,NIFTY SMALLCAP 100
NIFTY SMALLCAP 100,25 Apr 2018,8296.95,8329.3,8218.1,8236.95,NIFTY SMALLCAP 100
NIFTY SMALLCAP 100,24 Apr 2018,8371.0,8392.05,8296.3,8303.4,NIFTY SMALLCAP 100
NIFTY SMALLCAP 100,23 Apr 2018,8318.4,8373.15,8300.45,8336.8,NIFTY SMALLCAP 100
NIFTY SMALLCAP 100,20 Apr 2018,8309.85,8325.7,8275.4,8321.5,NIFTY SMALLCAP 100
NIFTY SMALLCAP 100,19 Apr 2018,8272.8,8320.15,8228.7,8315.3,NIFTY SMALLCAP 100
NIFTY SMALLCAP 100,18 Apr 2018,8315.75,8319.95,8220.15,8240.7,NIFTY SMALLCAP 100
NIFTY SMALLCAP 100,17 Apr 2018,8288.9,8305.05,8240.05,8279.85,NIFTY SMALLCAP 100
NIFTY SMALLCAP 100,16 Apr 2018,8156.75,8258.25,8139.65,8251.35,NIFTY SMALLCAP 100
NIFTY SMALLCAP 100,13 Apr 2018,8193.75,8256.0,8168.9,8204.0,NIFTY SMALLCAP 100
NIFTY SMALLCAP 100,12 Apr 2018,8201.4,8224.75,8150.1,8167.85,NIFTY SMALLCAP 100
NIFTY SMALLCAP 100,11 Apr 2018,8236.95,8238.1,8163.05,8205.65,NIFTY SMALLCAP 100
NIFTY SMALLCAP 100,10 Apr 2018,8259.4,8272.3,8174.95,8215.05,NIFTY SMALLCAP 100
NIFTY SMALLCAP 100,09 Apr 2018,8231.25,8264.2,8199.35,8215.7,NIFTY SMALLCAP 100
NIFTY SMALLCAP 100,06 Apr 2018,8149.7,8219.9,8098.25,8204.95,NIFTY SMALLCAP 100
NIFTY SMALLCAP 100,05 Apr 2018,8051.55,8137.75,8050.15,8128.7,NIFTY SMALLCAP 100
NIFTY SMALLCAP 100,04 Apr 2018,8117.0,8164.75,7936.1,7946.75,NIFTY SMALLCAP 100
NIFTY SMALLCAP 100,03 Apr 2018,7912.55,8066.2,7906.45,8060.9,NIFTY SMALLCAP 100
NIFTY SMALLCAP 100,02 Apr 2018,7828.1,7938.85,7827.4,7929.2,NIFTY SMALLCAP 100
NIFTY SMALLCAP 100,28 Mar 2018,7836.8,7853.7,7779.0,7791.95,NIFTY SMALLCAP 100
NIFTY SMALLCAP 100,27 Mar 2018,7805.65,7886.6,7804.9,7868.5,NIFTY SMALLCAP 100
NIFTY SMALLCAP 100,26 Mar 2018,7675.3,7747.65,7610.0,7734.0,NIFTY SMALLCAP 100
NIFTY SMALLCAP 100,23 Mar 2018,7680.75,7699.45,7614.25,7681.4,NIFTY SMALLCAP 100
NIFTY SMALLCAP 100,22 Mar 2018,7992.5,8002.0,7846.75,7851.6,NIFTY SMALLCAP 100
NIFTY SMALLCAP 100,21 Mar 2018,8010.8,8076.2,7950.7,7966.0,NIFTY SMALLCAP 100
NIFTY SMALLCAP 100,20 Mar 2018,7885.3,7991.3,7851.35,7954.7,NIFTY SMALLCAP 100
NIFTY SMALLCAP 100,19 Mar 2018,8147.1,8168.85,7918.6,7934.3,NIFTY SMALLCAP 100
NIFTY SMALLCAP 100,16 Mar 2018,8237.7,8279.4,8099.2,8112.1,NIFTY SMALLCAP 100
NIFTY SMALLCAP 100,15 Mar 2018,8160.5,8236.45,8159.05,8223.0,NIFTY SMALLCAP 100
NIFTY SMALLCAP 100,14 Mar 2018,8118.7,8163.35,8087.75,8154.25,NIFTY SMALLCAP 100
NIFTY SMALLCAP 100,13 Mar 2018,8025.35,8202.9,8012.4,8157.85,NIFTY SMALLCAP 100
NIFTY SMALLCAP 100,12 Mar 2018,8031.3,8040.7,7938.75,8026.95,NIFTY SMALLCAP 100
NIFTY SMALLCAP 100,09 Mar 2018,8029.95,8046.1,7947.05,7964.1,NIFTY SMALLCAP 100
NIFTY SMALLCAP 100,08 Mar 2018,8012.5,8049.7,7827.5,7984.55,NIFTY SMALLCAP 100
NIFTY SMALLCAP 100,07 Mar 2018,8106.35,8107.25,7933.6,7953.85,NIFTY SMALLCAP 100
NIFTY SMALLCAP 100,06 Mar 2018,8313.2,8349.95,8104.05,8134.5,NIFTY SMALLCAP 100
NIFTY SMALLCAP 100,05 Mar 2018,8331.7,8331.7,8221.7,8250.75,NIFTY SMALLCAP 100
NIFTY SMALLCAP 100,01 Mar 2018,8377.65,8418.05,8332.0,8339.9,NIFTY SMALLCAP 100
NIFTY SMALLCAP 100,28 Feb 2018,8302.75,8369.05,8255.9,8356.5,NIFTY SMALLCAP 100
NIFTY SMALLCAP 100,27 Feb 2018,8431.9,8446.4,8346.2,8368.05,NIFTY SMALLCAP 100
NIFTY SMALLCAP 100,26 Feb 2018,8395.1,8417.35,8364.45,8394.25,NIFTY SMALLCAP 100
NIFTY SMALLCAP 100,23 Feb 2018,8218.4,8350.8,8215.25,8342.85,NIFTY SMALLCAP 100
NIFTY SMALLCAP 100,22 Feb 2018,8190.5,8222.5,8161.9,8186.4,NIFTY SMALLCAP 100
NIFTY SMALLCAP 100,21 Feb 2018,8301.3,8315.55,8205.35,8225.85,NIFTY SMALLCAP 100
NIFTY SMALLCAP 100,20 Feb 2018,8249.0,8296.7,8187.2,8249.95,NIFTY SMALLCAP 100
NIFTY SMALLCAP 100,19 Feb 2018,8372.85,8375.25,8144.55,8237.95,NIFTY SMALLCAP 100
NIFTY SMALLCAP 100,16 Feb 2018,8490.8,8512.45,8306.9,8356.95,NIFTY SMALLCAP 100
NIFTY SMALLCAP 100,15 Feb 2018,8625.1,8625.75,8412.45,8443.65,NIFTY SMALLCAP 100
NIFTY SMALLCAP 100,14 Feb 2018,8689.6,8704.4,8558.45,8574.4,NIFTY SMALLCAP 100
NIFTY SMALLCAP 100,12 Feb 2018,8567.95,8669.15,8563.75,8633.5,NIFTY SMALLCAP 100
NIFTY SMALLCAP 100,09 Feb 2018,8250.2,8509.4,8222.55,8482.05,NIFTY SMALLCAP 100
NIFTY SMALLCAP 100,08 Feb 2018,8315.35,8494.8,8301.8,8467.15,NIFTY SMALLCAP 100
NIFTY SMALLCAP 100,07 Feb 2018,8257.8,8317.9,8190.75,8269.05,NIFTY SMALLCAP 100
NIFTY SMALLCAP 100,06 Feb 2018,7828.35,8149.05,7777.2,8083.5,NIFTY SMALLCAP 100
NIFTY SMALLCAP 100,05 Feb 2018,8028.3,8350.95,7972.6,8313.65,NIFTY SMALLCAP 100
NIFTY SMALLCAP 100,02 Feb 2018,8650.7,8651.05,8120.95,8251.0,NIFTY SMALLCAP 100
NIFTY SMALLCAP 100,01 Feb 2018,8853.75,8893.5,8642.9,8783.3,NIFTY SMALLCAP 100
NIFTY SMALLCAP 100,31 Jan 2018,8897.55,8947.65,8753.1,8816.9,NIFTY SMALLCAP 100
NIFTY SMALLCAP 100,30 Jan 2018,9046.95,9051.35,8917.9,8923.4,NIFTY SMALLCAP 100
NIFTY SMALLCAP 100,29 Jan 2018,9282.6,9296.0,9055.7,9077.35,NIFTY SMALLCAP 100
NIFTY SMALLCAP 100,25 Jan 2018,9345.3,9352.5,9221.35,9232.15,NIFTY SMALLCAP 100
NIFTY SMALLCAP 100,24 Jan 2018,9381.5,9393.0,9287.8,9312.7,NIFTY SMALLCAP 100
NIFTY SMALLCAP 100,23 Jan 2018,9390.8,9421.15,9344.95,9388.55,NIFTY SMALLCAP 100
NIFTY SMALLCAP 100,22 Jan 2018,9324.6,9370.3,9297.35,9360.45,NIFTY SMALLCAP 100
NIFTY SMALLCAP 100,19 Jan 2018,9225.6,9295.9,9163.65,9288.85,NIFTY SMALLCAP 100
NIFTY SMALLCAP 100,18 Jan 2018,9531.95,9544.95,9140.95,9200.5,NIFTY SMALLCAP 100
NIFTY SMALLCAP 100,17 Jan 2018,9337.8,9448.45,9124.65,9435.3,NIFTY SMALLCAP 100
NIFTY SMALLCAP 100,16 Jan 2018,9610.5,9614.25,9324.95,9342.7,NIFTY SMALLCAP 100
NIFTY SMALLCAP 100,15 Jan 2018,9630.2,9656.55,9571.75,9580.3,NIFTY SMALLCAP 100
NIFTY SMALLCAP 100,12 Jan 2018,9614.9,9649.05,9465.95,9559.15,NIFTY SMALLCAP 100
NIFTY SMALLCAP 100,11 Jan 2018,9541.55,9628.65,9526.7,9565.85,NIFTY SMALLCAP 100
NIFTY SMALLCAP 100,10 Jan 2018,9551.65,9581.7,9470.75,9529.65,NIFTY SMALLCAP 100
NIFTY SMALLCAP 100,09 Jan 2018,9550.65,9567.85,9474.5,9529.4,NIFTY SMALLCAP 100
NIFTY SMALLCAP 100,08 Jan 2018,9469.7,9549.85,9469.3,9535.1,NIFTY SMALLCAP 100
NIFTY SMALLCAP 100,05 Jan 2018,9347.8,9420.2,9341.25,9398.7,NIFTY SMALLCAP 100
NIFTY SMALLCAP 100,04 Jan 2018,9292.25,9315.35,9253.75,9310.0,NIFTY SMALLCAP 100
NIFTY SMALLCAP 100,03 Jan 2018,9170.45,9240.05,9170.25,9226.45,NIFTY SMALLCAP 100
NIFTY SMALLCAP 100,02 Jan 2018,9235.65,9257.2,9017.7,9108.9,NIFTY SMALLCAP 100
NIFTY SMALLCAP 100,01 Jan 2018,9127.0,9260.7,9109.35,9178.4,NIFTY SMALLCAP 100
NIFTY SMALLCAP 250,31 Dec 2018,-,-,-,5295.48,NIFTY SMALLCAP 250
NIFTY SMALLCAP 250,28 Dec 2018,-,-,-,5253.95,NIFTY SMALLCAP 250
NIFTY SMALLCAP 250,27 Dec 2018,-,-,-,5206.63,NIFTY SMALLCAP 250
NIFTY SMALLCAP 250,26 Dec 2018,-,-,-,5196.96,NIFTY SMALLCAP 250
NIFTY SMALLCAP 250,24 Dec 2018,-,-,-,5203.16,NIFTY SMALLCAP 250
NIFTY SMALLCAP 250,21 Dec 2018,-,-,-,5252.7,NIFTY SMALLCAP 250
NIFTY SMALLCAP 250,20 Dec 2018,-,-,-,5303.93,NIFTY SMALLCAP 250
NIFTY SMALLCAP 250,19 Dec 2018,-,-,-,5295.49,NIFTY SMALLCAP 250
NIFTY SMALLCAP 250,18 Dec 2018,-,-,-,5235.89,NIFTY SMALLCAP 250
NIFTY SMALLCAP 250,17 Dec 2018,-,-,-,5203.46,NIFTY SMALLCAP 250
NIFTY SMALLCAP 250,14 Dec 2018,-,-,-,5184.64,NIFTY SMALLCAP 250
NIFTY SMALLCAP 250,13 Dec 2018,-,-,-,5177.38,NIFTY SMALLCAP 250
NIFTY SMALLCAP 250,12 Dec 2018,-,-,-,5138.7,NIFTY SMALLCAP 250
NIFTY SMALLCAP 250,11 Dec 2018,-,-,-,5005.34,NIFTY SMALLCAP 250
NIFTY SMALLCAP 250,10 Dec 2018,-,-,-,4939.0,NIFTY SMALLCAP 250
NIFTY SMALLCAP 250,07 Dec 2018,-,-,-,5031.43,NIFTY SMALLCAP 250
NIFTY SMALLCAP 250,06 Dec 2018,-,-,-,5029.58,NIFTY SMALLCAP 250
NIFTY SMALLCAP 250,05 Dec 2018,-,-,-,5095.57,NIFTY SMALLCAP 250
NIFTY SMALLCAP 250,04 Dec 2018,-,-,-,5165.19,NIFTY SMALLCAP 250
NIFTY SMALLCAP 250,03 Dec 2018,-,-,-,5156.19,NIFTY SMALLCAP 250
NIFTY SMALLCAP 250,30 Nov 2018,-,-,-,5125.73,NIFTY SMALLCAP 250
NIFTY SMALLCAP 250,29 Nov 2018,-,-,-,5108.43,NIFTY SMALLCAP 250
NIFTY SMALLCAP 250,28 Nov 2018,-,-,-,5104.6,NIFTY SMALLCAP 250
NIFTY SMALLCAP 250,27 Nov 2018,-,-,-,5134.07,NIFTY SMALLCAP 250
NIFTY SMALLCAP 250,26 Nov 2018,-,-,-,5113.37,NIFTY SMALLCAP 250
NIFTY SMALLCAP 250,22 Nov 2018,-,-,-,5130.38,NIFTY SMALLCAP 250
NIFTY SMALLCAP 250,21 Nov 2018,-,-,-,5149.63,NIFTY SMALLCAP 250
NIFTY SMALLCAP 250,20 Nov 2018,-,-,-,5141.76,NIFTY SMALLCAP 250
NIFTY SMALLCAP 250,19 Nov 2018,-,-,-,5203.67,NIFTY SMALLCAP 250
NIFTY SMALLCAP 250,16 Nov 2018,-,-,-,5183.77,NIFTY SMALLCAP 250
NIFTY SMALLCAP 250,15 Nov 2018,-,-,-,5198.38,NIFTY SMALLCAP 250
NIFTY SMALLCAP 250,14 Nov 2018,-,-,-,5197.7,NIFTY SMALLCAP 250
NIFTY SMALLCAP 250,13 Nov 2018,-,-,-,5205.33,NIFTY SMALLCAP 250
NIFTY SMALLCAP 250,12 Nov 2018,-,-,-,5198.53,NIFTY SMALLCAP 250
NIFTY SMALLCAP 250,09 Nov 2018,-,-,-,5244.03,NIFTY SMALLCAP 250
NIFTY SMALLCAP 250,07 Nov 2018,-,-,-,5208.54,NIFTY SMALLCAP 250
NIFTY SMALLCAP 250,06 Nov 2018,-,-,-,5150.83,NIFTY SMALLCAP 250
NIFTY SMALLCAP 250,05 Nov 2018,-,-,-,5154.61,NIFTY SMALLCAP 250
NIFTY SMALLCAP 250,02 Nov 2018,-,-,-,5175.72,NIFTY SMALLCAP 250
NIFTY SMALLCAP 250,01 Nov 2018,-,-,-,5118.9,NIFTY SMALLCAP 250
NIFTY SMALLCAP 250,31 Oct 2018,-,-,-,5056.8,NIFTY SMALLCAP 250
NIFTY SMALLCAP 250,30 Oct 2018,-,-,-,4995.3,NIFTY SMALLCAP 250
NIFTY SMALLCAP 250,29 Oct 2018,-,-,-,4938.41,NIFTY SMALLCAP 250
NIFTY SMALLCAP 250,26 Oct 2018,-,-,-,4831.37,NIFTY SMALLCAP 250
NIFTY SMALLCAP 250,25 Oct 2018,-,-,-,4842.14,NIFTY SMALLCAP 250
NIFTY SMALLCAP 250,24 Oct 2018,-,-,-,4888.62,NIFTY SMALLCAP 250
NIFTY SMALLCAP 250,23 Oct 2018,-,-,-,4853.5,NIFTY SMALLCAP 250
NIFTY SMALLCAP 250,22 Oct 2018,-,-,-,4918.32,NIFTY SMALLCAP 250
NIFTY SMALLCAP 250,19 Oct 2018,-,-,-,5004.75,NIFTY SMALLCAP 250
NIFTY SMALLCAP 250,17 Oct 2018,-,-,-,5059.86,NIFTY SMALLCAP 250
NIFTY SMALLCAP 250,16 Oct 2018,-,-,-,5181.97,NIFTY SMALLCAP 250
NIFTY SMALLCAP 250,15 Oct 2018,-,-,-,5103.27,NIFTY SMALLCAP 250
NIFTY SMALLCAP 250,12 Oct 2018,-,-,-,5040.82,NIFTY SMALLCAP 250
NIFTY SMALLCAP 250,11 Oct 2018,-,-,-,4916.38,NIFTY SMALLCAP 250
NIFTY SMALLCAP 250,10 Oct 2018,-,-,-,5004.09,NIFTY SMALLCAP 250
NIFTY SMALLCAP 250,09 Oct 2018,-,-,-,4827.47,NIFTY SMALLCAP 250
NIFTY SMALLCAP 250,08 Oct 2018,-,-,-,4851.17,NIFTY SMALLCAP 250
NIFTY SMALLCAP 250,05 Oct 2018,-,-,-,4942.38,NIFTY SMALLCAP 250
NIFTY SMALLCAP 250,04 Oct 2018,-,-,-,5049.34,NIFTY SMALLCAP 250
NIFTY SMALLCAP 250,03 Oct 2018,-,-,-,5158.8,NIFTY SMALLCAP 250
NIFTY SMALLCAP 250,01 Oct 2018,-,-,-,5134.1,NIFTY SMALLCAP 250
NIFTY SMALLCAP 250,28 Sep 2018,-,-,-,5130.04,NIFTY SMALLCAP 250
NIFTY SMALLCAP 250,27 Sep 2018,-,-,-,5340.62,NIFTY SMALLCAP 250
NIFTY SMALLCAP 250,26 Sep 2018,-,-,-,5457.14,NIFTY SMALLCAP 250
NIFTY SMALLCAP 250,25 Sep 2018,-,-,-,5460.51,NIFTY SMALLCAP 250
NIFTY SMALLCAP 250,24 Sep 2018,-,-,-,5507.92,NIFTY SMALLCAP 250
NIFTY SMALLCAP 250,21 Sep 2018,-,-,-,5649.71,NIFTY SMALLCAP 250
NIFTY SMALLCAP 250,19 Sep 2018,-,-,-,5834.77,NIFTY SMALLCAP 250
NIFTY SMALLCAP 250,18 Sep 2018,-,-,-,5884.93,NIFTY SMALLCAP 250
NIFTY SMALLCAP 250,17 Sep 2018,-,-,-,5985.88,NIFTY SMALLCAP 250
NIFTY SMALLCAP 250,14 Sep 2018,-,-,-,5977.76,NIFTY SMALLCAP 250
NIFTY SMALLCAP 250,12 Sep 2018,-,-,-,5899.47,NIFTY SMALLCAP 250
NIFTY SMALLCAP 250,11 Sep 2018,-,-,-,5917.13,NIFTY SMALLCAP 250
NIFTY SMALLCAP 250,10 Sep 2018,-,-,-,5999.73,NIFTY SMALLCAP 250
NIFTY SMALLCAP 250,07 Sep 2018,-,-,-,6069.48,NIFTY SMALLCAP 250
NIFTY SMALLCAP 250,06 Sep 2018,-,-,-,6042.68,NIFTY SMALLCAP 250
NIFTY SMALLCAP 250,05 Sep 2018,-,-,-,6008.53,NIFTY SMALLCAP 250
NIFTY SMALLCAP 250,04 Sep 2018,-,-,-,6024.29,NIFTY SMALLCAP 250
NIFTY SMALLCAP 250,03 Sep 2018,-,-,-,6152.57,NIFTY SMALLCAP 250
NIFTY SMALLCAP 250,31 Aug 2018,-,-,-,6160.43,NIFTY SMALLCAP 250
NIFTY SMALLCAP 250,30 Aug 2018,-,-,-,6125.79,NIFTY SMALLCAP 250
NIFTY SMALLCAP 250,29 Aug 2018,-,-,-,6088.14,NIFTY SMALLCAP 250
NIFTY SMALLCAP 250,28 Aug 2018,-,-,-,6073.5,NIFTY SMALLCAP 250
NIFTY SMALLCAP 250,27 Aug 2018,-,-,-,6060.92,NIFTY SMALLCAP 250
NIFTY SMALLCAP 250,24 Aug 2018,-,-,-,6021.91,NIFTY SMALLCAP 250
NIFTY SMALLCAP 250,23 Aug 2018,-,-,-,6036.24,NIFTY SMALLCAP 250
NIFTY SMALLCAP 250,21 Aug 2018,-,-,-,6047.59,NIFTY SMALLCAP 250
NIFTY SMALLCAP 250,20 Aug 2018,-,-,-,6020.8,NIFTY SMALLCAP 250
NIFTY SMALLCAP 250,17 Aug 2018,-,-,-,6007.85,NIFTY SMALLCAP 250
NIFTY SMALLCAP 250,16 Aug 2018,-,-,-,5950.45,NIFTY SMALLCAP 250
NIFTY SMALLCAP 250,14 Aug 2018,-,-,-,5969.77,NIFTY SMALLCAP 250
NIFTY SMALLCAP 250,13 Aug 2018,-,-,-,5951.14,NIFTY SMALLCAP 250
NIFTY SMALLCAP 250,10 Aug 2018,-,-,-,6006.91,NIFTY SMALLCAP 250
NIFTY SMALLCAP 250,09 Aug 2018,-,-,-,6069.26,NIFTY SMALLCAP 250
NIFTY SMALLCAP 250,08 Aug 2018,-,-,-,6039.17,NIFTY SMALLCAP 250
NIFTY SMALLCAP 250,07 Aug 2018,-,-,-,6021.72,NIFTY SMALLCAP 250
NIFTY SMALLCAP 250,06 Aug 2018,-,-,-,6050.03,NIFTY SMALLCAP 250
NIFTY SMALLCAP 250,03 Aug 2018,-,-,-,6028.64,NIFTY SMALLCAP 250
NIFTY SMALLCAP 250,02 Aug 2018,-,-,-,5944.01,NIFTY SMALLCAP 250
NIFTY SMALLCAP 250,01 Aug 2018,-,-,-,5948.77,NIFTY SMALLCAP 250
NIFTY SMALLCAP 250,31 Jul 2018,-,-,-,5943.02,NIFTY SMALLCAP 250
NIFTY SMALLCAP 250,30 Jul 2018,-,-,-,5933.52,NIFTY SMALLCAP 250
NIFTY SMALLCAP 250,27 Jul 2018,-,-,-,5907.71,NIFTY SMALLCAP 250
NIFTY SMALLCAP 250,26 Jul 2018,-,-,-,5848.33,NIFTY SMALLCAP 250
NIFTY SMALLCAP 250,25 Jul 2018,-,-,-,5825.54,NIFTY SMALLCAP 250
NIFTY SMALLCAP 250,24 Jul 2018,-,-,-,5808.2,NIFTY SMALLCAP 250
NIFTY SMALLCAP 250,23 Jul 2018,-,-,-,5678.83,NIFTY SMALLCAP 250
NIFTY SMALLCAP 250,20 Jul 2018,-,-,-,5632.22,NIFTY SMALLCAP 250
NIFTY SMALLCAP 250,19 Jul 2018,-,-,-,5612.2,NIFTY SMALLCAP 250
NIFTY SMALLCAP 250,18 Jul 2018,-,-,-,5661.03,NIFTY SMALLCAP 250
NIFTY SMALLCAP 250,17 Jul 2018,-,-,-,5716.64,NIFTY SMALLCAP 250
NIFTY SMALLCAP 250,16 Jul 2018,-,-,-,5654.24,NIFTY SMALLCAP 250
NIFTY SMALLCAP 250,13 Jul 2018,-,-,-,5808.18,NIFTY SMALLCAP 250
NIFTY SMALLCAP 250,12 Jul 2018,-,-,-,5916.75,NIFTY SMALLCAP 250
NIFTY SMALLCAP 250,11 Jul 2018,-,-,-,5915.62,NIFTY SMALLCAP 250
NIFTY SMALLCAP 250,10 Jul 2018,-,-,-,5939.26,NIFTY SMALLCAP 250
NIFTY SMALLCAP 250,09 Jul 2018,-,-,-,5877.02,NIFTY SMALLCAP 250
NIFTY SMALLCAP 250,06 Jul 2018,-,-,-,5783.81,NIFTY SMALLCAP 250
NIFTY SMALLCAP 250,05 Jul 2018,-,-,-,5753.69,NIFTY SMALLCAP 250
NIFTY SMALLCAP 250,04 Jul 2018,-,-,-,5785.91,NIFTY SMALLCAP 250
NIFTY SMALLCAP 250,03 Jul 2018,-,-,-,5759.89,NIFTY SMALLCAP 250
NIFTY SMALLCAP 250,02 Jul 2018,-,-,-,5733.78,NIFTY SMALLCAP 250
NIFTY SMALLCAP 250,29 Jun 2018,-,-,-,5786.49,NIFTY SMALLCAP 250
NIFTY SMALLCAP 250,28 Jun 2018,-,-,-,5667.96,NIFTY SMALLCAP 250
NIFTY SMALLCAP 250,27 Jun 2018,-,-,-,5758.93,NIFTY SMALLCAP 250
NIFTY SMALLCAP 250,26 Jun 2018,-,-,-,5877.61,NIFTY SMALLCAP 250
NIFTY SMALLCAP 250,25 Jun 2018,-,-,-,5925.99,NIFTY SMALLCAP 250
NIFTY SMALLCAP 250,22 Jun 2018,-,-,-,5973.61,NIFTY SMALLCAP 250
NIFTY SMALLCAP 250,21 Jun 2018,-,-,-,5973.29,NIFTY SMALLCAP 250
NIFTY SMALLCAP 250,20 Jun 2018,-,-,-,6026.11,NIFTY SMALLCAP 250
NIFTY SMALLCAP 250,19 Jun 2018,-,-,-,6014.86,NIFTY SMALLCAP 250
NIFTY SMALLCAP 250,18 Jun 2018,-,-,-,6097.26,NIFTY SMALLCAP 250
NIFTY SMALLCAP 250,15 Jun 2018,-,-,-,6143.89,NIFTY SMALLCAP 250
NIFTY SMALLCAP 250,14 Jun 2018,-,-,-,6182.18,NIFTY SMALLCAP 250
NIFTY SMALLCAP 250,13 Jun 2018,-,-,-,6190.95,NIFTY SMALLCAP 250
NIFTY SMALLCAP 250,12 Jun 2018,-,-,-,6205.63,NIFTY SMALLCAP 250
NIFTY SMALLCAP 250,11 Jun 2018,-,-,-,6166.84,NIFTY SMALLCAP 250
NIFTY SMALLCAP 250,08 Jun 2018,-,-,-,6141.79,NIFTY SMALLCAP 250
NIFTY SMALLCAP 250,07 Jun 2018,-,-,-,6095.95,NIFTY SMALLCAP 250
NIFTY SMALLCAP 250,06 Jun 2018,-,-,-,5968.35,NIFTY SMALLCAP 250
NIFTY SMALLCAP 250,05 Jun 2018,-,-,-,5875.74,NIFTY SMALLCAP 250
NIFTY SMALLCAP 250,04 Jun 2018,-,-,-,6038.55,NIFTY SMALLCAP 250
NIFTY SMALLCAP 250,01 Jun 2018,-,-,-,6191.24,NIFTY SMALLCAP 250
NIFTY SMALLCAP 250,31 May 2018,-,-,-,6289.76,NIFTY SMALLCAP 250
NIFTY SMALLCAP 250,30 May 2018,-,-,-,6337.23,NIFTY SMALLCAP 250
NIFTY SMALLCAP 250,29 May 2018,-,-,-,6350.67,NIFTY SMALLCAP 250
NIFTY SMALLCAP 250,28 May 2018,-,-,-,6362.52,NIFTY SMALLCAP 250
NIFTY SMALLCAP 250,25 May 2018,-,-,-,6268.68,NIFTY SMALLCAP 250
NIFTY SMALLCAP 250,24 May 2018,-,-,-,6186.86,NIFTY SMALLCAP 250
NIFTY SMALLCAP 250,23 May 2018,-,-,-,6185.4,NIFTY SMALLCAP 250
NIFTY SMALLCAP 250,22 May 2018,-,-,-,6203.6,NIFTY SMALLCAP 250
NIFTY SMALLCAP 250,21 May 2018,-,-,-,6133.1,NIFTY SMALLCAP 250
NIFTY SMALLCAP 250,18 May 2018,-,-,-,6286.06,NIFTY SMALLCAP 250
NIFTY SMALLCAP 250,17 May 2018,-,-,-,6410.11,NIFTY SMALLCAP 250
NIFTY SMALLCAP 250,16 May 2018,-,-,-,6362.74,NIFTY SMALLCAP 250
NIFTY SMALLCAP 250,15 May 2018,-,-,-,6355.87,NIFTY SMALLCAP 250
NIFTY SMALLCAP 250,14 May 2018,-,-,-,6414.26,NIFTY SMALLCAP 250
NIFTY SMALLCAP 250,11 May 2018,-,-,-,6486.52,NIFTY SMALLCAP 250
NIFTY SMALLCAP 250,10 May 2018,-,-,-,6503.69,NIFTY SMALLCAP 250
NIFTY SMALLCAP 250,09 May 2018,-,-,-,6607.24,NIFTY SMALLCAP 250
NIFTY SMALLCAP 250,08 May 2018,-,-,-,6622.15,NIFTY SMALLCAP 250
NIFTY SMALLCAP 250,07 May 2018,-,-,-,6592.43,NIFTY SMALLCAP 250
NIFTY SMALLCAP 250,04 May 2018,-,-,-,6553.1,NIFTY SMALLCAP 250
NIFTY SMALLCAP 250,03 May 2018,-,-,-,6569.59,NIFTY SMALLCAP 250
NIFTY SMALLCAP 250,02 May 2018,-,-,-,6631.98,NIFTY SMALLCAP 250
NIFTY SMALLCAP 250,30 Apr 2018,-,-,-,6704.78,NIFTY SMALLCAP 250
NIFTY SMALLCAP 250,27 Apr 2018,-,-,-,6636.64,NIFTY SMALLCAP 250
NIFTY SMALLCAP 250,26 Apr 2018,-,-,-,6607.97,NIFTY SMALLCAP 250
NIFTY SMALLCAP 250,25 Apr 2018,-,-,-,6597.22,NIFTY SMALLCAP 250
NIFTY SMALLCAP 250,24 Apr 2018,-,-,-,6672.57,NIFTY SMALLCAP 250
NIFTY SMALLCAP 250,23 Apr 2018,-,-,-,6686.73,NIFTY SMALLCAP 250
NIFTY SMALLCAP 250,20 Apr 2018,-,-,-,6665.34,NIFTY SMALLCAP 250
NIFTY SMALLCAP 250,19 Apr 2018,-,-,-,6660.14,NIFTY SMALLCAP 250
NIFTY SMALLCAP 250,18 Apr 2018,-,-,-,6603.0,NIFTY SMALLCAP 250
NIFTY SMALLCAP 250,17 Apr 2018,-,-,-,6625.48,NIFTY SMALLCAP 250
NIFTY SMALLCAP 250,16 Apr 2018,-,-,-,6612.01,NIFTY SMALLCAP 250
NIFTY SMALLCAP 250,13 Apr 2018,-,-,-,6588.47,NIFTY SMALLCAP 250
NIFTY SMALLCAP 250,12 Apr 2018,-,-,-,6573.36,NIFTY SMALLCAP 250
NIFTY SMALLCAP 250,11 Apr 2018,-,-,-,6591.83,NIFTY SMALLCAP 250
NIFTY SMALLCAP 250,10 Apr 2018,-,-,-,6591.12,NIFTY SMALLCAP 250
NIFTY SMALLCAP 250,09 Apr 2018,-,-,-,6592.17,NIFTY SMALLCAP 250
NIFTY SMALLCAP 250,06 Apr 2018,-,-,-,6579.58,NIFTY SMALLCAP 250
NIFTY SMALLCAP 250,05 Apr 2018,-,-,-,6539.27,NIFTY SMALLCAP 250
NIFTY SMALLCAP 250,04 Apr 2018,-,-,-,6413.61,NIFTY SMALLCAP 250
NIFTY SMALLCAP 250,03 Apr 2018,-,-,-,6477.67,NIFTY SMALLCAP 250
NIFTY SMALLCAP 250,02 Apr 2018,-,-,-,6393.98,NIFTY SMALLCAP 250
NIFTY SMALLCAP 250,28 Mar 2018,-,-,-,6270.82,NIFTY SMALLCAP 250
NIFTY SMALLCAP 250,27 Mar 2018,-,-,-,6352.5,NIFTY SMALLCAP 250
NIFTY SMALLCAP 250,26 Mar 2018,-,-,-,6262.95,NIFTY SMALLCAP 250
NIFTY SMALLCAP 250,23 Mar 2018,-,-,-,6220.84,NIFTY SMALLCAP 250
NIFTY SMALLCAP 250,22 Mar 2018,-,-,-,6323.74,NIFTY SMALLCAP 250
NIFTY SMALLCAP 250,21 Mar 2018,-,-,-,6404.18,NIFTY SMALLCAP 250
NIFTY SMALLCAP 250,20 Mar 2018,-,-,-,6378.88,NIFTY SMALLCAP 250
NIFTY SMALLCAP 250,19 Mar 2018,-,-,-,6379.46,NIFTY SMALLCAP 250
NIFTY SMALLCAP 250,16 Mar 2018,-,-,-,6521.12,NIFTY SMALLCAP 250
NIFTY SMALLCAP 250,15 Mar 2018,-,-,-,6605.73,NIFTY SMALLCAP 250
NIFTY SMALLCAP 250,14 Mar 2018,-,-,-,6541.14,NIFTY SMALLCAP 250
NIFTY SMALLCAP 250,13 Mar 2018,-,-,-,6544.97,NIFTY SMALLCAP 250
NIFTY SMALLCAP 250,12 Mar 2018,-,-,-,6463.34,NIFTY SMALLCAP 250
NIFTY SMALLCAP 250,09 Mar 2018,-,-,-,6435.18,NIFTY SMALLCAP 250
NIFTY SMALLCAP 250,08 Mar 2018,-,-,-,6459.4,NIFTY SMALLCAP 250
NIFTY SMALLCAP 250,07 Mar 2018,-,-,-,6426.67,NIFTY SMALLCAP 250
NIFTY SMALLCAP 250,06 Mar 2018,-,-,-,6576.86,NIFTY SMALLCAP 250
NIFTY SMALLCAP 250,05 Mar 2018,-,-,-,6669.78,NIFTY SMALLCAP 250
NIFTY SMALLCAP 250,01 Mar 2018,-,-,-,6744.61,NIFTY SMALLCAP 250
NIFTY SMALLCAP 250,28 Feb 2018,-,-,-,6770.97,NIFTY SMALLCAP 250
NIFTY SMALLCAP 250,27 Feb 2018,-,-,-,6773.07,NIFTY SMALLCAP 250
NIFTY SMALLCAP 250,26 Feb 2018,-,-,-,6813.21,NIFTY SMALLCAP 250
NIFTY SMALLCAP 250,23 Feb 2018,-,-,-,6741.12,NIFTY SMALLCAP 250
NIFTY SMALLCAP 250,22 Feb 2018,-,-,-,6631.74,NIFTY SMALLCAP 250
NIFTY SMALLCAP 250,21 Feb 2018,-,-,-,6666.34,NIFTY SMALLCAP 250
NIFTY SMALLCAP 250,20 Feb 2018,-,-,-,6682.25,NIFTY SMALLCAP 250
NIFTY SMALLCAP 250,19 Feb 2018,-,-,-,6688.99,NIFTY SMALLCAP 250
NIFTY SMALLCAP 250,16 Feb 2018,-,-,-,6760.21,NIFTY SMALLCAP 250
NIFTY SMALLCAP 250,15 Feb 2018,-,-,-,6851.92,NIFTY SMALLCAP 250
NIFTY SMALLCAP 250,14 Feb 2018,-,-,-,6937.48,NIFTY SMALLCAP 250
NIFTY SMALLCAP 250,12 Feb 2018,-,-,-,6941.88,NIFTY SMALLCAP 250
NIFTY SMALLCAP 250,09 Feb 2018,-,-,-,6828.03,NIFTY SMALLCAP 250
NIFTY SMALLCAP 250,08 Feb 2018,-,-,-,6803.87,NIFTY SMALLCAP 250
NIFTY SMALLCAP 250,07 Feb 2018,-,-,-,6647.8,NIFTY SMALLCAP 250
NIFTY SMALLCAP 250,06 Feb 2018,-,-,-,6522.04,NIFTY SMALLCAP 250
NIFTY SMALLCAP 250,05 Feb 2018,-,-,-,6669.77,NIFTY SMALLCAP 250
NIFTY SMALLCAP 250,02 Feb 2018,-,-,-,6670.31,NIFTY SMALLCAP 250
NIFTY SMALLCAP 250,01 Feb 2018,-,-,-,7023.74,NIFTY SMALLCAP 250
NIFTY SMALLCAP 250,31 Jan 2018,-,-,-,7021.49,NIFTY SMALLCAP 250
NIFTY SMALLCAP 250,30 Jan 2018,-,-,-,7085.53,NIFTY SMALLCAP 250
NIFTY SMALLCAP 250,29 Jan 2018,-,-,-,7188.17,NIFTY SMALLCAP 250
NIFTY SMALLCAP 250,25 Jan 2018,-,-,-,7287.21,NIFTY SMALLCAP 250
NIFTY SMALLCAP 250,24 Jan 2018,-,-,-,7348.85,NIFTY SMALLCAP 250
NIFTY SMALLCAP 250,23 Jan 2018,-,-,-,7413.55,NIFTY SMALLCAP 250
NIFTY SMALLCAP 250,22 Jan 2018,-,-,-,7382.47,NIFTY SMALLCAP 250
NIFTY SMALLCAP 250,19 Jan 2018,-,-,-,7334.45,NIFTY SMALLCAP 250
NIFTY SMALLCAP 250,18 Jan 2018,-,-,-,7264.85,NIFTY SMALLCAP 250
NIFTY SMALLCAP 250,17 Jan 2018,-,-,-,7424.39,NIFTY SMALLCAP 250
NIFTY SMALLCAP 250,16 Jan 2018,-,-,-,7386.27,NIFTY SMALLCAP 250
NIFTY SMALLCAP 250,15 Jan 2018,-,-,-,7568.3,NIFTY SMALLCAP 250
NIFTY SMALLCAP 250,12 Jan 2018,-,-,-,7551.09,NIFTY SMALLCAP 250
NIFTY SMALLCAP 250,11 Jan 2018,-,-,-,7554.46,NIFTY SMALLCAP 250
NIFTY SMALLCAP 250,10 Jan 2018,-,-,-,7514.62,NIFTY SMALLCAP 250
NIFTY SMALLCAP 250,09 Jan 2018,-,-,-,7509.98,NIFTY SMALLCAP 250
NIFTY SMALLCAP 250,08 Jan 2018,-,-,-,7503.61,NIFTY SMALLCAP 250
NIFTY SMALLCAP 250,05 Jan 2018,-,-,-,7435.66,NIFTY SMALLCAP 250
NIFTY SMALLCAP 250,04 Jan 2018,-,-,-,7367.41,NIFTY SMALLCAP 250
NIFTY SMALLCAP 250,03 Jan 2018,-,-,-,7283.95,NIFTY SMALLCAP 250
NIFTY SMALLCAP 250,02 Jan 2018,-,-,-,7221.62,NIFTY SMALLCAP 250
NIFTY SMALLCAP 250,01 Jan 2018,-,-,-,7273.0,NIFTY SMALLCAP 250
NIFTY MIDSMALLCAP 400,31 Dec 2018,-,-,-,5971.86,NIFTY MIDSMALLCAP 400
NIFTY MIDSMALLCAP 400,28 Dec 2018,-,-,-,5934.66,NIFTY MIDSMALLCAP 400
NIFTY MIDSMALLCAP 400,27 Dec 2018,-,-,-,5879.45,NIFTY MIDSMALLCAP 400
NIFTY MIDSMALLCAP 400,26 Dec 2018,-,-,-,5859.4,NIFTY MIDSMALLCAP 400
NIFTY MIDSMALLCAP 400,24 Dec 2018,-,-,-,5867.53,NIFTY MIDSMALLCAP 400
NIFTY MIDSMALLCAP 400,21 Dec 2018,-,-,-,5911.42,NIFTY MIDSMALLCAP 400
NIFTY MIDSMALLCAP 400,20 Dec 2018,-,-,-,5986.91,NIFTY MIDSMALLCAP 400
NIFTY MIDSMALLCAP 400,19 Dec 2018,-,-,-,5980.71,NIFTY MIDSMALLCAP 400
NIFTY MIDSMALLCAP 400,18 Dec 2018,-,-,-,5911.87,NIFTY MIDSMALLCAP 400
NIFTY MIDSMALLCAP 400,17 Dec 2018,-,-,-,5890.1,NIFTY MIDSMALLCAP 400
NIFTY MIDSMALLCAP 400,14 Dec 2018,-,-,-,5868.6,NIFTY MIDSMALLCAP 400
NIFTY MIDSMALLCAP 400,13 Dec 2018,-,-,-,5860.13,NIFTY MIDSMALLCAP 400
NIFTY MIDSMALLCAP 400,12 Dec 2018,-,-,-,5813.95,NIFTY MIDSMALLCAP 400
NIFTY MIDSMALLCAP 400,11 Dec 2018,-,-,-,5668.45,NIFTY MIDSMALLCAP 400
NIFTY MIDSMALLCAP 400,10 Dec 2018,-,-,-,5586.78,NIFTY MIDSMALLCAP 400
NIFTY MIDSMALLCAP 400,07 Dec 2018,-,-,-,5696.98,NIFTY MIDSMALLCAP 400
NIFTY MIDSMALLCAP 400,06 Dec 2018,-,-,-,5697.42,NIFTY MIDSMALLCAP 400
NIFTY MIDSMALLCAP 400,05 Dec 2018,-,-,-,5780.25,NIFTY MIDSMALLCAP 400
NIFTY MIDSMALLCAP 400,04 Dec 2018,-,-,-,5853.48,NIFTY MIDSMALLCAP 400
NIFTY MIDSMALLCAP 400,03 Dec 2018,-,-,-,5851.8,NIFTY MIDSMALLCAP 400
NIFTY MIDSMALLCAP 400,30 Nov 2018,-,-,-,5818.79,NIFTY MIDSMALLCAP 400
NIFTY MIDSMALLCAP 400,29 Nov 2018,-,-,-,5787.45,NIFTY MIDSMALLCAP 400
NIFTY MIDSMALLCAP 400,28 Nov 2018,-,-,-,5766.94,NIFTY MIDSMALLCAP 400
NIFTY MIDSMALLCAP 400,27 Nov 2018,-,-,-,5807.52,NIFTY MIDSMALLCAP 400
NIFTY MIDSMALLCAP 400,26 Nov 2018,-,-,-,5779.71,NIFTY MIDSMALLCAP 400
NIFTY MIDSMALLCAP 400,22 Nov 2018,-,-,-,5774.39,NIFTY MIDSMALLCAP 400
NIFTY MIDSMALLCAP 400,21 Nov 2018,-,-,-,5813.08,NIFTY MIDSMALLCAP 400
NIFTY MIDSMALLCAP 400,20 Nov 2018,-,-,-,5796.28,NIFTY MIDSMALLCAP 400
NIFTY MIDSMALLCAP 400,19 Nov 2018,-,-,-,5854.55,NIFTY MIDSMALLCAP 400
NIFTY MIDSMALLCAP 400,16 Nov 2018,-,-,-,5831.78,NIFTY MIDSMALLCAP 400
NIFTY MIDSMALLCAP 400,15 Nov 2018,-,-,-,5840.88,NIFTY MIDSMALLCAP 400
NIFTY MIDSMALLCAP 400,14 Nov 2018,-,-,-,5821.61,NIFTY MIDSMALLCAP 400
NIFTY MIDSMALLCAP 400,13 Nov 2018,-,-,-,5819.81,NIFTY MIDSMALLCAP 400
NIFTY MIDSMALLCAP 400,12 Nov 2018,-,-,-,5806.9,NIFTY MIDSMALLCAP 400
NIFTY MIDSMALLCAP 400,09 Nov 2018,-,-,-,5858.14,NIFTY MIDSMALLCAP 400
NIFTY MIDSMALLCAP 400,07 Nov 2018,-,-,-,5807.04,NIFTY MIDSMALLCAP 400
NIFTY MIDSMALLCAP 400,06 Nov 2018,-,-,-,5753.3,NIFTY MIDSMALLCAP 400
NIFTY MIDSMALLCAP 400,05 Nov 2018,-,-,-,5771.84,NIFTY MIDSMALLCAP 400
NIFTY MIDSMALLCAP 400,02 Nov 2018,-,-,-,5795.3,NIFTY MIDSMALLCAP 400
NIFTY MIDSMALLCAP 400,01 Nov 2018,-,-,-,5755.2,NIFTY MIDSMALLCAP 400
NIFTY MIDSMALLCAP 400,31 Oct 2018,-,-,-,5702.12,NIFTY MIDSMALLCAP 400
NIFTY MIDSMALLCAP 400,30 Oct 2018,-,-,-,5613.36,NIFTY MIDSMALLCAP 400
NIFTY MIDSMALLCAP 400,29 Oct 2018,-,-,-,5564.37,NIFTY MIDSMALLCAP 400
NIFTY MIDSMALLCAP 400,26 Oct 2018,-,-,-,5426.3,NIFTY MIDSMALLCAP 400
NIFTY MIDSMALLCAP 400,25 Oct 2018,-,-,-,5434.07,NIFTY MIDSMALLCAP 400
NIFTY MIDSMALLCAP 400,24 Oct 2018,-,-,-,5471.08,NIFTY MIDSMALLCAP 400
NIFTY MIDSMALLCAP 400,23 Oct 2018,-,-,-,5416.41,NIFTY MIDSMALLCAP 400
NIFTY MIDSMALLCAP 400,22 Oct 2018,-,-,-,5475.43,NIFTY MIDSMALLCAP 400
NIFTY MIDSMALLCAP 400,19 Oct 2018,-,-,-,5555.46,NIFTY MIDSMALLCAP 400
NIFTY MIDSMALLCAP 400,17 Oct 2018,-,-,-,5628.76,NIFTY MIDSMALLCAP 400
NIFTY MIDSMALLCAP 400,16 Oct 2018,-,-,-,5749.95,NIFTY MIDSMALLCAP 400
NIFTY MIDSMALLCAP 400,15 Oct 2018,-,-,-,5665.13,NIFTY MIDSMALLCAP 400
NIFTY MIDSMALLCAP 400,12 Oct 2018,-,-,-,5609.32,NIFTY MIDSMALLCAP 400
NIFTY MIDSMALLCAP 400,11 Oct 2018,-,-,-,5468.14,NIFTY MIDSMALLCAP 400
NIFTY MIDSMALLCAP 400,10 Oct 2018,-,-,-,5578.91,NIFTY MIDSMALLCAP 400
NIFTY MIDSMALLCAP 400,09 Oct 2018,-,-,-,5375.78,NIFTY MIDSMALLCAP 400
NIFTY MIDSMALLCAP 400,08 Oct 2018,-,-,-,5397.11,NIFTY MIDSMALLCAP 400
NIFTY MIDSMALLCAP 400,05 Oct 2018,-,-,-,5494.49,NIFTY MIDSMALLCAP 400
NIFTY MIDSMALLCAP 400,04 Oct 2018,-,-,-,5632.68,NIFTY MIDSMALLCAP 400
NIFTY MIDSMALLCAP 400,03 Oct 2018,-,-,-,5750.05,NIFTY MIDSMALLCAP 400
NIFTY MIDSMALLCAP 400,01 Oct 2018,-,-,-,5781.45,NIFTY MIDSMALLCAP 400
NIFTY MIDSMALLCAP 400,28 Sep 2018,-,-,-,5770.74,NIFTY MIDSMALLCAP 400
NIFTY MIDSMALLCAP 400,27 Sep 2018,-,-,-,5916.94,NIFTY MIDSMALLCAP 400
NIFTY MIDSMALLCAP 400,26 Sep 2018,-,-,-,6041.61,NIFTY MIDSMALLCAP 400
NIFTY MIDSMALLCAP 400,25 Sep 2018,-,-,-,6028.03,NIFTY MIDSMALLCAP 400
NIFTY MIDSMALLCAP 400,24 Sep 2018,-,-,-,6050.14,NIFTY MIDSMALLCAP 400
NIFTY MIDSMALLCAP 400,21 Sep 2018,-,-,-,6208.95,NIFTY MIDSMALLCAP 400
NIFTY MIDSMALLCAP 400,19 Sep 2018,-,-,-,6357.29,NIFTY MIDSMALLCAP 400
NIFTY MIDSMALLCAP 400,18 Sep 2018,-,-,-,6415.31,NIFTY MIDSMALLCAP 400
NIFTY MIDSMALLCAP 400,17 Sep 2018,-,-,-,6510.27,NIFTY MIDSMALLCAP 400
NIFTY MIDSMALLCAP 400,14 Sep 2018,-,-,-,6533.96,NIFTY MIDSMALLCAP 400
NIFTY MIDSMALLCAP 400,12 Sep 2018,-,-,-,6440.19,NIFTY MIDSMALLCAP 400
NIFTY MIDSMALLCAP 400,11 Sep 2018,-,-,-,6437.49,NIFTY MIDSMALLCAP 400
NIFTY MIDSMALLCAP 400,10 Sep 2018,-,-,-,6520.63,NIFTY MIDSMALLCAP 400
NIFTY MIDSMALLCAP 400,07 Sep 2018,-,-,-,6612.33,NIFTY MIDSMALLCAP 400
NIFTY MIDSMALLCAP 400,06 Sep 2018,-,-,-,6556.8,NIFTY MIDSMALLCAP 400
NIFTY MIDSMALLCAP 400,05 Sep 2018,-,-,-,6529.21,NIFTY MIDSMALLCAP 400
NIFTY MIDSMALLCAP 400,04 Sep 2018,-,-,-,6561.32,NIFTY MIDSMALLCAP 400
NIFTY MIDSMALLCAP 400,03 Sep 2018,-,-,-,6709.81,NIFTY MIDSMALLCAP 400
NIFTY MIDSMALLCAP 400,31 Aug 2018,-,-,-,6727.2,NIFTY MIDSMALLCAP 400
NIFTY MIDSMALLCAP 400,30 Aug 2018,-,-,-,6698.41,NIFTY MIDSMALLCAP 400
NIFTY MIDSMALLCAP 400,29 Aug 2018,-,-,-,6677.71,NIFTY MIDSMALLCAP 400
NIFTY MIDSMALLCAP 400,28 Aug 2018,-,-,-,6654.4,NIFTY MIDSMALLCAP 400
NIFTY MIDSMALLCAP 400,27 Aug 2018,-,-,-,6649.66,NIFTY MIDSMALLCAP 400
NIFTY MIDSMALLCAP 400,24 Aug 2018,-,-,-,6584.06,NIFTY MIDSMALLCAP 400
NIFTY MIDSMALLCAP 400,23 Aug 2018,-,-,-,6600.68,NIFTY MIDSMALLCAP 400
NIFTY MIDSMALLCAP 400,21 Aug 2018,-,-,-,6609.19,NIFTY MIDSMALLCAP 400
NIFTY MIDSMALLCAP 400,20 Aug 2018,-,-,-,6586.73,NIFTY MIDSMALLCAP 400
NIFTY MIDSMALLCAP 400,17 Aug 2018,-,-,-,6555.46,NIFTY MIDSMALLCAP 400
NIFTY MIDSMALLCAP 400,16 Aug 2018,-,-,-,6494.19,NIFTY MIDSMALLCAP 400
NIFTY MIDSMALLCAP 400,14 Aug 2018,-,-,-,6506.7,NIFTY MIDSMALLCAP 400
NIFTY MIDSMALLCAP 400,13 Aug 2018,-,-,-,6449.3,NIFTY MIDSMALLCAP 400
NIFTY MIDSMALLCAP 400,10 Aug 2018,-,-,-,6492.91,NIFTY MIDSMALLCAP 400
NIFTY MIDSMALLCAP 400,09 Aug 2018,-,-,-,6533.01,NIFTY MIDSMALLCAP 400
NIFTY MIDSMALLCAP 400,08 Aug 2018,-,-,-,6506.43,NIFTY MIDSMALLCAP 400
NIFTY MIDSMALLCAP 400,07 Aug 2018,-,-,-,6497.11,NIFTY MIDSMALLCAP 400
NIFTY MIDSMALLCAP 400,06 Aug 2018,-,-,-,6514.32,NIFTY MIDSMALLCAP 400
NIFTY MIDSMALLCAP 400,03 Aug 2018,-,-,-,6491.88,NIFTY MIDSMALLCAP 400
NIFTY MIDSMALLCAP 400,02 Aug 2018,-,-,-,6420.15,NIFTY MIDSMALLCAP 400
NIFTY MIDSMALLCAP 400,01 Aug 2018,-,-,-,6423.37,NIFTY MIDSMALLCAP 400
NIFTY MIDSMALLCAP 400,31 Jul 2018,-,-,-,6411.07,NIFTY MIDSMALLCAP 400
NIFTY MIDSMALLCAP 400,30 Jul 2018,-,-,-,6391.2,NIFTY MIDSMALLCAP 400
NIFTY MIDSMALLCAP 400,27 Jul 2018,-,-,-,6374.51,NIFTY MIDSMALLCAP 400
NIFTY MIDSMALLCAP 400,26 Jul 2018,-,-,-,6316.73,NIFTY MIDSMALLCAP 400
NIFTY MIDSMALLCAP 400,25 Jul 2018,-,-,-,6291.21,NIFTY MIDSMALLCAP 400
NIFTY MIDSMALLCAP 400,24 Jul 2018,-,-,-,6285.66,NIFTY MIDSMALLCAP 400
NIFTY MIDSMALLCAP 400,23 Jul 2018,-,-,-,6180.87,NIFTY MIDSMALLCAP 400
NIFTY MIDSMALLCAP 400,20 Jul 2018,-,-,-,6123.74,NIFTY MIDSMALLCAP 400
NIFTY MIDSMALLCAP 400,19 Jul 2018,-,-,-,6080.57,NIFTY MIDSMALLCAP 400
NIFTY MIDSMALLCAP 400,18 Jul 2018,-,-,-,6127.03,NIFTY MIDSMALLCAP 400
NIFTY MIDSMALLCAP 400,17 Jul 2018,-,-,-,6185.89,NIFTY MIDSMALLCAP 400
NIFTY MIDSMALLCAP 400,16 Jul 2018,-,-,-,6084.22,NIFTY MIDSMALLCAP 400
NIFTY MIDSMALLCAP 400,13 Jul 2018,-,-,-,6235.4,NIFTY MIDSMALLCAP 400
NIFTY MIDSMALLCAP 400,12 Jul 2018,-,-,-,6314.37,NIFTY MIDSMALLCAP 400
NIFTY MIDSMALLCAP 400,11 Jul 2018,-,-,-,6329.41,NIFTY MIDSMALLCAP 400
NIFTY MIDSMALLCAP 400,10 Jul 2018,-,-,-,6353.12,NIFTY MIDSMALLCAP 400
NIFTY MIDSMALLCAP 400,09 Jul 2018,-,-,-,6300.99,NIFTY MIDSMALLCAP 400
NIFTY MIDSMALLCAP 400,06 Jul 2018,-,-,-,6207.06,NIFTY MIDSMALLCAP 400
NIFTY MIDSMALLCAP 400,05 Jul 2018,-,-,-,6177.88,NIFTY MIDSMALLCAP 400
NIFTY MIDSMALLCAP 400,04 Jul 2018,-,-,-,6216.17,NIFTY MIDSMALLCAP 400
NIFTY MIDSMALLCAP 400,03 Jul 2018,-,-,-,6195.37,NIFTY MIDSMALLCAP 400
NIFTY MIDSMALLCAP 400,02 Jul 2018,-,-,-,6159.32,NIFTY MIDSMALLCAP 400
NIFTY MIDSMALLCAP 400,29 Jun 2018,-,-,-,6196.44,NIFTY MIDSMALLCAP 400
NIFTY MIDSMALLCAP 400,28 Jun 2018,-,-,-,6086.02,NIFTY MIDSMALLCAP 400
NIFTY MIDSMALLCAP 400,27 Jun 2018,-,-,-,6188.63,NIFTY MIDSMALLCAP 400
NIFTY MIDSMALLCAP 400,26 Jun 2018,-,-,-,6291.03,NIFTY MIDSMALLCAP 400
NIFTY MIDSMALLCAP 400,25 Jun 2018,-,-,-,6317.59,NIFTY MIDSMALLCAP 400
NIFTY MIDSMALLCAP 400,22 Jun 2018,-,-,-,6360.64,NIFTY MIDSMALLCAP 400
NIFTY MIDSMALLCAP 400,21 Jun 2018,-,-,-,6347.89,NIFTY MIDSMALLCAP 400
NIFTY MIDSMALLCAP 400,20 Jun 2018,-,-,-,6387.66,NIFTY MIDSMALLCAP 400
NIFTY MIDSMALLCAP 400,19 Jun 2018,-,-,-,6367.4,NIFTY MIDSMALLCAP 400
NIFTY MIDSMALLCAP 400,18 Jun 2018,-,-,-,6445.11,NIFTY MIDSMALLCAP 400
NIFTY MIDSMALLCAP 400,15 Jun 2018,-,-,-,6476.45,NIFTY MIDSMALLCAP 400
NIFTY MIDSMALLCAP 400,14 Jun 2018,-,-,-,6510.27,NIFTY MIDSMALLCAP 400
NIFTY MIDSMALLCAP 400,13 Jun 2018,-,-,-,6508.72,NIFTY MIDSMALLCAP 400
NIFTY MIDSMALLCAP 400,12 Jun 2018,-,-,-,6528.33,NIFTY MIDSMALLCAP 400
NIFTY MIDSMALLCAP 400,11 Jun 2018,-,-,-,6482.52,NIFTY MIDSMALLCAP 400
NIFTY MIDSMALLCAP 400,08 Jun 2018,-,-,-,6468.62,NIFTY MIDSMALLCAP 400
NIFTY MIDSMALLCAP 400,07 Jun 2018,-,-,-,6430.17,NIFTY MIDSMALLCAP 400
NIFTY MIDSMALLCAP 400,06 Jun 2018,-,-,-,6327.85,NIFTY MIDSMALLCAP 400
NIFTY MIDSMALLCAP 400,05 Jun 2018,-,-,-,6241.96,NIFTY MIDSMALLCAP 400
NIFTY MIDSMALLCAP 400,04 Jun 2018,-,-,-,6352.17,NIFTY MIDSMALLCAP 400
NIFTY MIDSMALLCAP 400,01 Jun 2018,-,-,-,6451.05,NIFTY MIDSMALLCAP 400
NIFTY MIDSMALLCAP 400,31 May 2018,-,-,-,6537.65,NIFTY MIDSMALLCAP 400
NIFTY MIDSMALLCAP 400,30 May 2018,-,-,-,6560.39,NIFTY MIDSMALLCAP 400
NIFTY MIDSMALLCAP 400,29 May 2018,-,-,-,6564.68,NIFTY MIDSMALLCAP 400
NIFTY MIDSMALLCAP 400,28 May 2018,-,-,-,6577.24,NIFTY MIDSMALLCAP 400
NIFTY MIDSMALLCAP 400,25 May 2018,-,-,-,6492.12,NIFTY MIDSMALLCAP 400
NIFTY MIDSMALLCAP 400,24 May 2018,-,-,-,6396.46,NIFTY MIDSMALLCAP 400
NIFTY MIDSMALLCAP 400,23 May 2018,-,-,-,6411.63,NIFTY MIDSMALLCAP 400
NIFTY MIDSMALLCAP 400,22 May 2018,-,-,-,6439.24,NIFTY MIDSMALLCAP 400
NIFTY MIDSMALLCAP 400,21 May 2018,-,-,-,6401.27,NIFTY MIDSMALLCAP 400
NIFTY MIDSMALLCAP 400,18 May 2018,-,-,-,6526.56,NIFTY MIDSMALLCAP 400
NIFTY MIDSMALLCAP 400,17 May 2018,-,-,-,6623.36,NIFTY MIDSMALLCAP 400
NIFTY MIDSMALLCAP 400,16 May 2018,-,-,-,6592.0,NIFTY MIDSMALLCAP 400
NIFTY MIDSMALLCAP 400,15 May 2018,-,-,-,6595.33,NIFTY MIDSMALLCAP 400
NIFTY MIDSMALLCAP 400,14 May 2018,-,-,-,6650.44,NIFTY MIDSMALLCAP 400
NIFTY MIDSMALLCAP 400,11 May 2018,-,-,-,6718.63,NIFTY MIDSMALLCAP 400
NIFTY MIDSMALLCAP 400,10 May 2018,-,-,-,6708.48,NIFTY MIDSMALLCAP 400
NIFTY MIDSMALLCAP 400,09 May 2018,-,-,-,6804.66,NIFTY MIDSMALLCAP 400
NIFTY MIDSMALLCAP 400,08 May 2018,-,-,-,6834.67,NIFTY MIDSMALLCAP 400
NIFTY MIDSMALLCAP 400,07 May 2018,-,-,-,6825.28,NIFTY MIDSMALLCAP 400
NIFTY MIDSMALLCAP 400,04 May 2018,-,-,-,6779.71,NIFTY MIDSMALLCAP 400
NIFTY MIDSMALLCAP 400,03 May 2018,-,-,-,6800.23,NIFTY MIDSMALLCAP 400
NIFTY MIDSMALLCAP 400,02 May 2018,-,-,-,6863.82,NIFTY MIDSMALLCAP 400
NIFTY MIDSMALLCAP 400,30 Apr 2018,-,-,-,6946.16,NIFTY MIDSMALLCAP 400
NIFTY MIDSMALLCAP 400,27 Apr 2018,-,-,-,6883.98,NIFTY MIDSMALLCAP 400
NIFTY MIDSMALLCAP 400,26 Apr 2018,-,-,-,6845.09,NIFTY MIDSMALLCAP 400
NIFTY MIDSMALLCAP 400,25 Apr 2018,-,-,-,6825.01,NIFTY MIDSMALLCAP 400
NIFTY MIDSMALLCAP 400,24 Apr 2018,-,-,-,6866.56,NIFTY MIDSMALLCAP 400
NIFTY MIDSMALLCAP 400,23 Apr 2018,-,-,-,6873.33,NIFTY MIDSMALLCAP 400
NIFTY MIDSMALLCAP 400,20 Apr 2018,-,-,-,6846.41,NIFTY MIDSMALLCAP 400
NIFTY MIDSMALLCAP 400,19 Apr 2018,-,-,-,6857.87,NIFTY MIDSMALLCAP 400
NIFTY MIDSMALLCAP 400,18 Apr 2018,-,-,-,6811.85,NIFTY MIDSMALLCAP 400
NIFTY MIDSMALLCAP 400,17 Apr 2018,-,-,-,6826.34,NIFTY MIDSMALLCAP 400
NIFTY MIDSMALLCAP 400,16 Apr 2018,-,-,-,6809.87,NIFTY MIDSMALLCAP 400
NIFTY MIDSMALLCAP 400,13 Apr 2018,-,-,-,6774.45,NIFTY MIDSMALLCAP 400
NIFTY MIDSMALLCAP 400,12 Apr 2018,-,-,-,6748.99,NIFTY MIDSMALLCAP 400
NIFTY MIDSMALLCAP 400,11 Apr 2018,-,-,-,6768.76,NIFTY MIDSMALLCAP 400
NIFTY MIDSMALLCAP 400,10 Apr 2018,-,-,-,6764.29,NIFTY MIDSMALLCAP 400
NIFTY MIDSMALLCAP 400,09 Apr 2018,-,-,-,6757.13,NIFTY MIDSMALLCAP 400
NIFTY MIDSMALLCAP 400,06 Apr 2018,-,-,-,6740.19,NIFTY MIDSMALLCAP 400
NIFTY MIDSMALLCAP 400,05 Apr 2018,-,-,-,6707.8,NIFTY MIDSMALLCAP 400
NIFTY MIDSMALLCAP 400,04 Apr 2018,-,-,-,6588.28,NIFTY MIDSMALLCAP 400
NIFTY MIDSMALLCAP 400,03 Apr 2018,-,-,-,6652.75,NIFTY MIDSMALLCAP 400
NIFTY MIDSMALLCAP 400,02 Apr 2018,-,-,-,6589.46,NIFTY MIDSMALLCAP 400
NIFTY MIDSMALLCAP 400,28 Mar 2018,-,-,-,6479.83,NIFTY MIDSMALLCAP 400
NIFTY MIDSMALLCAP 400,27 Mar 2018,-,-,-,6526.42,NIFTY MIDSMALLCAP 400
NIFTY MIDSMALLCAP 400,26 Mar 2018,-,-,-,6445.07,NIFTY MIDSMALLCAP 400
NIFTY MIDSMALLCAP 400,23 Mar 2018,-,-,-,6376.79,NIFTY MIDSMALLCAP 400
NIFTY MIDSMALLCAP 400,22 Mar 2018,-,-,-,6470.58,NIFTY MIDSMALLCAP 400
NIFTY MIDSMALLCAP 400,21 Mar 2018,-,-,-,6528.93,NIFTY MIDSMALLCAP 400
NIFTY MIDSMALLCAP 400,20 Mar 2018,-,-,-,6507.88,NIFTY MIDSMALLCAP 400
NIFTY MIDSMALLCAP 400,19 Mar 2018,-,-,-,6495.96,NIFTY MIDSMALLCAP 400
NIFTY MIDSMALLCAP 400,16 Mar 2018,-,-,-,6614.33,NIFTY MIDSMALLCAP 400
NIFTY MIDSMALLCAP 400,15 Mar 2018,-,-,-,6691.72,NIFTY MIDSMALLCAP 400
NIFTY MIDSMALLCAP 400,14 Mar 2018,-,-,-,6653.62,NIFTY MIDSMALLCAP 400
NIFTY MIDSMALLCAP 400,13 Mar 2018,-,-,-,6648.24,NIFTY MIDSMALLCAP 400
NIFTY MIDSMALLCAP 400,12 Mar 2018,-,-,-,6582.21,NIFTY MIDSMALLCAP 400
NIFTY MIDSMALLCAP 400,09 Mar 2018,-,-,-,6536.43,NIFTY MIDSMALLCAP 400
NIFTY MIDSMALLCAP 400,08 Mar 2018,-,-,-,6554.2,NIFTY MIDSMALLCAP 400
NIFTY MIDSMALLCAP 400,07 Mar 2018,-,-,-,6511.06,NIFTY MIDSMALLCAP 400
NIFTY MIDSMALLCAP 400,06 Mar 2018,-,-,-,6628.53,NIFTY MIDSMALLCAP 400
NIFTY MIDSMALLCAP 400,05 Mar 2018,-,-,-,6702.31,NIFTY MIDSMALLCAP 400
NIFTY MIDSMALLCAP 400,01 Mar 2018,-,-,-,6766.12,NIFTY MIDSMALLCAP 400
NIFTY MIDSMALLCAP 400,28 Feb 2018,-,-,-,6796.33,NIFTY MIDSMALLCAP 400
NIFTY MIDSMALLCAP 400,27 Feb 2018,-,-,-,6794.97,NIFTY MIDSMALLCAP 400
NIFTY MIDSMALLCAP 400,26 Feb 2018,-,-,-,6827.37,NIFTY MIDSMALLCAP 400
NIFTY MIDSMALLCAP 400,23 Feb 2018,-,-,-,6769.1,NIFTY MIDSMALLCAP 400
NIFTY MIDSMALLCAP 400,22 Feb 2018,-,-,-,6660.3,NIFTY MIDSMALLCAP 400
NIFTY MIDSMALLCAP 400,21 Feb 2018,-,-,-,6694.81,NIFTY MIDSMALLCAP 400
NIFTY MIDSMALLCAP 400,20 Feb 2018,-,-,-,6695.98,NIFTY MIDSMALLCAP 400
NIFTY MIDSMALLCAP 400,19 Feb 2018,-,-,-,6707.12,NIFTY MIDSMALLCAP 400
NIFTY MIDSMALLCAP 400,16 Feb 2018,-,-,-,6775.12,NIFTY MIDSMALLCAP 400
NIFTY MIDSMALLCAP 400,15 Feb 2018,-,-,-,6845.36,NIFTY MIDSMALLCAP 400
NIFTY MIDSMALLCAP 400,14 Feb 2018,-,-,-,6908.13,NIFTY MIDSMALLCAP 400
NIFTY MIDSMALLCAP 400,12 Feb 2018,-,-,-,6898.65,NIFTY MIDSMALLCAP 400
NIFTY MIDSMALLCAP 400,09 Feb 2018,-,-,-,6794.14,NIFTY MIDSMALLCAP 400
NIFTY MIDSMALLCAP 400,08 Feb 2018,-,-,-,6782.84,NIFTY MIDSMALLCAP 400
NIFTY MIDSMALLCAP 400,07 Feb 2018,-,-,-,6649.09,NIFTY MIDSMALLCAP 400
NIFTY MIDSMALLCAP 400,06 Feb 2018,-,-,-,6581.57,NIFTY MIDSMALLCAP 400
NIFTY MIDSMALLCAP 400,05 Feb 2018,-,-,-,6712.5,NIFTY MIDSMALLCAP 400
NIFTY MIDSMALLCAP 400,02 Feb 2018,-,-,-,6737.0,NIFTY MIDSMALLCAP 400
NIFTY MIDSMALLCAP 400,01 Feb 2018,-,-,-,7052.87,NIFTY MIDSMALLCAP 400
NIFTY MIDSMALLCAP 400,31 Jan 2018,-,-,-,7070.27,NIFTY MIDSMALLCAP 400
NIFTY MIDSMALLCAP 400,30 Jan 2018,-,-,-,7151.5,NIFTY MIDSMALLCAP 400
NIFTY MIDSMALLCAP 400,29 Jan 2018,-,-,-,7226.85,NIFTY MIDSMALLCAP 400
NIFTY MIDSMALLCAP 400,25 Jan 2018,-,-,-,7297.41,NIFTY MIDSMALLCAP 400
NIFTY MIDSMALLCAP 400,24 Jan 2018,-,-,-,7358.29,NIFTY MIDSMALLCAP 400
NIFTY MIDSMALLCAP 400,23 Jan 2018,-,-,-,7415.19,NIFTY MIDSMALLCAP 400
NIFTY MIDSMALLCAP 400,22 Jan 2018,-,-,-,7371.17,NIFTY MIDSMALLCAP 400
NIFTY MIDSMALLCAP 400,19 Jan 2018,-,-,-,7324.59,NIFTY MIDSMALLCAP 400
NIFTY MIDSMALLCAP 400,18 Jan 2018,-,-,-,7250.44,NIFTY MIDSMALLCAP 400
NIFTY MIDSMALLCAP 400,17 Jan 2018,-,-,-,7385.84,NIFTY MIDSMALLCAP 400
NIFTY MIDSMALLCAP 400,16 Jan 2018,-,-,-,7338.56,NIFTY MIDSMALLCAP 400
NIFTY MIDSMALLCAP 400,15 Jan 2018,-,-,-,7484.6,NIFTY MIDSMALLCAP 400
NIFTY MIDSMALLCAP 400,12 Jan 2018,-,-,-,7476.93,NIFTY MIDSMALLCAP 400
NIFTY MIDSMALLCAP 400,11 Jan 2018,-,-,-,7486.29,NIFTY MIDSMALLCAP 400
NIFTY MIDSMALLCAP 400,10 Jan 2018,-,-,-,7453.74,NIFTY MIDSMALLCAP 400
NIFTY MIDSMALLCAP 400,09 Jan 2018,-,-,-,7470.97,NIFTY MIDSMALLCAP 400
NIFTY MIDSMALLCAP 400,08 Jan 2018,-,-,-,7475.65,NIFTY MIDSMALLCAP 400
NIFTY MIDSMALLCAP 400,05 Jan 2018,-,-,-,7410.08,NIFTY MIDSMALLCAP 400
NIFTY MIDSMALLCAP 400,04 Jan 2018,-,-,-,7337.76,NIFTY MIDSMALLCAP 400
NIFTY MIDSMALLCAP 400,03 Jan 2018,-,-,-,7276.33,NIFTY MIDSMALLCAP 400
NIFTY MIDSMALLCAP 400,02 Jan 2018,-,-,-,7228.74,NIFTY MIDSMALLCAP 400
NIFTY MIDSMALLCAP 400,01 Jan 2018,-,-,-,7287.34,NIFTY MIDSMALLCAP 400
NIFTY LARGEMIDCAP 250,31 Dec 2018,-,-,-,5763.86,NIFTY LARGEMIDCAP 250
NIFTY LARGEMIDCAP 250,28 Dec 2018,-,-,-,5745.83,NIFTY LARGEMIDCAP 250
NIFTY LARGEMIDCAP 250,27 Dec 2018,-,-,-,5696.51,NIFTY LARGEMIDCAP 250
NIFTY LARGEMIDCAP 250,26 Dec 2018,-,-,-,5672.62,NIFTY LARGEMIDCAP 250
NIFTY LARGEMIDCAP 250,24 Dec 2018,-,-,-,5660.02,NIFTY LARGEMIDCAP 250
NIFTY LARGEMIDCAP 250,21 Dec 2018,-,-,-,5704.66,NIFTY LARGEMIDCAP 250
NIFTY LARGEMIDCAP 250,20 Dec 2018,-,-,-,5795.81,NIFTY LARGEMIDCAP 250
NIFTY LARGEMIDCAP 250,19 Dec 2018,-,-,-,5799.49,NIFTY LARGEMIDCAP 250
NIFTY LARGEMIDCAP 250,18 Dec 2018,-,-,-,5747.0,NIFTY LARGEMIDCAP 250
NIFTY LARGEMIDCAP 250,17 Dec 2018,-,-,-,5733.22,NIFTY LARGEMIDCAP 250
NIFTY LARGEMIDCAP 250,14 Dec 2018,-,-,-,5700.56,NIFTY LARGEMIDCAP 250
NIFTY LARGEMIDCAP 250,13 Dec 2018,-,-,-,5691.82,NIFTY LARGEMIDCAP 250
NIFTY LARGEMIDCAP 250,12 Dec 2018,-,-,-,5652.88,NIFTY LARGEMIDCAP 250
NIFTY LARGEMIDCAP 250,11 Dec 2018,-,-,-,5532.22,NIFTY LARGEMIDCAP 250
NIFTY LARGEMIDCAP 250,10 Dec 2018,-,-,-,5471.52,NIFTY LARGEMIDCAP 250
NIFTY LARGEMIDCAP 250,07 Dec 2018,-,-,-,5579.83,NIFTY LARGEMIDCAP 250
NIFTY LARGEMIDCAP 250,06 Dec 2018,-,-,-,5557.79,NIFTY LARGEMIDCAP 250
NIFTY LARGEMIDCAP 250,05 Dec 2018,-,-,-,5647.37,NIFTY LARGEMIDCAP 250
NIFTY LARGEMIDCAP 250,04 Dec 2018,-,-,-,5706.5,NIFTY LARGEMIDCAP 250
NIFTY LARGEMIDCAP 250,03 Dec 2018,-,-,-,5712.18,NIFTY LARGEMIDCAP 250
NIFTY LARGEMIDCAP 250,30 Nov 2018,-,-,-,5693.5,NIFTY LARGEMIDCAP 250
NIFTY LARGEMIDCAP 250,29 Nov 2018,-,-,-,5668.94,NIFTY LARGEMIDCAP 250
NIFTY LARGEMIDCAP 250,28 Nov 2018,-,-,-,5622.84,NIFTY LARGEMIDCAP 250
NIFTY LARGEMIDCAP 250,27 Nov 2018,-,-,-,5635.14,NIFTY LARGEMIDCAP 250
NIFTY LARGEMIDCAP 250,26 Nov 2018,-,-,-,5607.9,NIFTY LARGEMIDCAP 250
NIFTY LARGEMIDCAP 250,22 Nov 2018,-,-,-,5574.93,NIFTY LARGEMIDCAP 250
NIFTY LARGEMIDCAP 250,21 Nov 2018,-,-,-,5616.87,NIFTY LARGEMIDCAP 250
NIFTY LARGEMIDCAP 250,20 Nov 2018,-,-,-,5617.08,NIFTY LARGEMIDCAP 250
NIFTY LARGEMIDCAP 250,19 Nov 2018,-,-,-,5672.09,NIFTY LARGEMIDCAP 250
NIFTY LARGEMIDCAP 250,16 Nov 2018,-,-,-,5640.27,NIFTY LARGEMIDCAP 250
NIFTY LARGEMIDCAP 250,15 Nov 2018,-,-,-,5626.39,NIFTY LARGEMIDCAP 250
NIFTY LARGEMIDCAP 250,14 Nov 2018,-,-,-,5602.16,NIFTY LARGEMIDCAP 250
NIFTY LARGEMIDCAP 250,13 Nov 2018,-,-,-,5599.98,NIFTY LARGEMIDCAP 250
NIFTY LARGEMIDCAP 250,12 Nov 2018,-,-,-,5568.57,NIFTY LARGEMIDCAP 250
NIFTY LARGEMIDCAP 250,09 Nov 2018,-,-,-,5621.31,NIFTY LARGEMIDCAP 250
NIFTY LARGEMIDCAP 250,07 Nov 2018,-,-,-,5595.77,NIFTY LARGEMIDCAP 250
NIFTY LARGEMIDCAP 250,06 Nov 2018,-,-,-,5554.18,NIFTY LARGEMIDCAP 250
NIFTY LARGEMIDCAP 250,05 Nov 2018,-,-,-,5566.89,NIFTY LARGEMIDCAP 250
NIFTY LARGEMIDCAP 250,02 Nov 2018,-,-,-,5583.6,NIFTY LARGEMIDCAP 250
NIFTY LARGEMIDCAP 250,01 Nov 2018,-,-,-,5524.3,NIFTY LARGEMIDCAP 250
NIFTY LARGEMIDCAP 250,31 Oct 2018,-,-,-,5501.76,NIFTY LARGEMIDCAP 250
NIFTY LARGEMIDCAP 250,30 Oct 2018,-,-,-,5405.01,NIFTY LARGEMIDCAP 250
NIFTY LARGEMIDCAP 250,29 Oct 2018,-,-,-,5394.96,NIFTY LARGEMIDCAP 250
NIFTY LARGEMIDCAP 250,26 Oct 2018,-,-,-,5265.45,NIFTY LARGEMIDCAP 250
NIFTY LARGEMIDCAP 250,25 Oct 2018,-,-,-,5289.61,NIFTY LARGEMIDCAP 250
NIFTY LARGEMIDCAP 250,24 Oct 2018,-,-,-,5332.03,NIFTY LARGEMIDCAP 250
NIFTY LARGEMIDCAP 250,23 Oct 2018,-,-,-,5283.08,NIFTY LARGEMIDCAP 250
NIFTY LARGEMIDCAP 250,22 Oct 2018,-,-,-,5335.53,NIFTY LARGEMIDCAP 250
NIFTY LARGEMIDCAP 250,19 Oct 2018,-,-,-,5385.15,NIFTY LARGEMIDCAP 250
NIFTY LARGEMIDCAP 250,17 Oct 2018,-,-,-,5460.5,NIFTY LARGEMIDCAP 250
NIFTY LARGEMIDCAP 250,16 Oct 2018,-,-,-,5553.46,NIFTY LARGEMIDCAP 250
NIFTY LARGEMIDCAP 250,15 Oct 2018,-,-,-,5491.78,NIFTY LARGEMIDCAP 250
NIFTY LARGEMIDCAP 250,12 Oct 2018,-,-,-,5457.55,NIFTY LARGEMIDCAP 250
NIFTY LARGEMIDCAP 250,11 Oct 2018,-,-,-,5327.38,NIFTY LARGEMIDCAP 250
NIFTY LARGEMIDCAP 250,10 Oct 2018,-,-,-,5442.0,NIFTY LARGEMIDCAP 250
NIFTY LARGEMIDCAP 250,09 Oct 2018,-,-,-,5295.58,NIFTY LARGEMIDCAP 250
NIFTY LARGEMIDCAP 250,08 Oct 2018,-,-,-,5317.83,NIFTY LARGEMIDCAP 250
NIFTY LARGEMIDCAP 250,05 Oct 2018,-,-,-,5359.92,NIFTY LARGEMIDCAP 250
NIFTY LARGEMIDCAP 250,04 Oct 2018,-,-,-,5504.09,NIFTY LARGEMIDCAP 250
NIFTY LARGEMIDCAP 250,03 Oct 2018,-,-,-,5624.77,NIFTY LARGEMIDCAP 250
NIFTY LARGEMIDCAP 250,01 Oct 2018,-,-,-,5692.56,NIFTY LARGEMIDCAP 250
NIFTY LARGEMIDCAP 250,28 Sep 2018,-,-,-,5667.51,NIFTY LARGEMIDCAP 250
NIFTY LARGEMIDCAP 250,27 Sep 2018,-,-,-,5733.12,NIFTY LARGEMIDCAP 250
NIFTY LARGEMIDCAP 250,26 Sep 2018,-,-,-,5815.88,NIFTY LARGEMIDCAP 250
NIFTY LARGEMIDCAP 250,25 Sep 2018,-,-,-,5807.88,NIFTY LARGEMIDCAP 250
NIFTY LARGEMIDCAP 250,24 Sep 2018,-,-,-,5785.16,NIFTY LARGEMIDCAP 250
NIFTY LARGEMIDCAP 250,21 Sep 2018,-,-,-,5914.08,NIFTY LARGEMIDCAP 250
NIFTY LARGEMIDCAP 250,19 Sep 2018,-,-,-,6001.2,NIFTY LARGEMIDCAP 250
NIFTY LARGEMIDCAP 250,18 Sep 2018,-,-,-,6041.14,NIFTY LARGEMIDCAP 250
NIFTY LARGEMIDCAP 250,17 Sep 2018,-,-,-,6111.64,NIFTY LARGEMIDCAP 250
NIFTY LARGEMIDCAP 250,14 Sep 2018,-,-,-,6165.61,NIFTY LARGEMIDCAP 250
NIFTY LARGEMIDCAP 250,12 Sep 2018,-,-,-,6078.64,NIFTY LARGEMIDCAP 250
NIFTY LARGEMIDCAP 250,11 Sep 2018,-,-,-,6051.38,NIFTY LARGEMIDCAP 250
NIFTY LARGEMIDCAP 250,10 Sep 2018,-,-,-,6131.64,NIFTY LARGEMIDCAP 250
NIFTY LARGEMIDCAP 250,07 Sep 2018,-,-,-,6220.6,NIFTY LARGEMIDCAP 250
NIFTY LARGEMIDCAP 250,06 Sep 2018,-,-,-,6171.96,NIFTY LARGEMIDCAP 250
NIFTY LARGEMIDCAP 250,05 Sep 2018,-,-,-,6144.22,NIFTY LARGEMIDCAP 250
NIFTY LARGEMIDCAP 250,04 Sep 2018,-,-,-,6175.0,NIFTY LARGEMIDCAP 250
NIFTY LARGEMIDCAP 250,03 Sep 2018,-,-,-,6274.02,NIFTY LARGEMIDCAP 250
NIFTY LARGEMIDCAP 250,31 Aug 2018,-,-,-,6310.15,NIFTY LARGEMIDCAP 250
NIFTY LARGEMIDCAP 250,30 Aug 2018,-,-,-,6295.4,NIFTY LARGEMIDCAP 250
NIFTY LARGEMIDCAP 250,29 Aug 2018,-,-,-,6292.32,NIFTY LARGEMIDCAP 250
NIFTY LARGEMIDCAP 250,28 Aug 2018,-,-,-,6287.61,NIFTY LARGEMIDCAP 250
NIFTY LARGEMIDCAP 250,27 Aug 2018,-,-,-,6277.12,NIFTY LARGEMIDCAP 250
NIFTY LARGEMIDCAP 250,24 Aug 2018,-,-,-,6206.36,NIFTY LARGEMIDCAP 250
NIFTY LARGEMIDCAP 250,23 Aug 2018,-,-,-,6220.96,NIFTY LARGEMIDCAP 250
NIFTY LARGEMIDCAP 250,21 Aug 2018,-,-,-,6219.05,NIFTY LARGEMIDCAP 250
NIFTY LARGEMIDCAP 250,20 Aug 2018,-,-,-,6203.58,NIFTY LARGEMIDCAP 250
NIFTY LARGEMIDCAP 250,17 Aug 2018,-,-,-,6161.11,NIFTY LARGEMIDCAP 250
NIFTY LARGEMIDCAP 250,16 Aug 2018,-,-,-,6106.61,NIFTY LARGEMIDCAP 250
NIFTY LARGEMIDCAP 250,14 Aug 2018,-,-,-,6125.13,NIFTY LARGEMIDCAP 250
NIFTY LARGEMIDCAP 250,13 Aug 2018,-,-,-,6069.52,NIFTY LARGEMIDCAP 250
NIFTY LARGEMIDCAP 250,10 Aug 2018,-,-,-,6108.02,NIFTY LARGEMIDCAP 250
NIFTY LARGEMIDCAP 250,09 Aug 2018,-,-,-,6133.57,NIFTY LARGEMIDCAP 250
NIFTY LARGEMIDCAP 250,08 Aug 2018,-,-,-,6115.99,NIFTY LARGEMIDCAP 250
NIFTY LARGEMIDCAP 250,07 Aug 2018,-,-,-,6098.92,NIFTY LARGEMIDCAP 250
NIFTY LARGEMIDCAP 250,06 Aug 2018,-,-,-,6103.64,NIFTY LARGEMIDCAP 250
NIFTY LARGEMIDCAP 250,03 Aug 2018,-,-,-,6086.44,NIFTY LARGEMIDCAP 250
NIFTY LARGEMIDCAP 250,02 Aug 2018,-,-,-,6027.62,NIFTY LARGEMIDCAP 250
NIFTY LARGEMIDCAP 250,01 Aug 2018,-,-,-,6053.46,NIFTY LARGEMIDCAP 250
NIFTY LARGEMIDCAP 250,31 Jul 2018,-,-,-,6047.38,NIFTY LARGEMIDCAP 250
NIFTY LARGEMIDCAP 250,30 Jul 2018,-,-,-,6025.82,NIFTY LARGEMIDCAP 250
NIFTY LARGEMIDCAP 250,27 Jul 2018,-,-,-,6007.02,NIFTY LARGEMIDCAP 250
NIFTY LARGEMIDCAP 250,26 Jul 2018,-,-,-,5952.21,NIFTY LARGEMIDCAP 250
NIFTY LARGEMIDCAP 250,25 Jul 2018,-,-,-,5928.24,NIFTY LARGEMIDCAP 250
NIFTY LARGEMIDCAP 250,24 Jul 2018,-,-,-,5929.44,NIFTY LARGEMIDCAP 250
NIFTY LARGEMIDCAP 250,23 Jul 2018,-,-,-,5866.71,NIFTY LARGEMIDCAP 250
NIFTY LARGEMIDCAP 250,20 Jul 2018,-,-,-,5814.72,NIFTY LARGEMIDCAP 250
NIFTY LARGEMIDCAP 250,19 Jul 2018,-,-,-,5775.41,NIFTY LARGEMIDCAP 250
NIFTY LARGEMIDCAP 250,18 Jul 2018,-,-,-,5803.2,NIFTY LARGEMIDCAP 250
NIFTY LARGEMIDCAP 250,17 Jul 2018,-,-,-,5841.27,NIFTY LARGEMIDCAP 250
NIFTY LARGEMIDCAP 250,16 Jul 2018,-,-,-,5765.21,NIFTY LARGEMIDCAP 250
NIFTY LARGEMIDCAP 250,13 Jul 2018,-,-,-,5860.55,NIFTY LARGEMIDCAP 250
NIFTY LARGEMIDCAP 250,12 Jul 2018,-,-,-,5891.65,NIFTY LARGEMIDCAP 250
NIFTY LARGEMIDCAP 250,11 Jul 2018,-,-,-,5885.65,NIFTY LARGEMIDCAP 250
NIFTY LARGEMIDCAP 250,10 Jul 2018,-,-,-,5899.01,NIFTY LARGEMIDCAP 250
NIFTY LARGEMIDCAP 250,09 Jul 2018,-,-,-,5851.78,NIFTY LARGEMIDCAP 250
NIFTY LARGEMIDCAP 250,06 Jul 2018,-,-,-,5787.9,NIFTY LARGEMIDCAP 250
NIFTY LARGEMIDCAP 250,05 Jul 2018,-,-,-,5767.51,NIFTY LARGEMIDCAP 250
NIFTY LARGEMIDCAP 250,04 Jul 2018,-,-,-,5792.53,NIFTY LARGEMIDCAP 250
NIFTY LARGEMIDCAP 250,03 Jul 2018,-,-,-,5768.95,NIFTY LARGEMIDCAP 250
NIFTY LARGEMIDCAP 250,02 Jul 2018,-,-,-,5738.79,NIFTY LARGEMIDCAP 250
NIFTY LARGEMIDCAP 250,29 Jun 2018,-,-,-,5768.36,NIFTY LARGEMIDCAP 250
NIFTY LARGEMIDCAP 250,28 Jun 2018,-,-,-,5684.47,NIFTY LARGEMIDCAP 250
NIFTY LARGEMIDCAP 250,27 Jun 2018,-,-,-,5756.61,NIFTY LARGEMIDCAP 250
NIFTY LARGEMIDCAP 250,26 Jun 2018,-,-,-,5826.78,NIFTY LARGEMIDCAP 250
NIFTY LARGEMIDCAP 250,25 Jun 2018,-,-,-,5830.96,NIFTY LARGEMIDCAP 250
NIFTY LARGEMIDCAP 250,22 Jun 2018,-,-,-,5869.19,NIFTY LARGEMIDCAP 250
NIFTY LARGEMIDCAP 250,21 Jun 2018,-,-,-,5839.22,NIFTY LARGEMIDCAP 250
NIFTY LARGEMIDCAP 250,20 Jun 2018,-,-,-,5863.66,NIFTY LARGEMIDCAP 250
NIFTY LARGEMIDCAP 250,19 Jun 2018,-,-,-,5838.36,NIFTY LARGEMIDCAP 250
NIFTY LARGEMIDCAP 250,18 Jun 2018,-,-,-,5895.79,NIFTY LARGEMIDCAP 250
NIFTY LARGEMIDCAP 250,15 Jun 2018,-,-,-,5912.33,NIFTY LARGEMIDCAP 250
NIFTY LARGEMIDCAP 250,14 Jun 2018,-,-,-,5927.33,NIFTY LARGEMIDCAP 250
NIFTY LARGEMIDCAP 250,13 Jun 2018,-,-,-,5937.05,NIFTY LARGEMIDCAP 250
NIFTY LARGEMIDCAP 250,12 Jun 2018,-,-,-,5944.07,NIFTY LARGEMIDCAP 250
NIFTY LARGEMIDCAP 250,11 Jun 2018,-,-,-,5906.02,NIFTY LARGEMIDCAP 250
NIFTY LARGEMIDCAP 250,08 Jun 2018,-,-,-,5897.62,NIFTY LARGEMIDCAP 250
NIFTY LARGEMIDCAP 250,07 Jun 2018,-,-,-,5880.5,NIFTY LARGEMIDCAP 250
NIFTY LARGEMIDCAP 250,06 Jun 2018,-,-,-,5815.84,NIFTY LARGEMIDCAP 250
NIFTY LARGEMIDCAP 250,05 Jun 2018,-,-,-,5751.5,NIFTY LARGEMIDCAP 250
NIFTY LARGEMIDCAP 250,04 Jun 2018,-,-,-,5800.32,NIFTY LARGEMIDCAP 250
NIFTY LARGEMIDCAP 250,01 Jun 2018,-,-,-,5851.13,NIFTY LARGEMIDCAP 250
NIFTY LARGEMIDCAP 250,31 May 2018,-,-,-,5899.86,NIFTY LARGEMIDCAP 250
NIFTY LARGEMIDCAP 250,30 May 2018,-,-,-,5876.25,NIFTY LARGEMIDCAP 250
NIFTY LARGEMIDCAP 250,29 May 2018,-,-,-,5882.0,NIFTY LARGEMIDCAP 250
NIFTY LARGEMIDCAP 250,28 May 2018,-,-,-,5901.64,NIFTY LARGEMIDCAP 250
NIFTY LARGEMIDCAP 250,25 May 2018,-,-,-,5839.21,NIFTY LARGEMIDCAP 250
NIFTY LARGEMIDCAP 250,24 May 2018,-,-,-,5765.59,NIFTY LARGEMIDCAP 250
NIFTY LARGEMIDCAP 250,23 May 2018,-,-,-,5754.97,NIFTY LARGEMIDCAP 250
NIFTY LARGEMIDCAP 250,22 May 2018,-,-,-,5796.65,NIFTY LARGEMIDCAP 250
NIFTY LARGEMIDCAP 250,21 May 2018,-,-,-,5777.23,NIFTY LARGEMIDCAP 250
NIFTY LARGEMIDCAP 250,18 May 2018,-,-,-,5849.87,NIFTY LARGEMIDCAP 250
NIFTY LARGEMIDCAP 250,17 May 2018,-,-,-,5912.67,NIFTY LARGEMIDCAP 250
NIFTY LARGEMIDCAP 250,16 May 2018,-,-,-,5916.78,NIFTY LARGEMIDCAP 250
NIFTY LARGEMIDCAP 250,15 May 2018,-,-,-,5935.87,NIFTY LARGEMIDCAP 250
NIFTY LARGEMIDCAP 250,14 May 2018,-,-,-,5962.12,NIFTY LARGEMIDCAP 250
NIFTY LARGEMIDCAP 250,11 May 2018,-,-,-,5992.91,NIFTY LARGEMIDCAP 250
NIFTY LARGEMIDCAP 250,10 May 2018,-,-,-,5960.86,NIFTY LARGEMIDCAP 250
NIFTY LARGEMIDCAP 250,09 May 2018,-,-,-,6012.73,NIFTY LARGEMIDCAP 250
NIFTY LARGEMIDCAP 250,08 May 2018,-,-,-,6025.78,NIFTY LARGEMIDCAP 250
NIFTY LARGEMIDCAP 250,07 May 2018,-,-,-,6026.86,NIFTY LARGEMIDCAP 250
NIFTY LARGEMIDCAP 250,04 May 2018,-,-,-,5978.84,NIFTY LARGEMIDCAP 250
NIFTY LARGEMIDCAP 250,03 May 2018,-,-,-,6006.32,NIFTY LARGEMIDCAP 250
NIFTY LARGEMIDCAP 250,02 May 2018,-,-,-,6049.06,NIFTY LARGEMIDCAP 250
NIFTY LARGEMIDCAP 250,30 Apr 2018,-,-,-,6098.13,NIFTY LARGEMIDCAP 250
NIFTY LARGEMIDCAP 250,27 Apr 2018,-,-,-,6058.52,NIFTY LARGEMIDCAP 250
NIFTY LARGEMIDCAP 250,26 Apr 2018,-,-,-,6018.32,NIFTY LARGEMIDCAP 250
NIFTY LARGEMIDCAP 250,25 Apr 2018,-,-,-,5997.12,NIFTY LARGEMIDCAP 250
NIFTY LARGEMIDCAP 250,24 Apr 2018,-,-,-,6018.77,NIFTY LARGEMIDCAP 250
NIFTY LARGEMIDCAP 250,23 Apr 2018,-,-,-,6012.2,NIFTY LARGEMIDCAP 250
NIFTY LARGEMIDCAP 250,20 Apr 2018,-,-,-,5991.87,NIFTY LARGEMIDCAP 250
NIFTY LARGEMIDCAP 250,19 Apr 2018,-,-,-,6002.52,NIFTY LARGEMIDCAP 250
NIFTY LARGEMIDCAP 250,18 Apr 2018,-,-,-,5972.49,NIFTY LARGEMIDCAP 250
NIFTY LARGEMIDCAP 250,17 Apr 2018,-,-,-,5982.78,NIFTY LARGEMIDCAP 250
NIFTY LARGEMIDCAP 250,16 Apr 2018,-,-,-,5969.12,NIFTY LARGEMIDCAP 250
NIFTY LARGEMIDCAP 250,13 Apr 2018,-,-,-,5937.54,NIFTY LARGEMIDCAP 250
NIFTY LARGEMIDCAP 250,12 Apr 2018,-,-,-,5918.95,NIFTY LARGEMIDCAP 250
NIFTY LARGEMIDCAP 250,11 Apr 2018,-,-,-,5918.43,NIFTY LARGEMIDCAP 250
NIFTY LARGEMIDCAP 250,10 Apr 2018,-,-,-,5911.27,NIFTY LARGEMIDCAP 250
NIFTY LARGEMIDCAP 250,09 Apr 2018,-,-,-,5901.38,NIFTY LARGEMIDCAP 250
NIFTY LARGEMIDCAP 250,06 Apr 2018,-,-,-,5881.6,NIFTY LARGEMIDCAP 250
NIFTY LARGEMIDCAP 250,05 Apr 2018,-,-,-,5862.91,NIFTY LARGEMIDCAP 250
NIFTY LARGEMIDCAP 250,04 Apr 2018,-,-,-,5757.36,NIFTY LARGEMIDCAP 250
NIFTY LARGEMIDCAP 250,03 Apr 2018,-,-,-,5818.12,NIFTY LARGEMIDCAP 250
NIFTY LARGEMIDCAP 250,02 Apr 2018,-,-,-,5782.28,NIFTY LARGEMIDCAP 250
NIFTY LARGEMIDCAP 250,28 Mar 2018,-,-,-,5705.9,NIFTY LARGEMIDCAP 250
NIFTY LARGEMIDCAP 250,27 Mar 2018,-,-,-,5739.36,NIFTY LARGEMIDCAP 250
NIFTY LARGEMIDCAP 250,26 Mar 2018,-,-,-,5690.04,NIFTY LARGEMIDCAP 250
NIFTY LARGEMIDCAP 250,23 Mar 2018,-,-,-,5616.28,NIFTY LARGEMIDCAP 250
NIFTY LARGEMIDCAP 250,22 Mar 2018,-,-,-,5685.51,NIFTY LARGEMIDCAP 250
NIFTY LARGEMIDCAP 250,21 Mar 2018,-,-,-,5716.88,NIFTY LARGEMIDCAP 250
NIFTY LARGEMIDCAP 250,20 Mar 2018,-,-,-,5699.64,NIFTY LARGEMIDCAP 250
NIFTY LARGEMIDCAP 250,19 Mar 2018,-,-,-,5682.24,NIFTY LARGEMIDCAP 250
NIFTY LARGEMIDCAP 250,16 Mar 2018,-,-,-,5758.65,NIFTY LARGEMIDCAP 250
NIFTY LARGEMIDCAP 250,15 Mar 2018,-,-,-,5833.92,NIFTY LARGEMIDCAP 250
NIFTY LARGEMIDCAP 250,14 Mar 2018,-,-,-,5835.47,NIFTY LARGEMIDCAP 250
NIFTY LARGEMIDCAP 250,13 Mar 2018,-,-,-,5834.27,NIFTY LARGEMIDCAP 250
NIFTY LARGEMIDCAP 250,12 Mar 2018,-,-,-,5802.57,NIFTY LARGEMIDCAP 250
NIFTY LARGEMIDCAP 250,09 Mar 2018,-,-,-,5728.7,NIFTY LARGEMIDCAP 250
NIFTY LARGEMIDCAP 250,08 Mar 2018,-,-,-,5738.58,NIFTY LARGEMIDCAP 250
NIFTY LARGEMIDCAP 250,07 Mar 2018,-,-,-,5696.65,NIFTY LARGEMIDCAP 250
NIFTY LARGEMIDCAP 250,06 Mar 2018,-,-,-,5767.52,NIFTY LARGEMIDCAP 250
NIFTY LARGEMIDCAP 250,05 Mar 2018,-,-,-,5825.4,NIFTY LARGEMIDCAP 250
NIFTY LARGEMIDCAP 250,01 Mar 2018,-,-,-,5879.19,NIFTY LARGEMIDCAP 250
NIFTY LARGEMIDCAP 250,28 Feb 2018,-,-,-,5904.5,NIFTY LARGEMIDCAP 250
NIFTY LARGEMIDCAP 250,27 Feb 2018,-,-,-,5919.84,NIFTY LARGEMIDCAP 250
NIFTY LARGEMIDCAP 250,26 Feb 2018,-,-,-,5940.54,NIFTY LARGEMIDCAP 250
NIFTY LARGEMIDCAP 250,23 Feb 2018,-,-,-,5892.42,NIFTY LARGEMIDCAP 250
NIFTY LARGEMIDCAP 250,22 Feb 2018,-,-,-,5812.67,NIFTY LARGEMIDCAP 250
NIFTY LARGEMIDCAP 250,21 Feb 2018,-,-,-,5835.25,NIFTY LARGEMIDCAP 250
NIFTY LARGEMIDCAP 250,20 Feb 2018,-,-,-,5825.45,NIFTY LARGEMIDCAP 250
NIFTY LARGEMIDCAP 250,19 Feb 2018,-,-,-,5833.49,NIFTY LARGEMIDCAP 250
NIFTY LARGEMIDCAP 250,16 Feb 2018,-,-,-,5884.82,NIFTY LARGEMIDCAP 250
NIFTY LARGEMIDCAP 250,15 Feb 2018,-,-,-,5937.66,NIFTY LARGEMIDCAP 250
NIFTY LARGEMIDCAP 250,14 Feb 2018,-,-,-,5953.07,NIFTY LARGEMIDCAP 250
NIFTY LARGEMIDCAP 250,12 Feb 2018,-,-,-,5955.89,NIFTY LARGEMIDCAP 250
NIFTY LARGEMIDCAP 250,09 Feb 2018,-,-,-,5885.95,NIFTY LARGEMIDCAP 250
NIFTY LARGEMIDCAP 250,08 Feb 2018,-,-,-,5914.72,NIFTY LARGEMIDCAP 250
NIFTY LARGEMIDCAP 250,07 Feb 2018,-,-,-,5830.82,NIFTY LARGEMIDCAP 250
NIFTY LARGEMIDCAP 250,06 Feb 2018,-,-,-,5816.9,NIFTY LARGEMIDCAP 250
NIFTY LARGEMIDCAP 250,05 Feb 2018,-,-,-,5916.61,NIFTY LARGEMIDCAP 250
NIFTY LARGEMIDCAP 250,02 Feb 2018,-,-,-,5956.42,NIFTY LARGEMIDCAP 250
NIFTY LARGEMIDCAP 250,01 Feb 2018,-,-,-,6157.72,NIFTY LARGEMIDCAP 250
NIFTY LARGEMIDCAP 250,31 Jan 2018,-,-,-,6171.73,NIFTY LARGEMIDCAP 250
NIFTY LARGEMIDCAP 250,30 Jan 2018,-,-,-,6218.42,NIFTY LARGEMIDCAP 250
NIFTY LARGEMIDCAP 250,29 Jan 2018,-,-,-,6266.63,NIFTY LARGEMIDCAP 250
NIFTY LARGEMIDCAP 250,25 Jan 2018,-,-,-,6277.1,NIFTY LARGEMIDCAP 250
NIFTY LARGEMIDCAP 250,24 Jan 2018,-,-,-,6313.03,NIFTY LARGEMIDCAP 250
NIFTY LARGEMIDCAP 250,23 Jan 2018,-,-,-,6337.99,NIFTY LARGEMIDCAP 250
NIFTY LARGEMIDCAP 250,22 Jan 2018,-,-,-,6284.34,NIFTY LARGEMIDCAP 250
NIFTY LARGEMIDCAP 250,19 Jan 2018,-,-,-,6243.61,NIFTY LARGEMIDCAP 250
NIFTY LARGEMIDCAP 250,18 Jan 2018,-,-,-,6188.64,NIFTY LARGEMIDCAP 250
NIFTY LARGEMIDCAP 250,17 Jan 2018,-,-,-,6239.88,NIFTY LARGEMIDCAP 250
NIFTY LARGEMIDCAP 250,16 Jan 2018,-,-,-,6192.73,NIFTY LARGEMIDCAP 250
NIFTY LARGEMIDCAP 250,15 Jan 2018,-,-,-,6264.11,NIFTY LARGEMIDCAP 250
NIFTY LARGEMIDCAP 250,12 Jan 2018,-,-,-,6249.51,NIFTY LARGEMIDCAP 250
NIFTY LARGEMIDCAP 250,11 Jan 2018,-,-,-,6247.36,NIFTY LARGEMIDCAP 250
NIFTY LARGEMIDCAP 250,10 Jan 2018,-,-,-,6231.16,NIFTY LARGEMIDCAP 250
NIFTY LARGEMIDCAP 250,09 Jan 2018,-,-,-,6245.3,NIFTY LARGEMIDCAP 250
NIFTY LARGEMIDCAP 250,08 Jan 2018,-,-,-,6248.45,NIFTY LARGEMIDCAP 250
NIFTY LARGEMIDCAP 250,05 Jan 2018,-,-,-,6201.96,NIFTY LARGEMIDCAP 250
NIFTY LARGEMIDCAP 250,04 Jan 2018,-,-,-,6151.3,NIFTY LARGEMIDCAP 250
NIFTY LARGEMIDCAP 250,03 Jan 2018,-,-,-,6110.15,NIFTY LARGEMIDCAP 250
NIFTY LARGEMIDCAP 250,02 Jan 2018,-,-,-,6090.34,NIFTY LARGEMIDCAP 250
NIFTY LARGEMIDCAP 250,01 Jan 2018,-,-,-,6116.29,NIFTY LARGEMIDCAP 250
NIFTY MICROCAP 250,31 Dec 2018,-,-,-,5639.87,NIFTY MICROCAP 250
NIFTY MICROCAP 250,28 Dec 2018,-,-,-,5605.54,NIFTY MICROCAP 250
NIFTY MICROCAP 250,27 Dec 2018,-,-,-,5575.13,NIFTY MICROCAP 250
NIFTY MICROCAP 250,26 Dec 2018,-,-,-,5563.2,NIFTY MICROCAP 250
NIFTY MICROCAP 250,24 Dec 2018,-,-,-,5586.07,NIFTY MICROCAP 250
NIFTY MICROCAP 250,21 Dec 2018,-,-,-,5653.7,NIFTY MICROCAP 250
NIFTY MICROCAP 250,20 Dec 2018,-,-,-,5704.82,NIFTY MICROCAP 250
NIFTY MICROCAP 250,19 Dec 2018,-,-,-,5689.57,NIFTY MICROCAP 250
NIFTY MICROCAP 250,18 Dec 2018,-,-,-,5618.15,NIFTY MICROCAP 250
NIFTY MICROCAP 250,17 Dec 2018,-,-,-,5596.88,NIFTY MICROCAP 250
NIFTY MICROCAP 250,14 Dec 2018,-,-,-,5557.8,NIFTY MICROCAP 250
NIFTY MICROCAP 250,13 Dec 2018,-,-,-,5556.72,NIFTY MICROCAP 250
NIFTY MICROCAP 250,12 Dec 2018,-,-,-,5519.13,NIFTY MICROCAP 250
NIFTY MICROCAP 250,11 Dec 2018,-,-,-,5381.84,NIFTY MICROCAP 250
NIFTY MICROCAP 250,10 Dec 2018,-,-,-,5306.98,NIFTY MICROCAP 250
NIFTY MICROCAP 250,07 Dec 2018,-,-,-,5422.26,NIFTY MICROCAP 250
NIFTY MICROCAP 250,06 Dec 2018,-,-,-,5437.58,NIFTY MICROCAP 250
NIFTY MICROCAP 250,05 Dec 2018,-,-,-,5521.41,NIFTY MICROCAP 250
NIFTY MICROCAP 250,04 Dec 2018,-,-,-,5582.95,NIFTY MICROCAP 250
NIFTY MICROCAP 250,03 Dec 2018,-,-,-,5583.62,NIFTY MICROCAP 250
NIFTY MICROCAP 250,30 Nov 2018,-,-,-,5571.29,NIFTY MICROCAP 250
NIFTY MICROCAP 250,29 Nov 2018,-,-,-,5549.35,NIFTY MICROCAP 250
NIFTY MICROCAP 250,28 Nov 2018,-,-,-,5552.37,NIFTY MICROCAP 250
NIFTY MICROCAP 250,27 Nov 2018,-,-,-,5583.75,NIFTY MICROCAP 250
NIFTY MICROCAP 250,26 Nov 2018,-,-,-,5583.66,NIFTY MICROCAP 250
NIFTY MICROCAP 250,22 Nov 2018,-,-,-,5623.85,NIFTY MICROCAP 250
NIFTY MICROCAP 250,21 Nov 2018,-,-,-,5625.73,NIFTY MICROCAP 250
NIFTY MICROCAP 250,20 Nov 2018,-,-,-,5608.23,NIFTY MICROCAP 250
NIFTY MICROCAP 250,19 Nov 2018,-,-,-,5675.94,NIFTY MICROCAP 250
NIFTY MICROCAP 250,16 Nov 2018,-,-,-,5661.87,NIFTY MICROCAP 250
NIFTY MICROCAP 250,15 Nov 2018,-,-,-,5690.25,NIFTY MICROCAP 250
NIFTY MICROCAP 250,14 Nov 2018,-,-,-,5718.85,NIFTY MICROCAP 250
NIFTY MICROCAP 250,13 Nov 2018,-,-,-,5739.41,NIFTY MICROCAP 250
NIFTY MICROCAP 250,12 Nov 2018,-,-,-,5726.61,NIFTY MICROCAP 250
NIFTY MICROCAP 250,09 Nov 2018,-,-,-,5746.6,NIFTY MICROCAP 250
NIFTY MICROCAP 250,07 Nov 2018,-,-,-,5734.05,NIFTY MICROCAP 250
NIFTY MICROCAP 250,06 Nov 2018,-,-,-,5654.45,NIFTY MICROCAP 250
NIFTY MICROCAP 250,05 Nov 2018,-,-,-,5648.31,NIFTY MICROCAP 250
NIFTY MICROCAP 250,02 Nov 2018,-,-,-,5646.25,NIFTY MICROCAP 250
NIFTY MICROCAP 250,01 Nov 2018,-,-,-,5591.87,NIFTY MICROCAP 250
NIFTY MICROCAP 250,31 Oct 2018,-,-,-,5540.53,NIFTY MICROCAP 250
NIFTY MICROCAP 250,30 Oct 2018,-,-,-,5485.79,NIFTY MICROCAP 250
NIFTY MICROCAP 250,29 Oct 2018,-,-,-,5424.54,NIFTY MICROCAP 250
NIFTY MICROCAP 250,26 Oct 2018,-,-,-,5317.83,NIFTY MICROCAP 250
NIFTY MICROCAP 250,25 Oct 2018,-,-,-,5303.38,NIFTY MICROCAP 250
NIFTY MICROCAP 250,24 Oct 2018,-,-,-,5345.39,NIFTY MICROCAP 250
NIFTY MICROCAP 250,23 Oct 2018,-,-,-,5342.78,NIFTY MICROCAP 250
NIFTY MICROCAP 250,22 Oct 2018,-,-,-,5430.57,NIFTY MICROCAP 250
NIFTY MICROCAP 250,19 Oct 2018,-,-,-,5522.39,NIFTY MICROCAP 250
NIFTY MICROCAP 250,17 Oct 2018,-,-,-,5607.89,NIFTY MICROCAP 250
NIFTY MICROCAP 250,16 Oct 2018,-,-,-,5728.65,NIFTY MICROCAP 250
NIFTY MICROCAP 250,15 Oct 2018,-,-,-,5628.28,NIFTY MICROCAP 250
NIFTY MICROCAP 250,12 Oct 2018,-,-,-,5541.19,NIFTY MICROCAP 250
NIFTY MICROCAP 250,11 Oct 2018,-,-,-,5393.56,NIFTY MICROCAP 250
NIFTY MICROCAP 250,10 Oct 2018,-,-,-,5466.31,NIFTY MICROCAP 250
NIFTY MICROCAP 250,09 Oct 2018,-,-,-,5268.03,NIFTY MICROCAP 250
NIFTY MICROCAP 250,08 Oct 2018,-,-,-,5299.72,NIFTY MICROCAP 250
NIFTY MICROCAP 250,05 Oct 2018,-,-,-,5430.04,NIFTY MICROCAP 250
NIFTY MICROCAP 250,04 Oct 2018,-,-,-,5556.7,NIFTY MICROCAP 250
NIFTY MICROCAP 250,03 Oct 2018,-,-,-,5655.1,NIFTY MICROCAP 250
NIFTY MICROCAP 250,01 Oct 2018,-,-,-,5603.53,NIFTY MICROCAP 250
NIFTY MICROCAP 250,28 Sep 2018,-,-,-,5645.68,NIFTY MICROCAP 250
NIFTY MICROCAP 250,27 Sep 2018,-,-,-,5859.91,NIFTY MICROCAP 250
NIFTY MICROCAP 250,26 Sep 2018,-,-,-,5959.82,NIFTY MICROCAP 250
NIFTY MICROCAP 250,25 Sep 2018,-,-,-,5943.22,NIFTY MICROCAP 250
NIFTY MICROCAP 250,24 Sep 2018,-,-,-,5984.12,NIFTY MICROCAP 250
NIFTY MICROCAP 250,21 Sep 2018,-,-,-,6162.21,NIFTY MICROCAP 250
NIFTY MICROCAP 250,19 Sep 2018,-,-,-,6365.83,NIFTY MICROCAP 250
NIFTY MICROCAP 250,18 Sep 2018,-,-,-,6398.17,NIFTY MICROCAP 250
NIFTY MICROCAP 250,17 Sep 2018,-,-,-,6483.17,NIFTY MICROCAP 250
NIFTY MICROCAP 250,14 Sep 2018,-,-,-,6467.17,NIFTY MICROCAP 250
NIFTY MICROCAP 250,12 Sep 2018,-,-,-,6379.15,NIFTY MICROCAP 250
NIFTY MICROCAP 250,11 Sep 2018,-,-,-,6405.54,NIFTY MICROCAP 250
NIFTY MICROCAP 250,10 Sep 2018,-,-,-,6489.83,NIFTY MICROCAP 250
NIFTY MICROCAP 250,07 Sep 2018,-,-,-,6542.94,NIFTY MICROCAP 250
NIFTY MICROCAP 250,06 Sep 2018,-,-,-,6512.17,NIFTY MICROCAP 250
NIFTY MICROCAP 250,05 Sep 2018,-,-,-,6479.94,NIFTY MICROCAP 250
NIFTY MICROCAP 250,04 Sep 2018,-,-,-,6521.72,NIFTY MICROCAP 250
NIFTY MICROCAP 250,03 Sep 2018,-,-,-,6634.02,NIFTY MICROCAP 250
NIFTY MICROCAP 250,31 Aug 2018,-,-,-,6622.69,NIFTY MICROCAP 250
NIFTY MICROCAP 250,30 Aug 2018,-,-,-,6593.23,NIFTY MICROCAP 250
NIFTY MICROCAP 250,29 Aug 2018,-,-,-,6570.13,NIFTY MICROCAP 250
NIFTY MICROCAP 250,28 Aug 2018,-,-,-,6575.89,NIFTY MICROCAP 250
NIFTY MICROCAP 250,27 Aug 2018,-,-,-,6566.25,NIFTY MICROCAP 250
NIFTY MICROCAP 250,24 Aug 2018,-,-,-,6540.31,NIFTY MICROCAP 250
NIFTY MICROCAP 250,23 Aug 2018,-,-,-,6559.95,NIFTY MICROCAP 250
NIFTY MICROCAP 250,21 Aug 2018,-,-,-,6566.34,NIFTY MICROCAP 250
NIFTY MICROCAP 250,20 Aug 2018,-,-,-,6550.18,NIFTY MICROCAP 250
NIFTY MICROCAP 250,17 Aug 2018,-,-,-,6515.24,NIFTY MICROCAP 250
NIFTY MICROCAP 250,16 Aug 2018,-,-,-,6460.26,NIFTY MICROCAP 250
NIFTY MICROCAP 250,14 Aug 2018,-,-,-,6463.51,NIFTY MICROCAP 250
NIFTY MICROCAP 250,13 Aug 2018,-,-,-,6468.41,NIFTY MICROCAP 250
NIFTY MICROCAP 250,10 Aug 2018,-,-,-,6537.15,NIFTY MICROCAP 250
NIFTY MICROCAP 250,09 Aug 2018,-,-,-,6607.64,NIFTY MICROCAP 250
NIFTY MICROCAP 250,08 Aug 2018,-,-,-,6599.04,NIFTY MICROCAP 250
NIFTY MICROCAP 250,07 Aug 2018,-,-,-,6594.02,NIFTY MICROCAP 250
NIFTY MICROCAP 250,06 Aug 2018,-,-,-,6636.57,NIFTY MICROCAP 250
NIFTY MICROCAP 250,03 Aug 2018,-,-,-,6599.12,NIFTY MICROCAP 250
NIFTY MICROCAP 250,02 Aug 2018,-,-,-,6504.64,NIFTY MICROCAP 250
NIFTY MICROCAP 250,01 Aug 2018,-,-,-,6491.79,NIFTY MICROCAP 250
NIFTY MICROCAP 250,31 Jul 2018,-,-,-,6460.43,NIFTY MICROCAP 250
NIFTY MICROCAP 250,30 Jul 2018,-,-,-,6433.45,NIFTY MICROCAP 250
NIFTY MICROCAP 250,27 Jul 2018,-,-,-,6351.22,NIFTY MICROCAP 250
NIFTY MICROCAP 250,26 Jul 2018,-,-,-,6289.12,NIFTY MICROCAP 250
NIFTY MICROCAP 250,25 Jul 2018,-,-,-,6286.03,NIFTY MICROCAP 250
NIFTY MICROCAP 250,24 Jul 2018,-,-,-,6271.02,NIFTY MICROCAP 250
NIFTY MICROCAP 250,23 Jul 2018,-,-,-,6093.57,NIFTY MICROCAP 250
NIFTY MICROCAP 250,20 Jul 2018,-,-,-,6029.84,NIFTY MICROCAP 250
NIFTY MICROCAP 250,19 Jul 2018,-,-,-,6036.07,NIFTY MICROCAP 250
NIFTY MICROCAP 250,18 Jul 2018,-,-,-,6113.65,NIFTY MICROCAP 250
NIFTY MICROCAP 250,17 Jul 2018,-,-,-,6184.51,NIFTY MICROCAP 250
NIFTY MICROCAP 250,16 Jul 2018,-,-,-,6162.38,NIFTY MICROCAP 250
NIFTY MICROCAP 250,13 Jul 2018,-,-,-,6322.3,NIFTY MICROCAP 250
NIFTY MICROCAP 250,12 Jul 2018,-,-,-,6399.87,NIFTY MICROCAP 250
NIFTY MICROCAP 250,11 Jul 2018,-,-,-,6434.42,NIFTY MICROCAP 250
NIFTY MICROCAP 250,10 Jul 2018,-,-,-,6460.31,NIFTY MICROCAP 250
NIFTY MICROCAP 250,09 Jul 2018,-,-,-,6396.8,NIFTY MICROCAP 250
NIFTY MICROCAP 250,06 Jul 2018,-,-,-,6275.71,NIFTY MICROCAP 250
NIFTY MICROCAP 250,05 Jul 2018,-,-,-,6247.81,NIFTY MICROCAP 250
NIFTY MICROCAP 250,04 Jul 2018,-,-,-,6274.64,NIFTY MICROCAP 250
NIFTY MICROCAP 250,03 Jul 2018,-,-,-,6257.1,NIFTY MICROCAP 250
NIFTY MICROCAP 250,02 Jul 2018,-,-,-,6241.3,NIFTY MICROCAP 250
NIFTY MICROCAP 250,29 Jun 2018,-,-,-,6285.03,NIFTY MICROCAP 250
NIFTY MICROCAP 250,28 Jun 2018,-,-,-,6159.63,NIFTY MICROCAP 250
NIFTY MICROCAP 250,27 Jun 2018,-,-,-,6246.42,NIFTY MICROCAP 250
NIFTY MICROCAP 250,26 Jun 2018,-,-,-,6404.69,NIFTY MICROCAP 250
NIFTY MICROCAP 250,25 Jun 2018,-,-,-,6465.27,NIFTY MICROCAP 250
NIFTY MICROCAP 250,22 Jun 2018,-,-,-,6518.57,NIFTY MICROCAP 250
NIFTY MICROCAP 250,21 Jun 2018,-,-,-,6521.03,NIFTY MICROCAP 250
NIFTY MICROCAP 250,20 Jun 2018,-,-,-,6591.2,NIFTY MICROCAP 250
NIFTY MICROCAP 250,19 Jun 2018,-,-,-,6580.28,NIFTY MICROCAP 250
NIFTY MICROCAP 250,18 Jun 2018,-,-,-,6670.04,NIFTY MICROCAP 250
NIFTY MICROCAP 250,15 Jun 2018,-,-,-,6715.04,NIFTY MICROCAP 250
NIFTY MICROCAP 250,14 Jun 2018,-,-,-,6722.87,NIFTY MICROCAP 250
NIFTY MICROCAP 250,13 Jun 2018,-,-,-,6717.74,NIFTY MICROCAP 250
NIFTY MICROCAP 250,12 Jun 2018,-,-,-,6727.89,NIFTY MICROCAP 250
NIFTY MICROCAP 250,11 Jun 2018,-,-,-,6685.54,NIFTY MICROCAP 250
NIFTY MICROCAP 250,08 Jun 2018,-,-,-,6623.95,NIFTY MICROCAP 250
NIFTY MICROCAP 250,07 Jun 2018,-,-,-,6595.59,NIFTY MICROCAP 250
NIFTY MICROCAP 250,06 Jun 2018,-,-,-,6419.66,NIFTY MICROCAP 250
NIFTY MICROCAP 250,05 Jun 2018,-,-,-,6299.19,NIFTY MICROCAP 250
NIFTY MICROCAP 250,04 Jun 2018,-,-,-,6539.41,NIFTY MICROCAP 250
NIFTY MICROCAP 250,01 Jun 2018,-,-,-,6723.31,NIFTY MICROCAP 250
NIFTY MICROCAP 250,31 May 2018,-,-,-,6833.36,NIFTY MICROCAP 250
NIFTY MICROCAP 250,30 May 2018,-,-,-,6893.26,NIFTY MICROCAP 250
NIFTY MICROCAP 250,29 May 2018,-,-,-,6920.6,NIFTY MICROCAP 250
NIFTY MICROCAP 250,28 May 2018,-,-,-,6941.03,NIFTY MICROCAP 250
NIFTY MICROCAP 250,25 May 2018,-,-,-,6842.49,NIFTY MICROCAP 250
NIFTY MICROCAP 250,24 May 2018,-,-,-,6807.04,NIFTY MICROCAP 250
NIFTY MICROCAP 250,23 May 2018,-,-,-,6830.91,NIFTY MICROCAP 250
NIFTY MICROCAP 250,22 May 2018,-,-,-,6857.22,NIFTY MICROCAP 250
NIFTY MICROCAP 250,21 May 2018,-,-,-,6799.24,NIFTY MICROCAP 250
NIFTY MICROCAP 250,18 May 2018,-,-,-,6954.15,NIFTY MICROCAP 250
NIFTY MICROCAP 250,17 May 2018,-,-,-,7044.34,NIFTY MICROCAP 250
NIFTY MICROCAP 250,16 May 2018,-,-,-,6994.46,NIFTY MICROCAP 250
NIFTY MICROCAP 250,15 May 2018,-,-,-,7019.79,NIFTY MICROCAP 250
NIFTY MICROCAP 250,14 May 2018,-,-,-,7045.79,NIFTY MICROCAP 250
NIFTY MICROCAP 250,11 May 2018,-,-,-,7123.18,NIFTY MICROCAP 250
NIFTY MICROCAP 250,10 May 2018,-,-,-,7120.16,NIFTY MICROCAP 250
NIFTY MICROCAP 250,09 May 2018,-,-,-,7206.68,NIFTY MICROCAP 250
NIFTY MICROCAP 250,08 May 2018,-,-,-,7207.08,NIFTY MICROCAP 250
NIFTY MICROCAP 250,07 May 2018,-,-,-,7228.6,NIFTY MICROCAP 250
NIFTY MICROCAP 250,04 May 2018,-,-,-,7229.0,NIFTY MICROCAP 250
NIFTY MICROCAP 250,03 May 2018,-,-,-,7227.03,NIFTY MICROCAP 250
NIFTY MICROCAP 250,02 May 2018,-,-,-,7302.43,NIFTY MICROCAP 250
NIFTY MICROCAP 250,30 Apr 2018,-,-,-,7376.82,NIFTY MICROCAP 250
NIFTY MICROCAP 250,27 Apr 2018,-,-,-,7346.89,NIFTY MICROCAP 250
NIFTY MICROCAP 250,26 Apr 2018,-,-,-,7341.28,NIFTY MICROCAP 250
NIFTY MICROCAP 250,25 Apr 2018,-,-,-,7369.14,NIFTY MICROCAP 250
NIFTY MICROCAP 250,24 Apr 2018,-,-,-,7434.81,NIFTY MICROCAP 250
NIFTY MICROCAP 250,23 Apr 2018,-,-,-,7427.2,NIFTY MICROCAP 250
NIFTY MICROCAP 250,20 Apr 2018,-,-,-,7356.31,NIFTY MICROCAP 250
NIFTY MICROCAP 250,19 Apr 2018,-,-,-,7331.31,NIFTY MICROCAP 250
NIFTY MICROCAP 250,18 Apr 2018,-,-,-,7304.14,NIFTY MICROCAP 250
NIFTY MICROCAP 250,17 Apr 2018,-,-,-,7320.35,NIFTY MICROCAP 250
NIFTY MICROCAP 250,16 Apr 2018,-,-,-,7309.17,NIFTY MICROCAP 250
NIFTY MICROCAP 250,13 Apr 2018,-,-,-,7305.45,NIFTY MICROCAP 250
NIFTY MICROCAP 250,12 Apr 2018,-,-,-,7295.59,NIFTY MICROCAP 250
NIFTY MICROCAP 250,11 Apr 2018,-,-,-,7314.12,NIFTY MICROCAP 250
NIFTY MICROCAP 250,10 Apr 2018,-,-,-,7336.43,NIFTY MICROCAP 250
NIFTY MICROCAP 250,09 Apr 2018,-,-,-,7328.91,NIFTY MICROCAP 250
NIFTY MICROCAP 250,06 Apr 2018,-,-,-,7264.33,NIFTY MICROCAP 250
NIFTY MICROCAP 250,05 Apr 2018,-,-,-,7235.79,NIFTY MICROCAP 250
NIFTY MICROCAP 250,04 Apr 2018,-,-,-,7103.27,NIFTY MICROCAP 250
NIFTY MICROCAP 250,03 Apr 2018,-,-,-,7149.89,NIFTY MICROCAP 250
NIFTY MICROCAP 250,02 Apr 2018,-,-,-,7028.58,NIFTY MICROCAP 250
NIFTY MICROCAP 250,28 Mar 2018,-,-,-,6794.67,NIFTY MICROCAP 250
NIFTY MICROCAP 250,27 Mar 2018,-,-,-,6857.71,NIFTY MICROCAP 250
NIFTY MICROCAP 250,26 Mar 2018,-,-,-,6738.21,NIFTY MICROCAP 250
NIFTY MICROCAP 250,23 Mar 2018,-,-,-,6724.59,NIFTY MICROCAP 250
NIFTY MICROCAP 250,22 Mar 2018,-,-,-,6856.85,NIFTY MICROCAP 250
NIFTY MICROCAP 250,21 Mar 2018,-,-,-,6964.78,NIFTY MICROCAP 250
NIFTY MICROCAP 250,20 Mar 2018,-,-,-,6936.32,NIFTY MICROCAP 250
NIFTY MICROCAP 250,19 Mar 2018,-,-,-,7009.58,NIFTY MICROCAP 250
NIFTY MICROCAP 250,16 Mar 2018,-,-,-,7140.66,NIFTY MICROCAP 250
NIFTY MICROCAP 250,15 Mar 2018,-,-,-,7167.72,NIFTY MICROCAP 250
NIFTY MICROCAP 250,14 Mar 2018,-,-,-,7065.26,NIFTY MICROCAP 250
NIFTY MICROCAP 250,13 Mar 2018,-,-,-,7054.56,NIFTY MICROCAP 250
NIFTY MICROCAP 250,12 Mar 2018,-,-,-,6961.05,NIFTY MICROCAP 250
NIFTY MICROCAP 250,09 Mar 2018,-,-,-,6923.8,NIFTY MICROCAP 250
NIFTY MICROCAP 250,08 Mar 2018,-,-,-,6976.51,NIFTY MICROCAP 250
NIFTY MICROCAP 250,07 Mar 2018,-,-,-,6983.73,NIFTY MICROCAP 250
NIFTY MICROCAP 250,06 Mar 2018,-,-,-,7170.37,NIFTY MICROCAP 250
NIFTY MICROCAP 250,05 Mar 2018,-,-,-,7259.36,NIFTY MICROCAP 250
NIFTY MICROCAP 250,01 Mar 2018,-,-,-,7383.46,NIFTY MICROCAP 250
NIFTY MICROCAP 250,28 Feb 2018,-,-,-,7383.61,NIFTY MICROCAP 250
NIFTY MICROCAP 250,27 Feb 2018,-,-,-,7367.11,NIFTY MICROCAP 250
NIFTY MICROCAP 250,26 Feb 2018,-,-,-,7371.24,NIFTY MICROCAP 250
NIFTY MICROCAP 250,23 Feb 2018,-,-,-,7314.82,NIFTY MICROCAP 250
NIFTY MICROCAP 250,22 Feb 2018,-,-,-,7209.93,NIFTY MICROCAP 250
NIFTY MICROCAP 250,21 Feb 2018,-,-,-,7264.07,NIFTY MICROCAP 250
NIFTY MICROCAP 250,20 Feb 2018,-,-,-,7295.71,NIFTY MICROCAP 250
NIFTY MICROCAP 250,19 Feb 2018,-,-,-,7320.38,NIFTY MICROCAP 250
NIFTY MICROCAP 250,16 Feb 2018,-,-,-,7407.76,NIFTY MICROCAP 250
NIFTY MICROCAP 250,15 Feb 2018,-,-,-,7523.27,NIFTY MICROCAP 250
NIFTY MICROCAP 250,14 Feb 2018,-,-,-,7659.72,NIFTY MICROCAP 250
NIFTY MICROCAP 250,12 Feb 2018,-,-,-,7663.2,NIFTY MICROCAP 250
NIFTY MICROCAP 250,09 Feb 2018,-,-,-,7495.62,NIFTY MICROCAP 250
NIFTY MICROCAP 250,08 Feb 2018,-,-,-,7472.07,NIFTY MICROCAP 250
NIFTY MICROCAP 250,07 Feb 2018,-,-,-,7253.11,NIFTY MICROCAP 250
NIFTY MICROCAP 250,06 Feb 2018,-,-,-,7049.0,NIFTY MICROCAP 250
NIFTY MICROCAP 250,05 Feb 2018,-,-,-,7240.53,NIFTY MICROCAP 250
NIFTY MICROCAP 250,02 Feb 2018,-,-,-,7262.75,NIFTY MICROCAP 250
NIFTY MICROCAP 250,01 Feb 2018,-,-,-,7629.66,NIFTY MICROCAP 250
NIFTY MICROCAP 250,31 Jan 2018,-,-,-,7652.01,NIFTY MICROCAP 250
NIFTY MICROCAP 250,30 Jan 2018,-,-,-,7732.03,NIFTY MICROCAP 250
NIFTY MICROCAP 250,29 Jan 2018,-,-,-,7849.57,NIFTY MICROCAP 250
NIFTY MICROCAP 250,25 Jan 2018,-,-,-,7926.37,NIFTY MICROCAP 250
NIFTY MICROCAP 250,24 Jan 2018,-,-,-,7953.67,NIFTY MICROCAP 250
NIFTY MICROCAP 250,23 Jan 2018,-,-,-,8048.72,NIFTY MICROCAP 250
NIFTY MICROCAP 250,22 Jan 2018,-,-,-,8040.02,NIFTY MICROCAP 250
NIFTY MICROCAP 250,19 Jan 2018,-,-,-,7940.31,NIFTY MICROCAP 250
NIFTY MICROCAP 250,18 Jan 2018,-,-,-,7898.92,NIFTY MICROCAP 250
NIFTY MICROCAP 250,17 Jan 2018,-,-,-,8110.36,NIFTY MICROCAP 250
NIFTY MICROCAP 250,16 Jan 2018,-,-,-,8124.27,NIFTY MICROCAP 250
NIFTY MICROCAP 250,15 Jan 2018,-,-,-,8358.42,NIFTY MICROCAP 250
NIFTY MICROCAP 250,12 Jan 2018,-,-,-,8300.66,NIFTY MICROCAP 250
NIFTY MICROCAP 250,11 Jan 2018,-,-,-,8303.74,NIFTY MICROCAP 250
NIFTY MICROCAP 250,10 Jan 2018,-,-,-,8250.41,NIFTY MICROCAP 250
NIFTY MICROCAP 250,09 Jan 2018,-,-,-,8254.23,NIFTY MICROCAP 250
NIFTY MICROCAP 250,08 Jan 2018,-,-,-,8265.84,NIFTY MICROCAP 250
NIFTY MICROCAP 250,05 Jan 2018,-,-,-,8139.56,NIFTY MICROCAP 250
NIFTY MICROCAP 250,04 Jan 2018,-,-,-,8066.06,NIFTY MICROCAP 250
NIFTY MICROCAP 250,03 Jan 2018,-,-,-,7983.47,NIFTY MICROCAP 250
NIFTY MICROCAP 250,02 Jan 2018,-,-,-,7821.57,NIFTY MICROCAP 250
NIFTY MICROCAP 250,01 Jan 2018,-,-,-,7819.71,NIFTY MICROCAP 250
NIFTY TOTAL MARKET,31 Dec 2018,-,-,-,5089.64,NIFTY TOTAL MARKET
NIFTY TOTAL MARKET,28 Dec 2018,-,-,-,5079.49,NIFTY TOTAL MARKET
NIFTY TOTAL MARKET,27 Dec 2018,-,-,-,5038.83,NIFTY TOTAL MARKET
NIFTY TOTAL MARKET,26 Dec 2018,-,-,-,5018.45,NIFTY TOTAL MARKET
NIFTY TOTAL MARKET,24 Dec 2018,-,-,-,4997.58,NIFTY TOTAL MARKET
NIFTY TOTAL MARKET,21 Dec 2018,-,-,-,5042.4,NIFTY TOTAL MARKET
NIFTY TOTAL MARKET,20 Dec 2018,-,-,-,5125.87,NIFTY TOTAL MARKET
NIFTY TOTAL MARKET,19 Dec 2018,-,-,-,5132.3,NIFTY TOTAL MARKET
NIFTY TOTAL MARKET,18 Dec 2018,-,-,-,5093.21,NIFTY TOTAL MARKET
NIFTY TOTAL MARKET,17 Dec 2018,-,-,-,5080.08,NIFTY TOTAL MARKET
NIFTY TOTAL MARKET,14 Dec 2018,-,-,-,5045.29,NIFTY TOTAL MARKET
NIFTY TOTAL MARKET,13 Dec 2018,-,-,-,5037.66,NIFTY TOTAL MARKET
NIFTY TOTAL MARKET,12 Dec 2018,-,-,-,5006.69,NIFTY TOTAL MARKET
NIFTY TOTAL MARKET,11 Dec 2018,-,-,-,4908.2,NIFTY TOTAL MARKET
NIFTY TOTAL MARKET,10 Dec 2018,-,-,-,4865.72,NIFTY TOTAL MARKET
NIFTY TOTAL MARKET,07 Dec 2018,-,-,-,4960.85,NIFTY TOTAL MARKET
NIFTY TOTAL MARKET,06 Dec 2018,-,-,-,4929.96,NIFTY TOTAL MARKET
NIFTY TOTAL MARKET,05 Dec 2018,-,-,-,5011.01,NIFTY TOTAL MARKET
NIFTY TOTAL MARKET,04 Dec 2018,-,-,-,5059.45,NIFTY TOTAL MARKET
NIFTY TOTAL MARKET,03 Dec 2018,-,-,-,5065.14,NIFTY TOTAL MARKET
NIFTY TOTAL MARKET,30 Nov 2018,-,-,-,5055.24,NIFTY TOTAL MARKET
NIFTY TOTAL MARKET,29 Nov 2018,-,-,-,5040.0,NIFTY TOTAL MARKET
NIFTY TOTAL MARKET,28 Nov 2018,-,-,-,4991.93,NIFTY TOTAL MARKET
NIFTY TOTAL MARKET,27 Nov 2018,-,-,-,4987.45,NIFTY TOTAL MARKET
NIFTY TOTAL MARKET,26 Nov 2018,-,-,-,4965.22,NIFTY TOTAL MARKET
NIFTY TOTAL MARKET,22 Nov 2018,-,-,-,4931.21,NIFTY TOTAL MARKET
NIFTY TOTAL MARKET,21 Nov 2018,-,-,-,4964.56,NIFTY TOTAL MARKET
NIFTY TOTAL MARKET,20 Nov 2018,-,-,-,4975.01,NIFTY TOTAL MARKET
NIFTY TOTAL MARKET,19 Nov 2018,-,-,-,5026.6,NIFTY TOTAL MARKET
NIFTY TOTAL MARKET,16 Nov 2018,-,-,-,4994.0,NIFTY TOTAL MARKET
NIFTY TOTAL MARKET,15 Nov 2018,-,-,-,4973.59,NIFTY TOTAL MARKET
NIFTY TOTAL MARKET,14 Nov 2018,-,-,-,4956.08,NIFTY TOTAL MARKET
NIFTY TOTAL MARKET,13 Nov 2018,-,-,-,4957.63,NIFTY TOTAL MARKET
NIFTY TOTAL MARKET,12 Nov 2018,-,-,-,4922.44,NIFTY TOTAL MARKET
NIFTY TOTAL MARKET,09 Nov 2018,-,-,-,4970.14,NIFTY TOTAL MARKET
NIFTY TOTAL MARKET,07 Nov 2018,-,-,-,4962.93,NIFTY TOTAL MARKET
NIFTY TOTAL MARKET,06 Nov 2018,-,-,-,4927.06,NIFTY TOTAL MARKET
NIFTY TOTAL MARKET,05 Nov 2018,-,-,-,4931.1,NIFTY TOTAL MARKET
NIFTY TOTAL MARKET,02 Nov 2018,-,-,-,4942.72,NIFTY TOTAL MARKET
NIFTY TOTAL MARKET,01 Nov 2018,-,-,-,4872.75,NIFTY TOTAL MARKET
NIFTY TOTAL MARKET,31 Oct 2018,-,-,-,4861.42,NIFTY TOTAL MARKET
NIFTY TOTAL MARKET,30 Oct 2018,-,-,-,4777.16,NIFTY TOTAL MARKET
NIFTY TOTAL MARKET,29 Oct 2018,-,-,-,4781.32,NIFTY TOTAL MARKET
NIFTY TOTAL MARKET,26 Oct 2018,-,-,-,4674.5,NIFTY TOTAL MARKET
NIFTY TOTAL MARKET,25 Oct 2018,-,-,-,4704.8,NIFTY TOTAL MARKET
NIFTY TOTAL MARKET,24 Oct 2018,-,-,-,4750.24,NIFTY TOTAL MARKET
NIFTY TOTAL MARKET,23 Oct 2018,-,-,-,4714.45,NIFTY TOTAL MARKET
NIFTY TOTAL MARKET,22 Oct 2018,-,-,-,4763.42,NIFTY TOTAL MARKET
NIFTY TOTAL MARKET,19 Oct 2018,-,-,-,4799.78,NIFTY TOTAL MARKET
NIFTY TOTAL MARKET,17 Oct 2018,-,-,-,4865.5,NIFTY TOTAL MARKET
NIFTY TOTAL MARKET,16 Oct 2018,-,-,-,4941.24,NIFTY TOTAL MARKET
NIFTY TOTAL MARKET,15 Oct 2018,-,-,-,4894.91,NIFTY TOTAL MARKET
NIFTY TOTAL MARKET,12 Oct 2018,-,-,-,4868.85,NIFTY TOTAL MARKET
NIFTY TOTAL MARKET,11 Oct 2018,-,-,-,4756.54,NIFTY TOTAL MARKET
NIFTY TOTAL MARKET,10 Oct 2018,-,-,-,4857.31,NIFTY TOTAL MARKET
NIFTY TOTAL MARKET,09 Oct 2018,-,-,-,4752.73,NIFTY TOTAL MARKET
NIFTY TOTAL MARKET,08 Oct 2018,-,-,-,4774.88,NIFTY TOTAL MARKET
NIFTY TOTAL MARKET,05 Oct 2018,-,-,-,4789.5,NIFTY TOTAL MARKET
NIFTY TOTAL MARKET,04 Oct 2018,-,-,-,4916.82,NIFTY TOTAL MARKET
NIFTY TOTAL MARKET,03 Oct 2018,-,-,-,5028.37,NIFTY TOTAL MARKET
NIFTY TOTAL MARKET,01 Oct 2018,-,-,-,5086.5,NIFTY TOTAL MARKET
NIFTY TOTAL MARKET,28 Sep 2018,-,-,-,5060.39,NIFTY TOTAL MARKET
NIFTY TOTAL MARKET,27 Sep 2018,-,-,-,5111.39,NIFTY TOTAL MARKET
NIFTY TOTAL MARKET,26 Sep 2018,-,-,-,5167.64,NIFTY TOTAL MARKET
NIFTY TOTAL MARKET,25 Sep 2018,-,-,-,5167.89,NIFTY TOTAL MARKET
NIFTY TOTAL MARKET,24 Sep 2018,-,-,-,5136.08,NIFTY TOTAL MARKET
NIFTY TOTAL MARKET,21 Sep 2018,-,-,-,5238.71,NIFTY TOTAL MARKET
NIFTY TOTAL MARKET,19 Sep 2018,-,-,-,5307.93,NIFTY TOTAL MARKET
NIFTY TOTAL MARKET,18 Sep 2018,-,-,-,5334.95,NIFTY TOTAL MARKET
NIFTY TOTAL MARKET,17 Sep 2018,-,-,-,5392.09,NIFTY TOTAL MARKET
NIFTY TOTAL MARKET,14 Sep 2018,-,-,-,5444.07,NIFTY TOTAL MARKET
NIFTY TOTAL MARKET,12 Sep 2018,-,-,-,5370.58,NIFTY TOTAL MARKET
NIFTY TOTAL MARKET,11 Sep 2018,-,-,-,5342.06,NIFTY TOTAL MARKET
NIFTY TOTAL MARKET,10 Sep 2018,-,-,-,5415.9,NIFTY TOTAL MARKET
NIFTY TOTAL MARKET,07 Sep 2018,-,-,-,5490.27,NIFTY TOTAL MARKET
NIFTY TOTAL MARKET,06 Sep 2018,-,-,-,5457.15,NIFTY TOTAL MARKET
NIFTY TOTAL MARKET,05 Sep 2018,-,-,-,5428.96,NIFTY TOTAL MARKET
NIFTY TOTAL MARKET,04 Sep 2018,-,-,-,5452.43,NIFTY TOTAL MARKET
NIFTY TOTAL MARKET,03 Sep 2018,-,-,-,5517.44,NIFTY TOTAL MARKET
NIFTY TOTAL MARKET,31 Aug 2018,-,-,-,5555.44,NIFTY TOTAL MARKET
NIFTY TOTAL MARKET,30 Aug 2018,-,-,-,5545.73,NIFTY TOTAL MARKET
NIFTY TOTAL MARKET,29 Aug 2018,-,-,-,5544.53,NIFTY TOTAL MARKET
NIFTY TOTAL MARKET,28 Aug 2018,-,-,-,5551.31,NIFTY TOTAL MARKET
NIFTY TOTAL MARKET,27 Aug 2018,-,-,-,5536.4,NIFTY TOTAL MARKET
NIFTY TOTAL MARKET,24 Aug 2018,-,-,-,5477.29,NIFTY TOTAL MARKET
NIFTY TOTAL MARKET,23 Aug 2018,-,-,-,5489.5,NIFTY TOTAL MARKET
NIFTY TOTAL MARKET,21 Aug 2018,-,-,-,5484.21,NIFTY TOTAL MARKET
NIFTY TOTAL MARKET,20 Aug 2018,-,-,-,5471.51,NIFTY TOTAL MARKET
NIFTY TOTAL MARKET,17 Aug 2018,-,-,-,5433.06,NIFTY TOTAL MARKET
NIFTY TOTAL MARKET,16 Aug 2018,-,-,-,5386.16,NIFTY TOTAL MARKET
NIFTY TOTAL MARKET,14 Aug 2018,-,-,-,5408.3,NIFTY TOTAL MARKET
NIFTY TOTAL MARKET,13 Aug 2018,-,-,-,5370.56,NIFTY TOTAL MARKET
NIFTY TOTAL MARKET,10 Aug 2018,-,-,-,5408.88,NIFTY TOTAL MARKET
NIFTY TOTAL MARKET,09 Aug 2018,-,-,-,5434.5,NIFTY TOTAL MARKET
NIFTY TOTAL MARKET,08 Aug 2018,-,-,-,5421.14,NIFTY TOTAL MARKET
NIFTY TOTAL MARKET,07 Aug 2018,-,-,-,5399.36,NIFTY TOTAL MARKET
NIFTY TOTAL MARKET,06 Aug 2018,-,-,-,5402.63,NIFTY TOTAL MARKET
NIFTY TOTAL MARKET,03 Aug 2018,-,-,-,5389.01,NIFTY TOTAL MARKET
NIFTY TOTAL MARKET,02 Aug 2018,-,-,-,5334.59,NIFTY TOTAL MARKET
NIFTY TOTAL MARKET,01 Aug 2018,-,-,-,5368.47,NIFTY TOTAL MARKET
NIFTY TOTAL MARKET,31 Jul 2018,-,-,-,5367.24,NIFTY TOTAL MARKET
NIFTY TOTAL MARKET,30 Jul 2018,-,-,-,5349.36,NIFTY TOTAL MARKET
NIFTY TOTAL MARKET,27 Jul 2018,-,-,-,5326.21,NIFTY TOTAL MARKET
NIFTY TOTAL MARKET,26 Jul 2018,-,-,-,5275.47,NIFTY TOTAL MARKET
NIFTY TOTAL MARKET,25 Jul 2018,-,-,-,5254.8,NIFTY TOTAL MARKET
NIFTY TOTAL MARKET,24 Jul 2018,-,-,-,5254.89,NIFTY TOTAL MARKET
NIFTY TOTAL MARKET,23 Jul 2018,-,-,-,5204.35,NIFTY TOTAL MARKET
NIFTY TOTAL MARKET,20 Jul 2018,-,-,-,5160.91,NIFTY TOTAL MARKET
NIFTY TOTAL MARKET,19 Jul 2018,-,-,-,5133.99,NIFTY TOTAL MARKET
NIFTY TOTAL MARKET,18 Jul 2018,-,-,-,5153.56,NIFTY TOTAL MARKET
NIFTY TOTAL MARKET,17 Jul 2018,-,-,-,5179.8,NIFTY TOTAL MARKET
NIFTY TOTAL MARKET,16 Jul 2018,-,-,-,5133.73,NIFTY TOTAL MARKET
NIFTY TOTAL MARKET,13 Jul 2018,-,-,-,5200.91,NIFTY TOTAL MARKET
NIFTY TOTAL MARKET,12 Jul 2018,-,-,-,5219.67,NIFTY TOTAL MARKET
NIFTY TOTAL MARKET,11 Jul 2018,-,-,-,5200.44,NIFTY TOTAL MARKET
NIFTY TOTAL MARKET,10 Jul 2018,-,-,-,5209.22,NIFTY TOTAL MARKET
NIFTY TOTAL MARKET,09 Jul 2018,-,-,-,5163.65,NIFTY TOTAL MARKET
NIFTY TOTAL MARKET,06 Jul 2018,-,-,-,5115.96,NIFTY TOTAL MARKET
NIFTY TOTAL MARKET,05 Jul 2018,-,-,-,5100.33,NIFTY TOTAL MARKET
NIFTY TOTAL MARKET,04 Jul 2018,-,-,-,5116.05,NIFTY TOTAL MARKET
NIFTY TOTAL MARKET,03 Jul 2018,-,-,-,5091.18,NIFTY TOTAL MARKET
NIFTY TOTAL MARKET,02 Jul 2018,-,-,-,5068.92,NIFTY TOTAL MARKET
NIFTY TOTAL MARKET,29 Jun 2018,-,-,-,5098.81,NIFTY TOTAL MARKET
NIFTY TOTAL MARKET,28 Jun 2018,-,-,-,5028.22,NIFTY TOTAL MARKET
NIFTY TOTAL MARKET,27 Jun 2018,-,-,-,5080.04,NIFTY TOTAL MARKET
NIFTY TOTAL MARKET,26 Jun 2018,-,-,-,5138.87,NIFTY TOTAL MARKET
NIFTY TOTAL MARKET,25 Jun 2018,-,-,-,5141.48,NIFTY TOTAL MARKET
NIFTY TOTAL MARKET,22 Jun 2018,-,-,-,5176.33,NIFTY TOTAL MARKET
NIFTY TOTAL MARKET,21 Jun 2018,-,-,-,5145.76,NIFTY TOTAL MARKET
NIFTY TOTAL MARKET,20 Jun 2018,-,-,-,5166.77,NIFTY TOTAL MARKET
NIFTY TOTAL MARKET,19 Jun 2018,-,-,-,5143.82,NIFTY TOTAL MARKET
NIFTY TOTAL MARKET,18 Jun 2018,-,-,-,5191.22,NIFTY TOTAL MARKET
NIFTY TOTAL MARKET,15 Jun 2018,-,-,-,5205.77,NIFTY TOTAL MARKET
NIFTY TOTAL MARKET,14 Jun 2018,-,-,-,5212.95,NIFTY TOTAL MARKET
NIFTY TOTAL MARKET,13 Jun 2018,-,-,-,5229.01,NIFTY TOTAL MARKET
NIFTY TOTAL MARKET,12 Jun 2018,-,-,-,5229.23,NIFTY TOTAL MARKET
NIFTY TOTAL MARKET,11 Jun 2018,-,-,-,5199.03,NIFTY TOTAL MARKET
NIFTY TOTAL MARKET,08 Jun 2018,-,-,-,5189.05,NIFTY TOTAL MARKET
NIFTY TOTAL MARKET,07 Jun 2018,-,-,-,5179.74,NIFTY TOTAL MARKET
NIFTY TOTAL MARKET,06 Jun 2018,-,-,-,5125.1,NIFTY TOTAL MARKET
NIFTY TOTAL MARKET,05 Jun 2018,-,-,-,5070.92,NIFTY TOTAL MARKET
NIFTY TOTAL MARKET,04 Jun 2018,-,-,-,5111.19,NIFTY TOTAL MARKET
NIFTY TOTAL MARKET,01 Jun 2018,-,-,-,5157.92,NIFTY TOTAL MARKET
NIFTY TOTAL MARKET,31 May 2018,-,-,-,5192.72,NIFTY TOTAL MARKET
NIFTY TOTAL MARKET,30 May 2018,-,-,-,5161.14,NIFTY TOTAL MARKET
NIFTY TOTAL MARKET,29 May 2018,-,-,-,5170.15,NIFTY TOTAL MARKET
NIFTY TOTAL MARKET,28 May 2018,-,-,-,5190.62,NIFTY TOTAL MARKET
NIFTY TOTAL MARKET,25 May 2018,-,-,-,5138.71,NIFTY TOTAL MARKET
NIFTY TOTAL MARKET,24 May 2018,-,-,-,5083.71,NIFTY TOTAL MARKET
NIFTY TOTAL MARKET,23 May 2018,-,-,-,5059.36,NIFTY TOTAL MARKET
NIFTY TOTAL MARKET,22 May 2018,-,-,-,5101.07,NIFTY TOTAL MARKET
NIFTY TOTAL MARKET,21 May 2018,-,-,-,5079.85,NIFTY TOTAL MARKET
NIFTY TOTAL MARKET,18 May 2018,-,-,-,5137.49,NIFTY TOTAL MARKET
NIFTY TOTAL MARKET,17 May 2018,-,-,-,5190.97,NIFTY TOTAL MARKET
NIFTY TOTAL MARKET,16 May 2018,-,-,-,5203.15,NIFTY TOTAL MARKET
NIFTY TOTAL MARKET,15 May 2018,-,-,-,5223.86,NIFTY TOTAL MARKET
NIFTY TOTAL MARKET,14 May 2018,-,-,-,5237.42,NIFTY TOTAL MARKET
NIFTY TOTAL MARKET,11 May 2018,-,-,-,5253.3,NIFTY TOTAL MARKET
NIFTY TOTAL MARKET,10 May 2018,-,-,-,5223.16,NIFTY TOTAL MARKET
NIFTY TOTAL MARKET,09 May 2018,-,-,-,5256.32,NIFTY TOTAL MARKET
NIFTY TOTAL MARKET,08 May 2018,-,-,-,5256.85,NIFTY TOTAL MARKET
NIFTY TOTAL MARKET,07 May 2018,-,-,-,5256.71,NIFTY TOTAL MARKET
NIFTY TOTAL MARKET,04 May 2018,-,-,-,5213.81,NIFTY TOTAL MARKET
NIFTY TOTAL MARKET,03 May 2018,-,-,-,5240.31,NIFTY TOTAL MARKET
NIFTY TOTAL MARKET,02 May 2018,-,-,-,5272.13,NIFTY TOTAL MARKET
NIFTY TOTAL MARKET,30 Apr 2018,-,-,-,5301.82,NIFTY TOTAL MARKET
NIFTY TOTAL MARKET,27 Apr 2018,-,-,-,5272.54,NIFTY TOTAL MARKET
NIFTY TOTAL MARKET,26 Apr 2018,-,-,-,5238.62,NIFTY TOTAL MARKET
NIFTY TOTAL MARKET,25 Apr 2018,-,-,-,5222.12,NIFTY TOTAL MARKET
NIFTY TOTAL MARKET,24 Apr 2018,-,-,-,5245.39,NIFTY TOTAL MARKET
NIFTY TOTAL MARKET,23 Apr 2018,-,-,-,5236.0,NIFTY TOTAL MARKET
NIFTY TOTAL MARKET,20 Apr 2018,-,-,-,5220.6,NIFTY TOTAL MARKET
NIFTY TOTAL MARKET,19 Apr 2018,-,-,-,5224.87,NIFTY TOTAL MARKET
NIFTY TOTAL MARKET,18 Apr 2018,-,-,-,5200.01,NIFTY TOTAL MARKET
NIFTY TOTAL MARKET,17 Apr 2018,-,-,-,5210.49,NIFTY TOTAL MARKET
NIFTY TOTAL MARKET,16 Apr 2018,-,-,-,5199.94,NIFTY TOTAL MARKET
NIFTY TOTAL MARKET,13 Apr 2018,-,-,-,5176.17,NIFTY TOTAL MARKET
NIFTY TOTAL MARKET,12 Apr 2018,-,-,-,5164.9,NIFTY TOTAL MARKET
NIFTY TOTAL MARKET,11 Apr 2018,-,-,-,5156.37,NIFTY TOTAL MARKET
NIFTY TOTAL MARKET,10 Apr 2018,-,-,-,5150.45,NIFTY TOTAL MARKET
NIFTY TOTAL MARKET,09 Apr 2018,-,-,-,5142.72,NIFTY TOTAL MARKET
NIFTY TOTAL MARKET,06 Apr 2018,-,-,-,5123.47,NIFTY TOTAL MARKET
NIFTY TOTAL MARKET,05 Apr 2018,-,-,-,5108.82,NIFTY TOTAL MARKET
NIFTY TOTAL MARKET,04 Apr 2018,-,-,-,5013.61,NIFTY TOTAL MARKET
NIFTY TOTAL MARKET,03 Apr 2018,-,-,-,5068.41,NIFTY TOTAL MARKET
NIFTY TOTAL MARKET,02 Apr 2018,-,-,-,5038.2,NIFTY TOTAL MARKET
NIFTY TOTAL MARKET,28 Mar 2018,-,-,-,4973.04,NIFTY TOTAL MARKET
NIFTY TOTAL MARKET,27 Mar 2018,-,-,-,5010.1,NIFTY TOTAL MARKET
NIFTY TOTAL MARKET,26 Mar 2018,-,-,-,4973.17,NIFTY TOTAL MARKET
NIFTY TOTAL MARKET,23 Mar 2018,-,-,-,4911.21,NIFTY TOTAL MARKET
NIFTY TOTAL MARKET,22 Mar 2018,-,-,-,4969.81,NIFTY TOTAL MARKET
NIFTY TOTAL MARKET,21 Mar 2018,-,-,-,4996.34,NIFTY TOTAL MARKET
NIFTY TOTAL MARKET,20 Mar 2018,-,-,-,4980.23,NIFTY TOTAL MARKET
NIFTY TOTAL MARKET,19 Mar 2018,-,-,-,4967.35,NIFTY TOTAL MARKET
NIFTY TOTAL MARKET,16 Mar 2018,-,-,-,5029.75,NIFTY TOTAL MARKET
NIFTY TOTAL MARKET,15 Mar 2018,-,-,-,5100.63,NIFTY TOTAL MARKET
NIFTY TOTAL MARKET,14 Mar 2018,-,-,-,5108.29,NIFTY TOTAL MARKET
NIFTY TOTAL MARKET,13 Mar 2018,-,-,-,5111.56,NIFTY TOTAL MARKET
NIFTY TOTAL MARKET,12 Mar 2018,-,-,-,5090.12,NIFTY TOTAL MARKET
NIFTY TOTAL MARKET,09 Mar 2018,-,-,-,5015.85,NIFTY TOTAL MARKET
NIFTY TOTAL MARKET,08 Mar 2018,-,-,-,5024.62,NIFTY TOTAL MARKET
NIFTY TOTAL MARKET,07 Mar 2018,-,-,-,4990.04,NIFTY TOTAL MARKET
NIFTY TOTAL MARKET,06 Mar 2018,-,-,-,5049.54,NIFTY TOTAL MARKET
NIFTY TOTAL MARKET,05 Mar 2018,-,-,-,5103.56,NIFTY TOTAL MARKET
NIFTY TOTAL MARKET,01 Mar 2018,-,-,-,5154.41,NIFTY TOTAL MARKET
NIFTY TOTAL MARKET,28 Feb 2018,-,-,-,5174.31,NIFTY TOTAL MARKET
NIFTY TOTAL MARKET,27 Feb 2018,-,-,-,5195.91,NIFTY TOTAL MARKET
NIFTY TOTAL MARKET,26 Feb 2018,-,-,-,5212.51,NIFTY TOTAL MARKET
NIFTY TOTAL MARKET,23 Feb 2018,-,-,-,5167.26,NIFTY TOTAL MARKET
NIFTY TOTAL MARKET,22 Feb 2018,-,-,-,5103.93,NIFTY TOTAL MARKET
NIFTY TOTAL MARKET,21 Feb 2018,-,-,-,5120.78,NIFTY TOTAL MARKET
NIFTY TOTAL MARKET,20 Feb 2018,-,-,-,5112.37,NIFTY TOTAL MARKET
NIFTY TOTAL MARKET,19 Feb 2018,-,-,-,5117.67,NIFTY TOTAL MARKET
NIFTY TOTAL MARKET,16 Feb 2018,-,-,-,5160.44,NIFTY TOTAL MARKET
NIFTY TOTAL MARKET,15 Feb 2018,-,-,-,5210.48,NIFTY TOTAL MARKET
NIFTY TOTAL MARKET,14 Feb 2018,-,-,-,5214.74,NIFTY TOTAL MARKET
NIFTY TOTAL MARKET,12 Feb 2018,-,-,-,5226.6,NIFTY TOTAL MARKET
NIFTY TOTAL MARKET,09 Feb 2018,-,-,-,5170.54,NIFTY TOTAL MARKET
NIFTY TOTAL MARKET,08 Feb 2018,-,-,-,5208.97,NIFTY TOTAL MARKET
NIFTY TOTAL MARKET,07 Feb 2018,-,-,-,5141.66,NIFTY TOTAL MARKET
NIFTY TOTAL MARKET,06 Feb 2018,-,-,-,5129.23,NIFTY TOTAL MARKET
NIFTY TOTAL MARKET,05 Feb 2018,-,-,-,5216.48,NIFTY TOTAL MARKET
NIFTY TOTAL MARKET,02 Feb 2018,-,-,-,5252.45,NIFTY TOTAL MARKET
NIFTY TOTAL MARKET,01 Feb 2018,-,-,-,5410.08,NIFTY TOTAL MARKET
NIFTY TOTAL MARKET,31 Jan 2018,-,-,-,5416.38,NIFTY TOTAL MARKET
NIFTY TOTAL MARKET,30 Jan 2018,-,-,-,5442.44,NIFTY TOTAL MARKET
NIFTY TOTAL MARKET,29 Jan 2018,-,-,-,5486.2,NIFTY TOTAL MARKET
NIFTY TOTAL MARKET,25 Jan 2018,-,-,-,5482.49,NIFTY TOTAL MARKET
NIFTY TOTAL MARKET,24 Jan 2018,-,-,-,5506.87,NIFTY TOTAL MARKET
NIFTY TOTAL MARKET,23 Jan 2018,-,-,-,5521.32,NIFTY TOTAL MARKET
NIFTY TOTAL MARKET,22 Jan 2018,-,-,-,5472.27,NIFTY TOTAL MARKET
NIFTY TOTAL MARKET,19 Jan 2018,-,-,-,5435.52,NIFTY TOTAL MARKET
NIFTY TOTAL MARKET,18 Jan 2018,-,-,-,5393.24,NIFTY TOTAL MARKET
NIFTY TOTAL MARKET,17 Jan 2018,-,-,-,5418.84,NIFTY TOTAL MARKET
NIFTY TOTAL MARKET,16 Jan 2018,-,-,-,5378.87,NIFTY TOTAL MARKET
NIFTY TOTAL MARKET,15 Jan 2018,-,-,-,5430.7,NIFTY TOTAL MARKET
NIFTY TOTAL MARKET,12 Jan 2018,-,-,-,5410.8,NIFTY TOTAL MARKET
NIFTY TOTAL MARKET,11 Jan 2018,-,-,-,5402.75,NIFTY TOTAL MARKET
NIFTY TOTAL MARKET,10 Jan 2018,-,-,-,5391.02,NIFTY TOTAL MARKET
NIFTY TOTAL MARKET,09 Jan 2018,-,-,-,5396.64,NIFTY TOTAL MARKET
NIFTY TOTAL MARKET,08 Jan 2018,-,-,-,5396.03,NIFTY TOTAL MARKET
NIFTY TOTAL MARKET,05 Jan 2018,-,-,-,5357.88,NIFTY TOTAL MARKET
NIFTY TOTAL MARKET,04 Jan 2018,-,-,-,5319.7,NIFTY TOTAL MARKET
NIFTY TOTAL MARKET,03 Jan 2018,-,-,-,5282.05,NIFTY TOTAL MARKET
NIFTY TOTAL MARKET,02 Jan 2018,-,-,-,5267.34,NIFTY TOTAL MARKET
NIFTY TOTAL MARKET,01 Jan 2018,-,-,-,5276.36,NIFTY TOTAL MARKET
NIFTY MIDCAP SELECT,31 Dec 2018,-,-,-,4541.7,NIFTY MIDCAP SELECT
NIFTY MIDCAP SELECT,28 Dec 2018,-,-,-,4527.15,NIFTY MIDCAP SELECT
NIFTY MIDCAP SELECT,27 Dec 2018,-,-,-,4485.25,NIFTY MIDCAP SELECT
NIFTY MIDCAP SELECT,26 Dec 2018,-,-,-,4465.25,NIFTY MIDCAP SELECT
NIFTY MIDCAP SELECT,24 Dec 2018,-,-,-,4464.18,NIFTY MIDCAP SELECT
NIFTY MIDCAP SELECT,21 Dec 2018,-,-,-,4474.56,NIFTY MIDCAP SELECT
NIFTY MIDCAP SELECT,20 Dec 2018,-,-,-,4569.02,NIFTY MIDCAP SELECT
NIFTY MIDCAP SELECT,19 Dec 2018,-,-,-,4553.11,NIFTY MIDCAP SELECT
NIFTY MIDCAP SELECT,18 Dec 2018,-,-,-,4490.97,NIFTY MIDCAP SELECT
NIFTY MIDCAP SELECT,17 Dec 2018,-,-,-,4468.05,NIFTY MIDCAP SELECT
NIFTY MIDCAP SELECT,14 Dec 2018,-,-,-,4439.65,NIFTY MIDCAP SELECT
NIFTY MIDCAP SELECT,13 Dec 2018,-,-,-,4425.4,NIFTY MIDCAP SELECT
NIFTY MIDCAP SELECT,12 Dec 2018,-,-,-,4411.37,NIFTY MIDCAP SELECT
NIFTY MIDCAP SELECT,11 Dec 2018,-,-,-,4303.21,NIFTY MIDCAP SELECT
NIFTY MIDCAP SELECT,10 Dec 2018,-,-,-,4237.97,NIFTY MIDCAP SELECT
NIFTY MIDCAP SELECT,07 Dec 2018,-,-,-,4306.79,NIFTY MIDCAP SELECT
NIFTY MIDCAP SELECT,06 Dec 2018,-,-,-,4296.4,NIFTY MIDCAP SELECT
NIFTY MIDCAP SELECT,05 Dec 2018,-,-,-,4372.23,NIFTY MIDCAP SELECT
NIFTY MIDCAP SELECT,04 Dec 2018,-,-,-,4449.23,NIFTY MIDCAP SELECT
NIFTY MIDCAP SELECT,03 Dec 2018,-,-,-,4469.29,NIFTY MIDCAP SELECT
NIFTY MIDCAP SELECT,30 Nov 2018,-,-,-,4446.93,NIFTY MIDCAP SELECT
NIFTY MIDCAP SELECT,29 Nov 2018,-,-,-,4439.43,NIFTY MIDCAP SELECT
NIFTY MIDCAP SELECT,28 Nov 2018,-,-,-,4405.06,NIFTY MIDCAP SELECT
NIFTY MIDCAP SELECT,27 Nov 2018,-,-,-,4467.06,NIFTY MIDCAP SELECT
NIFTY MIDCAP SELECT,26 Nov 2018,-,-,-,4444.98,NIFTY MIDCAP SELECT
NIFTY MIDCAP SELECT,22 Nov 2018,-,-,-,4428.41,NIFTY MIDCAP SELECT
NIFTY MIDCAP SELECT,21 Nov 2018,-,-,-,4476.9,NIFTY MIDCAP SELECT
NIFTY MIDCAP SELECT,20 Nov 2018,-,-,-,4430.33,NIFTY MIDCAP SELECT
NIFTY MIDCAP SELECT,19 Nov 2018,-,-,-,4471.69,NIFTY MIDCAP SELECT
NIFTY MIDCAP SELECT,16 Nov 2018,-,-,-,4436.71,NIFTY MIDCAP SELECT
NIFTY MIDCAP SELECT,15 Nov 2018,-,-,-,4451.82,NIFTY MIDCAP SELECT
NIFTY MIDCAP SELECT,14 Nov 2018,-,-,-,4428.64,NIFTY MIDCAP SELECT
NIFTY MIDCAP SELECT,13 Nov 2018,-,-,-,4436.45,NIFTY MIDCAP SELECT
NIFTY MIDCAP SELECT,12 Nov 2018,-,-,-,4412.87,NIFTY MIDCAP SELECT
NIFTY MIDCAP SELECT,09 Nov 2018,-,-,-,4454.54,NIFTY MIDCAP SELECT
NIFTY MIDCAP SELECT,07 Nov 2018,-,-,-,4398.94,NIFTY MIDCAP SELECT
NIFTY MIDCAP SELECT,06 Nov 2018,-,-,-,4371.34,NIFTY MIDCAP SELECT
NIFTY MIDCAP SELECT,05 Nov 2018,-,-,-,4404.3,NIFTY MIDCAP SELECT
NIFTY MIDCAP SELECT,02 Nov 2018,-,-,-,4442.6,NIFTY MIDCAP SELECT
NIFTY MIDCAP SELECT,01 Nov 2018,-,-,-,4385.38,NIFTY MIDCAP SELECT
NIFTY MIDCAP SELECT,31 Oct 2018,-,-,-,4356.57,NIFTY MIDCAP SELECT
NIFTY MIDCAP SELECT,30 Oct 2018,-,-,-,4303.58,NIFTY MIDCAP SELECT
NIFTY MIDCAP SELECT,29 Oct 2018,-,-,-,4287.73,NIFTY MIDCAP SELECT
NIFTY MIDCAP SELECT,26 Oct 2018,-,-,-,4137.7,NIFTY MIDCAP SELECT
NIFTY MIDCAP SELECT,25 Oct 2018,-,-,-,4170.46,NIFTY MIDCAP SELECT
NIFTY MIDCAP SELECT,24 Oct 2018,-,-,-,4169.0,NIFTY MIDCAP SELECT
NIFTY MIDCAP SELECT,23 Oct 2018,-,-,-,4088.55,NIFTY MIDCAP SELECT
NIFTY MIDCAP SELECT,22 Oct 2018,-,-,-,4112.26,NIFTY MIDCAP SELECT
NIFTY MIDCAP SELECT,19 Oct 2018,-,-,-,4170.73,NIFTY MIDCAP SELECT
NIFTY MIDCAP SELECT,17 Oct 2018,-,-,-,4201.99,NIFTY MIDCAP SELECT
NIFTY MIDCAP SELECT,16 Oct 2018,-,-,-,4284.74,NIFTY MIDCAP SELECT
NIFTY MIDCAP SELECT,15 Oct 2018,-,-,-,4216.12,NIFTY MIDCAP SELECT
NIFTY MIDCAP SELECT,12 Oct 2018,-,-,-,4197.43,NIFTY MIDCAP SELECT
NIFTY MIDCAP SELECT,11 Oct 2018,-,-,-,4065.74,NIFTY MIDCAP SELECT
NIFTY MIDCAP SELECT,10 Oct 2018,-,-,-,4205.82,NIFTY MIDCAP SELECT
NIFTY MIDCAP SELECT,09 Oct 2018,-,-,-,4016.33,NIFTY MIDCAP SELECT
NIFTY MIDCAP SELECT,08 Oct 2018,-,-,-,4009.19,NIFTY MIDCAP SELECT
NIFTY MIDCAP SELECT,05 Oct 2018,-,-,-,4026.62,NIFTY MIDCAP SELECT
NIFTY MIDCAP SELECT,04 Oct 2018,-,-,-,4149.26,NIFTY MIDCAP SELECT
NIFTY MIDCAP SELECT,03 Oct 2018,-,-,-,4262.86,NIFTY MIDCAP SELECT
NIFTY MIDCAP SELECT,01 Oct 2018,-,-,-,4333.18,NIFTY MIDCAP SELECT
NIFTY MIDCAP SELECT,28 Sep 2018,-,-,-,4283.33,NIFTY MIDCAP SELECT
NIFTY MIDCAP SELECT,27 Sep 2018,-,-,-,4359.9,NIFTY MIDCAP SELECT
NIFTY MIDCAP SELECT,26 Sep 2018,-,-,-,4451.74,NIFTY MIDCAP SELECT
NIFTY MIDCAP SELECT,25 Sep 2018,-,-,-,4425.74,NIFTY MIDCAP SELECT
NIFTY MIDCAP SELECT,24 Sep 2018,-,-,-,4375.35,NIFTY MIDCAP SELECT
NIFTY MIDCAP SELECT,21 Sep 2018,-,-,-,4484.44,NIFTY MIDCAP SELECT
NIFTY MIDCAP SELECT,19 Sep 2018,-,-,-,4559.29,NIFTY MIDCAP SELECT
NIFTY MIDCAP SELECT,18 Sep 2018,-,-,-,4602.72,NIFTY MIDCAP SELECT
NIFTY MIDCAP SELECT,17 Sep 2018,-,-,-,4658.18,NIFTY MIDCAP SELECT
NIFTY MIDCAP SELECT,14 Sep 2018,-,-,-,4693.57,NIFTY MIDCAP SELECT
NIFTY MIDCAP SELECT,12 Sep 2018,-,-,-,4587.42,NIFTY MIDCAP SELECT
NIFTY MIDCAP SELECT,11 Sep 2018,-,-,-,4556.16,NIFTY MIDCAP SELECT
NIFTY MIDCAP SELECT,10 Sep 2018,-,-,-,4608.6,NIFTY MIDCAP SELECT
NIFTY MIDCAP SELECT,07 Sep 2018,-,-,-,4705.02,NIFTY MIDCAP SELECT
NIFTY MIDCAP SELECT,06 Sep 2018,-,-,-,4623.73,NIFTY MIDCAP SELECT
NIFTY MIDCAP SELECT,05 Sep 2018,-,-,-,4607.49,NIFTY MIDCAP SELECT
NIFTY MIDCAP SELECT,04 Sep 2018,-,-,-,4619.07,NIFTY MIDCAP SELECT
NIFTY MIDCAP SELECT,03 Sep 2018,-,-,-,4757.72,NIFTY MIDCAP SELECT
NIFTY MIDCAP SELECT,31 Aug 2018,-,-,-,4785.24,NIFTY MIDCAP SELECT
NIFTY MIDCAP SELECT,30 Aug 2018,-,-,-,4785.83,NIFTY MIDCAP SELECT
NIFTY MIDCAP SELECT,29 Aug 2018,-,-,-,4797.87,NIFTY MIDCAP SELECT
NIFTY MIDCAP SELECT,28 Aug 2018,-,-,-,4769.86,NIFTY MIDCAP SELECT
NIFTY MIDCAP SELECT,27 Aug 2018,-,-,-,4780.81,NIFTY MIDCAP SELECT
NIFTY MIDCAP SELECT,24 Aug 2018,-,-,-,4715.84,NIFTY MIDCAP SELECT
NIFTY MIDCAP SELECT,23 Aug 2018,-,-,-,4720.52,NIFTY MIDCAP SELECT
NIFTY MIDCAP SELECT,21 Aug 2018,-,-,-,4717.91,NIFTY MIDCAP SELECT
NIFTY MIDCAP SELECT,20 Aug 2018,-,-,-,4723.52,NIFTY MIDCAP SELECT
NIFTY MIDCAP SELECT,17 Aug 2018,-,-,-,4658.39,NIFTY MIDCAP SELECT
NIFTY MIDCAP SELECT,16 Aug 2018,-,-,-,4618.17,NIFTY MIDCAP SELECT
NIFTY MIDCAP SELECT,14 Aug 2018,-,-,-,4613.1,NIFTY MIDCAP SELECT
NIFTY MIDCAP SELECT,13 Aug 2018,-,-,-,4564.33,NIFTY MIDCAP SELECT
NIFTY MIDCAP SELECT,10 Aug 2018,-,-,-,4562.97,NIFTY MIDCAP SELECT
NIFTY MIDCAP SELECT,09 Aug 2018,-,-,-,4570.55,NIFTY MIDCAP SELECT
NIFTY MIDCAP SELECT,08 Aug 2018,-,-,-,4541.11,NIFTY MIDCAP SELECT
NIFTY MIDCAP SELECT,07 Aug 2018,-,-,-,4538.96,NIFTY MIDCAP SELECT
NIFTY MIDCAP SELECT,06 Aug 2018,-,-,-,4571.14,NIFTY MIDCAP SELECT
NIFTY MIDCAP SELECT,03 Aug 2018,-,-,-,4572.69,NIFTY MIDCAP SELECT
NIFTY MIDCAP SELECT,02 Aug 2018,-,-,-,4556.51,NIFTY MIDCAP SELECT
NIFTY MIDCAP SELECT,01 Aug 2018,-,-,-,4550.17,NIFTY MIDCAP SELECT
NIFTY MIDCAP SELECT,31 Jul 2018,-,-,-,4568.42,NIFTY MIDCAP SELECT
NIFTY MIDCAP SELECT,30 Jul 2018,-,-,-,4539.35,NIFTY MIDCAP SELECT
NIFTY MIDCAP SELECT,27 Jul 2018,-,-,-,4539.48,NIFTY MIDCAP SELECT
NIFTY MIDCAP SELECT,26 Jul 2018,-,-,-,4467.98,NIFTY MIDCAP SELECT
NIFTY MIDCAP SELECT,25 Jul 2018,-,-,-,4437.15,NIFTY MIDCAP SELECT
NIFTY MIDCAP SELECT,24 Jul 2018,-,-,-,4448.91,NIFTY MIDCAP SELECT
NIFTY MIDCAP SELECT,23 Jul 2018,-,-,-,4413.97,NIFTY MIDCAP SELECT
NIFTY MIDCAP SELECT,20 Jul 2018,-,-,-,4381.83,NIFTY MIDCAP SELECT
NIFTY MIDCAP SELECT,19 Jul 2018,-,-,-,4344.96,NIFTY MIDCAP SELECT
NIFTY MIDCAP SELECT,18 Jul 2018,-,-,-,4373.94,NIFTY MIDCAP SELECT
NIFTY MIDCAP SELECT,17 Jul 2018,-,-,-,4437.99,NIFTY MIDCAP SELECT
NIFTY MIDCAP SELECT,16 Jul 2018,-,-,-,4297.67,NIFTY MIDCAP SELECT
NIFTY MIDCAP SELECT,13 Jul 2018,-,-,-,4408.39,NIFTY MIDCAP SELECT
NIFTY MIDCAP SELECT,12 Jul 2018,-,-,-,4456.84,NIFTY MIDCAP SELECT
NIFTY MIDCAP SELECT,11 Jul 2018,-,-,-,4486.06,NIFTY MIDCAP SELECT
NIFTY MIDCAP SELECT,10 Jul 2018,-,-,-,4516.61,NIFTY MIDCAP SELECT
NIFTY MIDCAP SELECT,09 Jul 2018,-,-,-,4514.58,NIFTY MIDCAP SELECT
NIFTY MIDCAP SELECT,06 Jul 2018,-,-,-,4412.33,NIFTY MIDCAP SELECT
NIFTY MIDCAP SELECT,05 Jul 2018,-,-,-,4390.78,NIFTY MIDCAP SELECT
NIFTY MIDCAP SELECT,04 Jul 2018,-,-,-,4440.67,NIFTY MIDCAP SELECT
NIFTY MIDCAP SELECT,03 Jul 2018,-,-,-,4426.92,NIFTY MIDCAP SELECT
NIFTY MIDCAP SELECT,02 Jul 2018,-,-,-,4358.73,NIFTY MIDCAP SELECT
NIFTY MIDCAP SELECT,29 Jun 2018,-,-,-,4374.45,NIFTY MIDCAP SELECT
NIFTY MIDCAP SELECT,28 Jun 2018,-,-,-,4304.71,NIFTY MIDCAP SELECT
NIFTY MIDCAP SELECT,27 Jun 2018,-,-,-,4387.2,NIFTY MIDCAP SELECT
NIFTY MIDCAP SELECT,26 Jun 2018,-,-,-,4465.09,NIFTY MIDCAP SELECT
NIFTY MIDCAP SELECT,25 Jun 2018,-,-,-,4458.78,NIFTY MIDCAP SELECT
NIFTY MIDCAP SELECT,22 Jun 2018,-,-,-,4460.08,NIFTY MIDCAP SELECT
NIFTY MIDCAP SELECT,21 Jun 2018,-,-,-,4437.73,NIFTY MIDCAP SELECT
NIFTY MIDCAP SELECT,20 Jun 2018,-,-,-,4468.84,NIFTY MIDCAP SELECT
NIFTY MIDCAP SELECT,19 Jun 2018,-,-,-,4438.96,NIFTY MIDCAP SELECT
NIFTY MIDCAP SELECT,18 Jun 2018,-,-,-,4506.25,NIFTY MIDCAP SELECT
NIFTY MIDCAP SELECT,15 Jun 2018,-,-,-,4511.1,NIFTY MIDCAP SELECT
NIFTY MIDCAP SELECT,14 Jun 2018,-,-,-,4522.67,NIFTY MIDCAP SELECT
NIFTY MIDCAP SELECT,13 Jun 2018,-,-,-,4512.33,NIFTY MIDCAP SELECT
NIFTY MIDCAP SELECT,12 Jun 2018,-,-,-,4521.78,NIFTY MIDCAP SELECT
NIFTY MIDCAP SELECT,11 Jun 2018,-,-,-,4480.63,NIFTY MIDCAP SELECT
NIFTY MIDCAP SELECT,08 Jun 2018,-,-,-,4493.01,NIFTY MIDCAP SELECT
NIFTY MIDCAP SELECT,07 Jun 2018,-,-,-,4480.77,NIFTY MIDCAP SELECT
NIFTY MIDCAP SELECT,06 Jun 2018,-,-,-,4423.57,NIFTY MIDCAP SELECT
NIFTY MIDCAP SELECT,05 Jun 2018,-,-,-,4363.92,NIFTY MIDCAP SELECT
NIFTY MIDCAP SELECT,04 Jun 2018,-,-,-,4396.91,NIFTY MIDCAP SELECT
NIFTY MIDCAP SELECT,01 Jun 2018,-,-,-,4439.01,NIFTY MIDCAP SELECT
NIFTY MIDCAP SELECT,31 May 2018,-,-,-,4501.31,NIFTY MIDCAP SELECT
NIFTY MIDCAP SELECT,30 May 2018,-,-,-,4520.28,NIFTY MIDCAP SELECT
NIFTY MIDCAP SELECT,29 May 2018,-,-,-,4519.84,NIFTY MIDCAP SELECT
NIFTY MIDCAP SELECT,28 May 2018,-,-,-,4541.6,NIFTY MIDCAP SELECT
NIFTY MIDCAP SELECT,25 May 2018,-,-,-,4494.5,NIFTY MIDCAP SELECT
NIFTY MIDCAP SELECT,24 May 2018,-,-,-,4360.45,NIFTY MIDCAP SELECT
NIFTY MIDCAP SELECT,23 May 2018,-,-,-,4399.71,NIFTY MIDCAP SELECT
NIFTY MIDCAP SELECT,22 May 2018,-,-,-,4425.7,NIFTY MIDCAP SELECT
NIFTY MIDCAP SELECT,21 May 2018,-,-,-,4401.13,NIFTY MIDCAP SELECT
NIFTY MIDCAP SELECT,18 May 2018,-,-,-,4484.88,NIFTY MIDCAP SELECT
NIFTY MIDCAP SELECT,17 May 2018,-,-,-,4538.59,NIFTY MIDCAP SELECT
NIFTY MIDCAP SELECT,16 May 2018,-,-,-,4539.33,NIFTY MIDCAP SELECT
NIFTY MIDCAP SELECT,15 May 2018,-,-,-,4565.46,NIFTY MIDCAP SELECT
NIFTY MIDCAP SELECT,14 May 2018,-,-,-,4614.63,NIFTY MIDCAP SELECT
NIFTY MIDCAP SELECT,11 May 2018,-,-,-,4667.78,NIFTY MIDCAP SELECT
NIFTY MIDCAP SELECT,10 May 2018,-,-,-,4631.15,NIFTY MIDCAP SELECT
NIFTY MIDCAP SELECT,09 May 2018,-,-,-,4707.06,NIFTY MIDCAP SELECT
NIFTY MIDCAP SELECT,08 May 2018,-,-,-,4752.38,NIFTY MIDCAP SELECT
NIFTY MIDCAP SELECT,07 May 2018,-,-,-,4759.39,NIFTY MIDCAP SELECT
NIFTY MIDCAP SELECT,04 May 2018,-,-,-,4719.18,NIFTY MIDCAP SELECT
NIFTY MIDCAP SELECT,03 May 2018,-,-,-,4732.57,NIFTY MIDCAP SELECT
NIFTY MIDCAP SELECT,02 May 2018,-,-,-,4794.77,NIFTY MIDCAP SELECT
NIFTY MIDCAP SELECT,30 Apr 2018,-,-,-,4858.57,NIFTY MIDCAP SELECT
NIFTY MIDCAP SELECT,27 Apr 2018,-,-,-,4818.88,NIFTY MIDCAP SELECT
NIFTY MIDCAP SELECT,26 Apr 2018,-,-,-,4757.99,NIFTY MIDCAP SELECT
NIFTY MIDCAP SELECT,25 Apr 2018,-,-,-,4740.14,NIFTY MIDCAP SELECT
NIFTY MIDCAP SELECT,24 Apr 2018,-,-,-,4758.37,NIFTY MIDCAP SELECT
NIFTY MIDCAP SELECT,23 Apr 2018,-,-,-,4761.16,NIFTY MIDCAP SELECT
NIFTY MIDCAP SELECT,20 Apr 2018,-,-,-,4751.31,NIFTY MIDCAP SELECT
NIFTY MIDCAP SELECT,19 Apr 2018,-,-,-,4765.52,NIFTY MIDCAP SELECT
NIFTY MIDCAP SELECT,18 Apr 2018,-,-,-,4741.9,NIFTY MIDCAP SELECT
NIFTY MIDCAP SELECT,17 Apr 2018,-,-,-,4745.93,NIFTY MIDCAP SELECT
NIFTY MIDCAP SELECT,16 Apr 2018,-,-,-,4741.88,NIFTY MIDCAP SELECT
NIFTY MIDCAP SELECT,13 Apr 2018,-,-,-,4703.18,NIFTY MIDCAP SELECT
NIFTY MIDCAP SELECT,12 Apr 2018,-,-,-,4677.65,NIFTY MIDCAP SELECT
NIFTY MIDCAP SELECT,11 Apr 2018,-,-,-,4678.81,NIFTY MIDCAP SELECT
NIFTY MIDCAP SELECT,10 Apr 2018,-,-,-,4672.99,NIFTY MIDCAP SELECT
NIFTY MIDCAP SELECT,09 Apr 2018,-,-,-,4676.02,NIFTY MIDCAP SELECT
NIFTY MIDCAP SELECT,06 Apr 2018,-,-,-,4641.87,NIFTY MIDCAP SELECT
NIFTY MIDCAP SELECT,05 Apr 2018,-,-,-,4618.2,NIFTY MIDCAP SELECT
NIFTY MIDCAP SELECT,04 Apr 2018,-,-,-,4523.38,NIFTY MIDCAP SELECT
NIFTY MIDCAP SELECT,03 Apr 2018,-,-,-,4569.13,NIFTY MIDCAP SELECT
NIFTY MIDCAP SELECT,02 Apr 2018,-,-,-,4530.43,NIFTY MIDCAP SELECT
NIFTY MIDCAP SELECT,28 Mar 2018,-,-,-,4441.72,NIFTY MIDCAP SELECT
NIFTY MIDCAP SELECT,27 Mar 2018,-,-,-,4456.83,NIFTY MIDCAP SELECT
NIFTY MIDCAP SELECT,26 Mar 2018,-,-,-,4385.14,NIFTY MIDCAP SELECT
NIFTY MIDCAP SELECT,23 Mar 2018,-,-,-,4322.19,NIFTY MIDCAP SELECT
NIFTY MIDCAP SELECT,22 Mar 2018,-,-,-,4368.53,NIFTY MIDCAP SELECT
NIFTY MIDCAP SELECT,21 Mar 2018,-,-,-,4403.44,NIFTY MIDCAP SELECT
NIFTY MIDCAP SELECT,20 Mar 2018,-,-,-,4388.15,NIFTY MIDCAP SELECT
NIFTY MIDCAP SELECT,19 Mar 2018,-,-,-,4371.91,NIFTY MIDCAP SELECT
NIFTY MIDCAP SELECT,16 Mar 2018,-,-,-,4460.05,NIFTY MIDCAP SELECT
NIFTY MIDCAP SELECT,15 Mar 2018,-,-,-,4514.51,NIFTY MIDCAP SELECT
NIFTY MIDCAP SELECT,14 Mar 2018,-,-,-,4509.85,NIFTY MIDCAP SELECT
NIFTY MIDCAP SELECT,13 Mar 2018,-,-,-,4513.69,NIFTY MIDCAP SELECT
NIFTY MIDCAP SELECT,12 Mar 2018,-,-,-,4490.29,NIFTY MIDCAP SELECT
NIFTY MIDCAP SELECT,09 Mar 2018,-,-,-,4458.08,NIFTY MIDCAP SELECT
NIFTY MIDCAP SELECT,08 Mar 2018,-,-,-,4465.7,NIFTY MIDCAP SELECT
NIFTY MIDCAP SELECT,07 Mar 2018,-,-,-,4418.55,NIFTY MIDCAP SELECT
NIFTY MIDCAP SELECT,06 Mar 2018,-,-,-,4490.84,NIFTY MIDCAP SELECT
NIFTY MIDCAP SELECT,05 Mar 2018,-,-,-,4514.9,NIFTY MIDCAP SELECT
NIFTY MIDCAP SELECT,01 Mar 2018,-,-,-,4556.83,NIFTY MIDCAP SELECT
NIFTY MIDCAP SELECT,28 Feb 2018,-,-,-,4575.32,NIFTY MIDCAP SELECT
NIFTY MIDCAP SELECT,27 Feb 2018,-,-,-,4574.28,NIFTY MIDCAP SELECT
NIFTY MIDCAP SELECT,26 Feb 2018,-,-,-,4597.26,NIFTY MIDCAP SELECT
NIFTY MIDCAP SELECT,23 Feb 2018,-,-,-,4544.55,NIFTY MIDCAP SELECT
NIFTY MIDCAP SELECT,22 Feb 2018,-,-,-,4432.97,NIFTY MIDCAP SELECT
NIFTY MIDCAP SELECT,21 Feb 2018,-,-,-,4449.74,NIFTY MIDCAP SELECT
NIFTY MIDCAP SELECT,20 Feb 2018,-,-,-,4431.01,NIFTY MIDCAP SELECT
NIFTY MIDCAP SELECT,19 Feb 2018,-,-,-,4433.97,NIFTY MIDCAP SELECT
NIFTY MIDCAP SELECT,16 Feb 2018,-,-,-,4491.54,NIFTY MIDCAP SELECT
NIFTY MIDCAP SELECT,15 Feb 2018,-,-,-,4543.52,NIFTY MIDCAP SELECT
NIFTY MIDCAP SELECT,14 Feb 2018,-,-,-,4579.58,NIFTY MIDCAP SELECT
NIFTY MIDCAP SELECT,12 Feb 2018,-,-,-,4567.13,NIFTY MIDCAP SELECT
NIFTY MIDCAP SELECT,09 Feb 2018,-,-,-,4500.4,NIFTY MIDCAP SELECT
NIFTY MIDCAP SELECT,08 Feb 2018,-,-,-,4515.42,NIFTY MIDCAP SELECT
NIFTY MIDCAP SELECT,07 Feb 2018,-,-,-,4401.06,NIFTY MIDCAP SELECT
NIFTY MIDCAP SELECT,06 Feb 2018,-,-,-,4369.51,NIFTY MIDCAP SELECT
NIFTY MIDCAP SELECT,05 Feb 2018,-,-,-,4420.1,NIFTY MIDCAP SELECT
NIFTY MIDCAP SELECT,02 Feb 2018,-,-,-,4414.06,NIFTY MIDCAP SELECT
NIFTY MIDCAP SELECT,01 Feb 2018,-,-,-,4614.31,NIFTY MIDCAP SELECT
NIFTY MIDCAP SELECT,31 Jan 2018,-,-,-,4619.2,NIFTY MIDCAP SELECT
NIFTY MIDCAP SELECT,30 Jan 2018,-,-,-,4661.03,NIFTY MIDCAP SELECT
NIFTY MIDCAP SELECT,29 Jan 2018,-,-,-,4673.51,NIFTY MIDCAP SELECT
NIFTY MIDCAP SELECT,25 Jan 2018,-,-,-,4684.68,NIFTY MIDCAP SELECT
NIFTY MIDCAP SELECT,24 Jan 2018,-,-,-,4737.64,NIFTY MIDCAP SELECT
NIFTY MIDCAP SELECT,23 Jan 2018,-,-,-,4761.17,NIFTY MIDCAP SELECT
NIFTY MIDCAP SELECT,22 Jan 2018,-,-,-,4714.98,NIFTY MIDCAP SELECT
NIFTY MIDCAP SELECT,19 Jan 2018,-,-,-,4676.15,NIFTY MIDCAP SELECT
NIFTY MIDCAP SELECT,18 Jan 2018,-,-,-,4641.01,NIFTY MIDCAP SELECT
NIFTY MIDCAP SELECT,17 Jan 2018,-,-,-,4735.64,NIFTY MIDCAP SELECT
NIFTY MIDCAP SELECT,16 Jan 2018,-,-,-,4712.62,NIFTY MIDCAP SELECT
NIFTY MIDCAP SELECT,15 Jan 2018,-,-,-,4830.65,NIFTY MIDCAP SELECT
NIFTY MIDCAP SELECT,12 Jan 2018,-,-,-,4853.39,NIFTY MIDCAP SELECT
NIFTY MIDCAP SELECT,11 Jan 2018,-,-,-,4852.47,NIFTY MIDCAP SELECT
NIFTY MIDCAP SELECT,10 Jan 2018,-,-,-,4827.75,NIFTY MIDCAP SELECT
NIFTY MIDCAP SELECT,09 Jan 2018,-,-,-,4881.43,NIFTY MIDCAP SELECT
NIFTY MIDCAP SELECT,08 Jan 2018,-,-,-,4909.49,NIFTY MIDCAP SELECT
NIFTY MIDCAP SELECT,05 Jan 2018,-,-,-,4853.31,NIFTY MIDCAP SELECT
NIFTY MIDCAP SELECT,04 Jan 2018,-,-,-,4786.18,NIFTY MIDCAP SELECT
NIFTY MIDCAP SELECT,03 Jan 2018,-,-,-,4772.66,NIFTY MIDCAP SELECT
NIFTY MIDCAP SELECT,02 Jan 2018,-,-,-,4758.3,NIFTY MIDCAP SELECT
NIFTY MIDCAP SELECT,01 Jan 2018,-,-,-,4792.43,NIFTY MIDCAP SELECT
NIFTY SMALLCAP 500,31 Dec 2018,-,-,-,5721.29,NIFTY SMALLCAP 500
NIFTY SMALLCAP 500,28 Dec 2018,-,-,-,5677.07,NIFTY SMALLCAP 500
NIFTY SMALLCAP 500,27 Dec 2018,-,-,-,5630.64,NIFTY SMALLCAP 500
NIFTY SMALLCAP 500,26 Dec 2018,-,-,-,5620.19,NIFTY SMALLCAP 500
NIFTY SMALLCAP 500,24 Dec 2018,-,-,-,5631.43,NIFTY SMALLCAP 500
NIFTY SMALLCAP 500,21 Dec 2018,-,-,-,5689.92,NIFTY SMALLCAP 500
NIFTY SMALLCAP 500,20 Dec 2018,-,-,-,5744.96,NIFTY SMALLCAP 500
NIFTY SMALLCAP 500,19 Dec 2018,-,-,-,5735.81,NIFTY SMALLCAP 500
NIFTY SMALLCAP 500,18 Dec 2018,-,-,-,5670.53,NIFTY SMALLCAP 500
NIFTY SMALLCAP 500,17 Dec 2018,-,-,-,5641.58,NIFTY SMALLCAP 500
NIFTY SMALLCAP 500,14 Dec 2018,-,-,-,5619.94,NIFTY SMALLCAP 500
NIFTY SMALLCAP 500,13 Dec 2018,-,-,-,5620.36,NIFTY SMALLCAP 500
NIFTY SMALLCAP 500,12 Dec 2018,-,-,-,5583.45,NIFTY SMALLCAP 500
NIFTY SMALLCAP 500,11 Dec 2018,-,-,-,5442.07,NIFTY SMALLCAP 500
NIFTY SMALLCAP 500,10 Dec 2018,-,-,-,5368.57,NIFTY SMALLCAP 500
NIFTY SMALLCAP 500,07 Dec 2018,-,-,-,5469.52,NIFTY SMALLCAP 500
NIFTY SMALLCAP 500,06 Dec 2018,-,-,-,5473.67,NIFTY SMALLCAP 500
NIFTY SMALLCAP 500,05 Dec 2018,-,-,-,5547.28,NIFTY SMALLCAP 500
NIFTY SMALLCAP 500,04 Dec 2018,-,-,-,5617.7,NIFTY SMALLCAP 500
NIFTY SMALLCAP 500,03 Dec 2018,-,-,-,5611.14,NIFTY SMALLCAP 500
NIFTY SMALLCAP 500,30 Nov 2018,-,-,-,5584.26,NIFTY SMALLCAP 500
NIFTY SMALLCAP 500,29 Nov 2018,-,-,-,5564.9,NIFTY SMALLCAP 500
NIFTY SMALLCAP 500,28 Nov 2018,-,-,-,5562.86,NIFTY SMALLCAP 500
NIFTY SMALLCAP 500,27 Nov 2018,-,-,-,5622.86,NIFTY SMALLCAP 500
NIFTY SMALLCAP 500,26 Nov 2018,-,-,-,5608.09,NIFTY SMALLCAP 500
NIFTY SMALLCAP 500,22 Nov 2018,-,-,-,5631.74,NIFTY SMALLCAP 500
NIFTY SMALLCAP 500,21 Nov 2018,-,-,-,5650.84,NIFTY SMALLCAP 500
NIFTY SMALLCAP 500,20 Nov 2018,-,-,-,5641.7,NIFTY SMALLCAP 500
NIFTY SMALLCAP 500,19 Nov 2018,-,-,-,5707.36,NIFTY SMALLCAP 500
NIFTY SMALLCAP 500,16 Nov 2018,-,-,-,5689.15,NIFTY SMALLCAP 500
NIFTY SMALLCAP 500,15 Nov 2018,-,-,-,5705.6,NIFTY SMALLCAP 500
NIFTY SMALLCAP 500,14 Nov 2018,-,-,-,5713.14,NIFTY SMALLCAP 500
NIFTY SMALLCAP 500,13 Nov 2018,-,-,-,5726.48,NIFTY SMALLCAP 500
NIFTY SMALLCAP 500,12 Nov 2018,-,-,-,5717.02,NIFTY SMALLCAP 500
NIFTY SMALLCAP 500,09 Nov 2018,-,-,-,5759.47,NIFTY SMALLCAP 500
NIFTY SMALLCAP 500,07 Nov 2018,-,-,-,5728.67,NIFTY SMALLCAP 500
NIFTY SMALLCAP 500,06 Nov 2018,-,-,-,5662.03,NIFTY SMALLCAP 500
NIFTY SMALLCAP 500,05 Nov 2018,-,-,-,5665.56,NIFTY SMALLCAP 500
NIFTY SMALLCAP 500,02 Nov 2018,-,-,-,5679.54,NIFTY SMALLCAP 500
NIFTY SMALLCAP 500,01 Nov 2018,-,-,-,5623.06,NIFTY SMALLCAP 500
NIFTY SMALLCAP 500,31 Oct 2018,-,-,-,5562.78,NIFTY SMALLCAP 500
NIFTY SMALLCAP 500,30 Oct 2018,-,-,-,5498.4,NIFTY SMALLCAP 500
NIFTY SMALLCAP 500,29 Oct 2018,-,-,-,5435.27,NIFTY SMALLCAP 500
NIFTY SMALLCAP 500,26 Oct 2018,-,-,-,5322.34,NIFTY SMALLCAP 500
NIFTY SMALLCAP 500,25 Oct 2018,-,-,-,5325.07,NIFTY SMALLCAP 500
NIFTY SMALLCAP 500,24 Oct 2018,-,-,-,5374.67,NIFTY SMALLCAP 500
NIFTY SMALLCAP 500,23 Oct 2018,-,-,-,5341.97,NIFTY SMALLCAP 500
NIFTY SMALLCAP 500,22 Oct 2018,-,-,-,5417.84,NIFTY SMALLCAP 500
NIFTY SMALLCAP 500,19 Oct 2018,-,-,-,5511.01,NIFTY SMALLCAP 500
NIFTY SMALLCAP 500,17 Oct 2018,-,-,-,5574.02,NIFTY SMALLCAP 500
NIFTY SMALLCAP 500,16 Oct 2018,-,-,-,5709.0,NIFTY SMALLCAP 500
NIFTY SMALLCAP 500,15 Oct 2018,-,-,-,5623.21,NIFTY SMALLCAP 500
NIFTY SMALLCAP 500,12 Oct 2018,-,-,-,5544.36,NIFTY SMALLCAP 500
NIFTY SMALLCAP 500,11 Oct 2018,-,-,-,5407.25,NIFTY SMALLCAP 500
NIFTY SMALLCAP 500,10 Oct 2018,-,-,-,5496.82,NIFTY SMALLCAP 500
NIFTY SMALLCAP 500,09 Oct 2018,-,-,-,5301.16,NIFTY SMALLCAP 500
NIFTY SMALLCAP 500,08 Oct 2018,-,-,-,5326.77,NIFTY SMALLCAP 500
NIFTY SMALLCAP 500,05 Oct 2018,-,-,-,5432.83,NIFTY SMALLCAP 500
NIFTY SMALLCAP 500,04 Oct 2018,-,-,-,5550.34,NIFTY SMALLCAP 500
NIFTY SMALLCAP 500,03 Oct 2018,-,-,-,5664.77,NIFTY SMALLCAP 500
NIFTY SMALLCAP 500,01 Oct 2018,-,-,-,5631.45,NIFTY SMALLCAP 500
NIFTY SMALLCAP 500,28 Sep 2018,-,-,-,5638.11,NIFTY SMALLCAP 500
NIFTY SMALLCAP 500,27 Sep 2018,-,-,-,5867.8,NIFTY SMALLCAP 500
NIFTY SMALLCAP 500,26 Sep 2018,-,-,-,5979.49,NIFTY SMALLCAP 500
NIFTY SMALLCAP 500,25 Sep 2018,-,-,-,5979.35,NIFTY SMALLCAP 500
NIFTY SMALLCAP 500,24 Sep 2018,-,-,-,6022.82,NIFTY SMALLCAP 500
NIFTY SMALLCAP 500,21 Sep 2018,-,-,-,6182.98,NIFTY SMALLCAP 500
NIFTY SMALLCAP 500,19 Sep 2018,-,-,-,6358.77,NIFTY SMALLCAP 500
NIFTY SMALLCAP 500,18 Sep 2018,-,-,-,6410.37,NIFTY SMALLCAP 500
NIFTY SMALLCAP 500,17 Sep 2018,-,-,-,6511.39,NIFTY SMALLCAP 500
NIFTY SMALLCAP 500,14 Sep 2018,-,-,-,6507.6,NIFTY SMALLCAP 500
NIFTY SMALLCAP 500,12 Sep 2018,-,-,-,6425.76,NIFTY SMALLCAP 500
NIFTY SMALLCAP 500,11 Sep 2018,-,-,-,6442.38,NIFTY SMALLCAP 500
NIFTY SMALLCAP 500,10 Sep 2018,-,-,-,6523.8,NIFTY SMALLCAP 500
NIFTY SMALLCAP 500,07 Sep 2018,-,-,-,6595.79,NIFTY SMALLCAP 500
NIFTY SMALLCAP 500,06 Sep 2018,-,-,-,6565.18,NIFTY SMALLCAP 500
NIFTY SMALLCAP 500,05 Sep 2018,-,-,-,6532.18,NIFTY SMALLCAP 500
NIFTY SMALLCAP 500,04 Sep 2018,-,-,-,6548.71,NIFTY SMALLCAP 500
NIFTY SMALLCAP 500,03 Sep 2018,-,-,-,6677.22,NIFTY SMALLCAP 500
NIFTY SMALLCAP 500,31 Aug 2018,-,-,-,6684.59,NIFTY SMALLCAP 500
NIFTY SMALLCAP 500,30 Aug 2018,-,-,-,6647.86,NIFTY SMALLCAP 500
NIFTY SMALLCAP 500,29 Aug 2018,-,-,-,6616.46,NIFTY SMALLCAP 500
NIFTY SMALLCAP 500,28 Aug 2018,-,-,-,6606.6,NIFTY SMALLCAP 500
NIFTY SMALLCAP 500,27 Aug 2018,-,-,-,6586.92,NIFTY SMALLCAP 500
NIFTY SMALLCAP 500,24 Aug 2018,-,-,-,6549.73,NIFTY SMALLCAP 500
NIFTY SMALLCAP 500,23 Aug 2018,-,-,-,6568.34,NIFTY SMALLCAP 500
NIFTY SMALLCAP 500,21 Aug 2018,-,-,-,6578.3,NIFTY SMALLCAP 500
NIFTY SMALLCAP 500,20 Aug 2018,-,-,-,6552.54,NIFTY SMALLCAP 500
NIFTY SMALLCAP 500,17 Aug 2018,-,-,-,6536.4,NIFTY SMALLCAP 500
NIFTY SMALLCAP 500,16 Aug 2018,-,-,-,6481.34,NIFTY SMALLCAP 500
NIFTY SMALLCAP 500,14 Aug 2018,-,-,-,6488.38,NIFTY SMALLCAP 500
NIFTY SMALLCAP 500,13 Aug 2018,-,-,-,6457.45,NIFTY SMALLCAP 500
NIFTY SMALLCAP 500,10 Aug 2018,-,-,-,6508.47,NIFTY SMALLCAP 500
NIFTY SMALLCAP 500,09 Aug 2018,-,-,-,6568.64,NIFTY SMALLCAP 500
NIFTY SMALLCAP 500,08 Aug 2018,-,-,-,6543.99,NIFTY SMALLCAP 500
NIFTY SMALLCAP 500,07 Aug 2018,-,-,-,6527.4,NIFTY SMALLCAP 500
NIFTY SMALLCAP 500,06 Aug 2018,-,-,-,6555.69,NIFTY SMALLCAP 500
NIFTY SMALLCAP 500,03 Aug 2018,-,-,-,6531.79,NIFTY SMALLCAP 500
NIFTY SMALLCAP 500,02 Aug 2018,-,-,-,6450.52,NIFTY SMALLCAP 500
NIFTY SMALLCAP 500,01 Aug 2018,-,-,-,6451.32,NIFTY SMALLCAP 500
NIFTY SMALLCAP 500,31 Jul 2018,-,-,-,6427.73,NIFTY SMALLCAP 500
NIFTY SMALLCAP 500,30 Jul 2018,-,-,-,6412.11,NIFTY SMALLCAP 500
NIFTY SMALLCAP 500,27 Jul 2018,-,-,-,6373.39,NIFTY SMALLCAP 500
NIFTY SMALLCAP 500,26 Jul 2018,-,-,-,6313.75,NIFTY SMALLCAP 500
NIFTY SMALLCAP 500,25 Jul 2018,-,-,-,6295.69,NIFTY SMALLCAP 500
NIFTY SMALLCAP 500,24 Jul 2018,-,-,-,6288.5,NIFTY SMALLCAP 500
NIFTY SMALLCAP 500,23 Jul 2018,-,-,-,6150.67,NIFTY SMALLCAP 500
NIFTY SMALLCAP 500,20 Jul 2018,-,-,-,6098.97,NIFTY SMALLCAP 500
NIFTY SMALLCAP 500,19 Jul 2018,-,-,-,6082.9,NIFTY SMALLCAP 500
NIFTY SMALLCAP 500,18 Jul 2018,-,-,-,6147.95,NIFTY SMALLCAP 500
NIFTY SMALLCAP 500,17 Jul 2018,-,-,-,6211.81,NIFTY SMALLCAP 500
NIFTY SMALLCAP 500,16 Jul 2018,-,-,-,6158.46,NIFTY SMALLCAP 500
NIFTY SMALLCAP 500,13 Jul 2018,-,-,-,6310.08,NIFTY SMALLCAP 500
NIFTY SMALLCAP 500,12 Jul 2018,-,-,-,6402.94,NIFTY SMALLCAP 500
NIFTY SMALLCAP 500,11 Jul 2018,-,-,-,6411.04,NIFTY SMALLCAP 500
NIFTY SMALLCAP 500,10 Jul 2018,-,-,-,6433.72,NIFTY SMALLCAP 500
NIFTY SMALLCAP 500,09 Jul 2018,-,-,-,6371.22,NIFTY SMALLCAP 500
NIFTY SMALLCAP 500,06 Jul 2018,-,-,-,6264.55,NIFTY SMALLCAP 500
NIFTY SMALLCAP 500,05 Jul 2018,-,-,-,6236.61,NIFTY SMALLCAP 500
NIFTY SMALLCAP 500,04 Jul 2018,-,-,-,6272.48,NIFTY SMALLCAP 500
NIFTY SMALLCAP 500,03 Jul 2018,-,-,-,6251.52,NIFTY SMALLCAP 500
NIFTY SMALLCAP 500,02 Jul 2018,-,-,-,6220.75,NIFTY SMALLCAP 500
NIFTY SMALLCAP 500,29 Jun 2018,-,-,-,6273.34,NIFTY SMALLCAP 500
NIFTY SMALLCAP 500,28 Jun 2018,-,-,-,6150.02,NIFTY SMALLCAP 500
NIFTY SMALLCAP 500,27 Jun 2018,-,-,-,6239.81,NIFTY SMALLCAP 500
NIFTY SMALLCAP 500,26 Jun 2018,-,-,-,6362.91,NIFTY SMALLCAP 500
NIFTY SMALLCAP 500,25 Jun 2018,-,-,-,6407.65,NIFTY SMALLCAP 500
NIFTY SMALLCAP 500,22 Jun 2018,-,-,-,6457.85,NIFTY SMALLCAP 500
NIFTY SMALLCAP 500,21 Jun 2018,-,-,-,6457.11,NIFTY SMALLCAP 500
NIFTY SMALLCAP 500,20 Jun 2018,-,-,-,6516.66,NIFTY SMALLCAP 500
NIFTY SMALLCAP 500,19 Jun 2018,-,-,-,6502.13,NIFTY SMALLCAP 500
NIFTY SMALLCAP 500,18 Jun 2018,-,-,-,6583.36,NIFTY SMALLCAP 500
NIFTY SMALLCAP 500,15 Jun 2018,-,-,-,6628.79,NIFTY SMALLCAP 500
NIFTY SMALLCAP 500,14 Jun 2018,-,-,-,6657.24,NIFTY SMALLCAP 500
NIFTY SMALLCAP 500,13 Jun 2018,-,-,-,6662.74,NIFTY SMALLCAP 500
NIFTY SMALLCAP 500,12 Jun 2018,-,-,-,6674.47,NIFTY SMALLCAP 500
NIFTY SMALLCAP 500,11 Jun 2018,-,-,-,6637.9,NIFTY SMALLCAP 500
NIFTY SMALLCAP 500,08 Jun 2018,-,-,-,6600.84,NIFTY SMALLCAP 500
NIFTY SMALLCAP 500,07 Jun 2018,-,-,-,6559.7,NIFTY SMALLCAP 500
NIFTY SMALLCAP 500,06 Jun 2018,-,-,-,6434.58,NIFTY SMALLCAP 500
NIFTY SMALLCAP 500,05 Jun 2018,-,-,-,6335.56,NIFTY SMALLCAP 500
NIFTY SMALLCAP 500,04 Jun 2018,-,-,-,6504.97,NIFTY SMALLCAP 500
NIFTY SMALLCAP 500,01 Jun 2018,-,-,-,6653.03,NIFTY SMALLCAP 500
NIFTY SMALLCAP 500,31 May 2018,-,-,-,6753.49,NIFTY SMALLCAP 500
NIFTY SMALLCAP 500,30 May 2018,-,-,-,6797.45,NIFTY SMALLCAP 500
NIFTY SMALLCAP 500,29 May 2018,-,-,-,6809.96,NIFTY SMALLCAP 500
NIFTY SMALLCAP 500,28 May 2018,-,-,-,6823.08,NIFTY SMALLCAP 500
NIFTY SMALLCAP 500,25 May 2018,-,-,-,6728.25,NIFTY SMALLCAP 500
NIFTY SMALLCAP 500,24 May 2018,-,-,-,6656.19,NIFTY SMALLCAP 500
NIFTY SMALLCAP 500,23 May 2018,-,-,-,6664.76,NIFTY SMALLCAP 500
NIFTY SMALLCAP 500,22 May 2018,-,-,-,6687.85,NIFTY SMALLCAP 500
NIFTY SMALLCAP 500,21 May 2018,-,-,-,6619.34,NIFTY SMALLCAP 500
NIFTY SMALLCAP 500,18 May 2018,-,-,-,6765.16,NIFTY SMALLCAP 500
NIFTY SMALLCAP 500,17 May 2018,-,-,-,6889.49,NIFTY SMALLCAP 500
NIFTY SMALLCAP 500,16 May 2018,-,-,-,6851.25,NIFTY SMALLCAP 500
NIFTY SMALLCAP 500,15 May 2018,-,-,-,6848.66,NIFTY SMALLCAP 500
NIFTY SMALLCAP 500,14 May 2018,-,-,-,6895.25,NIFTY SMALLCAP 500
NIFTY SMALLCAP 500,11 May 2018,-,-,-,6970.32,NIFTY SMALLCAP 500
NIFTY SMALLCAP 500,10 May 2018,-,-,-,6976.22,NIFTY SMALLCAP 500
NIFTY SMALLCAP 500,09 May 2018,-,-,-,7080.16,NIFTY SMALLCAP 500
NIFTY SMALLCAP 500,08 May 2018,-,-,-,7098.43,NIFTY SMALLCAP 500
NIFTY SMALLCAP 500,07 May 2018,-,-,-,7085.31,NIFTY SMALLCAP 500
NIFTY SMALLCAP 500,04 May 2018,-,-,-,7058.88,NIFTY SMALLCAP 500
NIFTY SMALLCAP 500,03 May 2018,-,-,-,7076.67,NIFTY SMALLCAP 500
NIFTY SMALLCAP 500,02 May 2018,-,-,-,7138.26,NIFTY SMALLCAP 500
NIFTY SMALLCAP 500,30 Apr 2018,-,-,-,7212.56,NIFTY SMALLCAP 500
NIFTY SMALLCAP 500,27 Apr 2018,-,-,-,7148.42,NIFTY SMALLCAP 500
NIFTY SMALLCAP 500,26 Apr 2018,-,-,-,7121.06,NIFTY SMALLCAP 500
NIFTY SMALLCAP 500,25 Apr 2018,-,-,-,7107.96,NIFTY SMALLCAP 500
NIFTY SMALLCAP 500,24 Apr 2018,-,-,-,7173.53,NIFTY SMALLCAP 500
NIFTY SMALLCAP 500,23 Apr 2018,-,-,-,7185.55,NIFTY SMALLCAP 500
NIFTY SMALLCAP 500,20 Apr 2018,-,-,-,7157.72,NIFTY SMALLCAP 500
NIFTY SMALLCAP 500,19 Apr 2018,-,-,-,7140.49,NIFTY SMALLCAP 500
NIFTY SMALLCAP 500,18 Apr 2018,-,-,-,7084.84,NIFTY SMALLCAP 500
NIFTY SMALLCAP 500,17 Apr 2018,-,-,-,7105.88,NIFTY SMALLCAP 500
NIFTY SMALLCAP 500,16 Apr 2018,-,-,-,7087.51,NIFTY SMALLCAP 500
NIFTY SMALLCAP 500,13 Apr 2018,-,-,-,7069.55,NIFTY SMALLCAP 500
NIFTY SMALLCAP 500,12 Apr 2018,-,-,-,7055.16,NIFTY SMALLCAP 500
NIFTY SMALLCAP 500,11 Apr 2018,-,-,-,7076.84,NIFTY SMALLCAP 500
NIFTY SMALLCAP 500,10 Apr 2018,-,-,-,7070.37,NIFTY SMALLCAP 500
NIFTY SMALLCAP 500,09 Apr 2018,-,-,-,7067.78,NIFTY SMALLCAP 500
NIFTY SMALLCAP 500,06 Apr 2018,-,-,-,7046.79,NIFTY SMALLCAP 500
NIFTY SMALLCAP 500,05 Apr 2018,-,-,-,7005.09,NIFTY SMALLCAP 500
NIFTY SMALLCAP 500,04 Apr 2018,-,-,-,6878.39,NIFTY SMALLCAP 500
NIFTY SMALLCAP 500,03 Apr 2018,-,-,-,6946.56,NIFTY SMALLCAP 500
NIFTY SMALLCAP 500,02 Apr 2018,-,-,-,6856.66,NIFTY SMALLCAP 500
NIFTY SMALLCAP 500,28 Mar 2018,-,-,-,6702.09,NIFTY SMALLCAP 500
NIFTY SMALLCAP 500,27 Mar 2018,-,-,-,6782.93,NIFTY SMALLCAP 500
NIFTY SMALLCAP 500,26 Mar 2018,-,-,-,6682.05,NIFTY SMALLCAP 500
NIFTY SMALLCAP 500,23 Mar 2018,-,-,-,6645.5,NIFTY SMALLCAP 500
NIFTY SMALLCAP 500,22 Mar 2018,-,-,-,6759.18,NIFTY SMALLCAP 500
NIFTY SMALLCAP 500,21 Mar 2018,-,-,-,6848.59,NIFTY SMALLCAP 500
NIFTY SMALLCAP 500,20 Mar 2018,-,-,-,6822.19,NIFTY SMALLCAP 500
NIFTY SMALLCAP 500,19 Mar 2018,-,-,-,6842.7,NIFTY SMALLCAP 500
NIFTY SMALLCAP 500,16 Mar 2018,-,-,-,6988.04,NIFTY SMALLCAP 500
NIFTY SMALLCAP 500,15 Mar 2018,-,-,-,7061.45,NIFTY SMALLCAP 500
NIFTY SMALLCAP 500,14 Mar 2018,-,-,-,6985.64,NIFTY SMALLCAP 500
NIFTY SMALLCAP 500,13 Mar 2018,-,-,-,6983.84,NIFTY SMALLCAP 500
NIFTY SMALLCAP 500,12 Mar 2018,-,-,-,6897.94,NIFTY SMALLCAP 500
NIFTY SMALLCAP 500,09 Mar 2018,-,-,-,6867.77,NIFTY SMALLCAP 500
NIFTY SMALLCAP 500,08 Mar 2018,-,-,-,6898.76,NIFTY SMALLCAP 500
NIFTY SMALLCAP 500,07 Mar 2018,-,-,-,6873.29,NIFTY SMALLCAP 500
NIFTY SMALLCAP 500,06 Mar 2018,-,-,-,7037.95,NIFTY SMALLCAP 500
NIFTY SMALLCAP 500,05 Mar 2018,-,-,-,7135.15,NIFTY SMALLCAP 500
NIFTY SMALLCAP 500,01 Mar 2018,-,-,-,7224.0,NIFTY SMALLCAP 500
NIFTY SMALLCAP 500,28 Feb 2018,-,-,-,7245.77,NIFTY SMALLCAP 500
NIFTY SMALLCAP 500,27 Feb 2018,-,-,-,7242.36,NIFTY SMALLCAP 500
NIFTY SMALLCAP 500,26 Feb 2018,-,-,-,7274.16,NIFTY SMALLCAP 500
NIFTY SMALLCAP 500,23 Feb 2018,-,-,-,7204.19,NIFTY SMALLCAP 500
NIFTY SMALLCAP 500,22 Feb 2018,-,-,-,7094.56,NIFTY SMALLCAP 500
NIFTY SMALLCAP 500,21 Feb 2018,-,-,-,7134.85,NIFTY SMALLCAP 500
NIFTY SMALLCAP 500,20 Feb 2018,-,-,-,7156.39,NIFTY SMALLCAP 500
NIFTY SMALLCAP 500,19 Feb 2018,-,-,-,7167.72,NIFTY SMALLCAP 500
NIFTY SMALLCAP 500,16 Feb 2018,-,-,-,7246.54,NIFTY SMALLCAP 500
NIFTY SMALLCAP 500,15 Feb 2018,-,-,-,7348.93,NIFTY SMALLCAP 500
NIFTY SMALLCAP 500,14 Feb 2018,-,-,-,7450.0,NIFTY SMALLCAP 500
NIFTY SMALLCAP 500,12 Feb 2018,-,-,-,7453.41,NIFTY SMALLCAP 500
NIFTY SMALLCAP 500,09 Feb 2018,-,-,-,7324.98,NIFTY SMALLCAP 500
NIFTY SMALLCAP 500,08 Feb 2018,-,-,-,7300.64,NIFTY SMALLCAP 500
NIFTY SMALLCAP 500,07 Feb 2018,-,-,-,7121.32,NIFTY SMALLCAP 500
NIFTY SMALLCAP 500,06 Feb 2018,-,-,-,6968.87,NIFTY SMALLCAP 500
NIFTY SMALLCAP 500,05 Feb 2018,-,-,-,7138.15,NIFTY SMALLCAP 500
NIFTY SMALLCAP 500,02 Feb 2018,-,-,-,7144.79,NIFTY SMALLCAP 500
NIFTY SMALLCAP 500,01 Feb 2018,-,-,-,7513.45,NIFTY SMALLCAP 500
NIFTY SMALLCAP 500,31 Jan 2018,-,-,-,7513.59,NIFTY SMALLCAP 500
NIFTY SMALLCAP 500,30 Jan 2018,-,-,-,7585.37,NIFTY SMALLCAP 500
NIFTY SMALLCAP 500,29 Jan 2018,-,-,-,7697.59,NIFTY SMALLCAP 500
NIFTY SMALLCAP 500,25 Jan 2018,-,-,-,7794.98,NIFTY SMALLCAP 500
NIFTY SMALLCAP 500,24 Jan 2018,-,-,-,7849.32,NIFTY SMALLCAP 500
NIFTY SMALLCAP 500,23 Jan 2018,-,-,-,7922.6,NIFTY SMALLCAP 500
NIFTY SMALLCAP 500,22 Jan 2018,-,-,-,7896.35,NIFTY SMALLCAP 500
NIFTY SMALLCAP 500,19 Jan 2018,-,-,-,7834.15,NIFTY SMALLCAP 500
NIFTY SMALLCAP 500,18 Jan 2018,-,-,-,7768.92,NIFTY SMALLCAP 500
NIFTY SMALLCAP 500,17 Jan 2018,-,-,-,7947.54,NIFTY SMALLCAP 500
NIFTY SMALLCAP 500,16 Jan 2018,-,-,-,7920.6,NIFTY SMALLCAP 500
NIFTY SMALLCAP 500,15 Jan 2018,-,-,-,8122.51,NIFTY SMALLCAP 500
NIFTY SMALLCAP 500,12 Jan 2018,-,-,-,8095.73,NIFTY SMALLCAP 500
NIFTY SMALLCAP 500,11 Jan 2018,-,-,-,8097.39,NIFTY SMALLCAP 500
NIFTY SMALLCAP 500,10 Jan 2018,-,-,-,8070.09,NIFTY SMALLCAP 500
NIFTY SMALLCAP 500,09 Jan 2018,-,-,-,8067.08,NIFTY SMALLCAP 500
NIFTY SMALLCAP 500,08 Jan 2018,-,-,-,8064.22,NIFTY SMALLCAP 500
NIFTY SMALLCAP 500,05 Jan 2018,-,-,-,7977.66,NIFTY SMALLCAP 500
NIFTY SMALLCAP 500,04 Jan 2018,-,-,-,7903.34,NIFTY SMALLCAP 500
NIFTY SMALLCAP 500,03 Jan 2018,-,-,-,7819.63,NIFTY SMALLCAP 500
NIFTY SMALLCAP 500,02 Jan 2018,-,-,-,7733.73,NIFTY SMALLCAP 500
NIFTY SMALLCAP 500,01 Jan 2018,-,-,-,7773.58,NIFTY SMALLCAP 500
